1187913600,GD,Buy,66.33,0.8354345240914253,276
1188172801,GD,Stop-Sell,65.66,0,-1
1188518400,CP,Buy,64.28,0.909490103470655,279
1188864001,CP,Stop-Sell,63.05,0,-1
1189468800,GD,Buy,66.61,0.8354345240914254,364
1189555201,GD,Stop-Sell,65.78,0,-1
1189641602,GD,Stop-Sell,67.27,0,-1
1190073600,UNP,Buy,25.4,0.21806177091012613,100
1190073600,CP,Buy,64.52,0.9094901034706551,562
1190160001,UNP,Stop-Sell,25.17,0,-1
1190160001,CP,Stop-Sell,63.69,0,-1
1191196800,IWM,Buy,76.77,0.9336459161048386,1
1191196800,CP,Buy,65.61,0.9124548564059162,526
1191283201,CP,Stop-Sell,64.09,0,-1
1191283201,IWM,Stop-Sell,75.29,0,-1
1191369602,IWM,Stop-Sell,76.62,0,-1
1191542400,UNP,Buy,25.63,0.2180617709101261,24
1191542400,CP,Buy,67.71,0.9124548564059161,115
1191801601,UNP,Stop-Sell,25.1,0,-1
1191801601,CP,Stop-Sell,64.27,0,-1
1191888002,UNP,Stop-Sell,25.51,0,-1
1191888002,CP,Stop-Sell,66.33,0,-1
1192665600,ALL,Sell,45.1,0.8148377655624025,15
1192752000,IWM,Sell,73.66,0.9336459161048385,2
1192752001,ALL,Stop-Buy,46.99,0,-1
1192752002,ALL,Stop-Buy,46.37,0,-1
1193011201,IWM,Stop-Buy,76.01,0,-1
1193011202,ALL,Stop-Buy,46.31,0,-1
1193011202,IWM,Stop-Buy,75.33,0,-1
1193097602,ALL,Stop-Buy,46.25,0,-1
1193184002,ALL,Stop-Buy,46.18,0,-1
1193270402,ALL,Stop-Buy,46.11,0,-1
1193356802,ALL,Stop-Buy,46.05,0,-1
1193616002,ALL,Stop-Buy,45.98,0,-1
1193702402,ALL,Stop-Buy,45.91,0,-1
1193788802,ALL,Stop-Buy,45.84,0,-1
1193875200,IWM,Sell,73.7,0.9336459161048385,3
1193875202,ALL,Stop-Buy,45.77,0,-1
1193961601,IWM,Stop-Buy,75.82,0,-1
1193961602,ALL,Stop-Buy,45.69,0,-1
1193961602,IWM,Stop-Buy,75.14,0,-1
1194220802,ALL,Stop-Buy,45.6,0,-1
1194220802,IWM,Stop-Buy,75.09,0,-1
1194307202,ALL,Stop-Buy,45.53,0,-1
1194307202,IWM,Stop-Buy,75.05,0,-1
1194393602,ALL,Stop-Buy,45.44,0,-1
1194393602,IWM,Stop-Buy,74.99,0,-1
1194480002,ALL,Stop-Buy,45.37,0,-1
1194480002,IWM,Stop-Buy,74.93,0,-1
1194566400,AMZN,Sell,78.69,1.0,23
1194566402,ALL,Stop-Buy,45.3,0,-1
1194566402,IWM,Stop-Buy,74.86,0,-1
1194825601,AMZN,Stop-Buy,82.26,0,-1
1194825602,AMZN,Stop-Buy,81.63,0,-1
1194825602,ALL,Stop-Buy,45.24,0,-1
1194825602,IWM,Stop-Buy,74.79,0,-1
1194912002,AMZN,Stop-Buy,81.74,0,-1
1194912002,ALL,Stop-Buy,45.19,0,-1
1194912002,IWM,Stop-Buy,74.75,0,-1
1194998402,AMZN,Stop-Buy,81.84,0,-1
1194998402,ALL,Stop-Buy,45.13,0,-1
1194998402,IWM,Stop-Buy,74.71,0,-1
1195084802,AMZN,Stop-Buy,81.94,0,-1
1195084802,ALL,Stop-Buy,45.07,0,-1
1195084802,IWM,Stop-Buy,74.67,0,-1
1195171202,AMZN,Stop-Buy,82.05,0,-1
1195171202,ALL,Stop-Buy,45.01,0,-1
1195171202,IWM,Stop-Buy,74.6,0,-1
1195430402,AMZN,Stop-Buy,82.15,0,-1
1195430402,ALL,Stop-Buy,44.93,0,-1
1195430402,IWM,Stop-Buy,74.52,0,-1
1195516802,AMZN,Stop-Buy,82.27,0,-1
1195516802,ALL,Stop-Buy,44.85,0,-1
1195516802,IWM,Stop-Buy,74.44,0,-1
1195603202,AMZN,Stop-Buy,82.37,0,-1
1195603202,ALL,Stop-Buy,44.75,0,-1
1195603202,IWM,Stop-Buy,74.34,0,-1
1195776002,AMZN,Stop-Buy,82.49,0,-1
1195776002,ALL,Stop-Buy,44.66,0,-1
1195776002,IWM,Stop-Buy,74.26,0,-1
1196035202,ALL,Stop-Buy,44.56,0,-1
1196035202,IWM,Stop-Buy,74.15,0,-1
1196121600,AMZN,Buy,85.79,1.0,23
1196121602,ALL,Stop-Buy,44.47,0,-1
1196121602,IWM,Stop-Buy,74.05,0,-1
1196208001,AMZN,Stop-Sell,82.78,0,-1
1196208002,ALL,Stop-Buy,44.07,0,-1
1196208002,IWM,Stop-Buy,73.97,0,-1
1196294402,AMZN,Stop-Sell,83.15,0,-1
1196294402,ALL,Stop-Buy,44.32,0,-1
1196294402,IWM,Stop-Buy,73.9,0,-1
1196380802,AMZN,Stop-Sell,90.31,0,-1
1196380802,ALL,Stop-Buy,44.25,0,-1
1196380802,IWM,Stop-Buy,73.83,0,-1
1196640002,ALL,Stop-Buy,44.17,0,-1
1196640002,IWM,Stop-Buy,73.75,0,-1
1196726402,ALL,Stop-Buy,44.09,0,-1
1196726402,IWM,Stop-Buy,73.65,0,-1
1196812802,ALL,Stop-Buy,44.03,0,-1
1196812802,IWM,Stop-Buy,73.58,0,-1
1196899202,ALL,Stop-Buy,43.97,0,-1
1196899202,IWM,Stop-Buy,73.52,0,-1
1196985602,ALL,Stop-Buy,43.91,0,-1
1197244800,IWM,Buy,74.05,0.9336459161048388,8
1197244800,ALL,Buy,44.63,0.8208153399043661,58
1197331201,ALL,Stop-Sell,43.88,0,-1
1197331201,IWM,Stop-Sell,73.41,0,-1
1197849600,AMZN,Sell,84.89,1.0,27
1197936001,AMZN,Stop-Buy,85.89,0,-1
1197936002,AMZN,Stop-Buy,85.22,0,-1
1198454400,IWM,Buy,74.1,0.9336459161048386,8
1198627201,IWM,Stop-Sell,73.14,0,-1
1199664000,UNP,Sell,26.0,0.2188329884907101,160
1199750400,GD,Sell,71.62,0.8383440474730333,772
1199750401,UNP,Stop-Buy,26.29,0,-1
1199750402,UNP,Stop-Buy,26.16,0,-1
1199836800,AMZN,Sell,85.02,1.0,2
1199836801,GD,Stop-Buy,72.35,0,-1
1199836802,GD,Stop-Buy,71.87,0,-1
1199836802,UNP,Stop-Buy,26.18,0,-1
1199923201,AMZN,Stop-Buy,87.97,0,-1
1199923202,AMZN,Stop-Buy,87.36,0,-1
1199923202,UNP,Stop-Buy,26.21,0,-1
1200009602,AMZN,Stop-Buy,84.28,0,-1
1200009602,UNP,Stop-Buy,26.21,0,-1
1200268802,AMZN,Stop-Buy,87.48,0,-1
1200268802,UNP,Stop-Buy,26.23,0,-1
1200355200,GD,Sell,71.36,0.8383440474730334,513
1200355202,AMZN,Stop-Buy,80.73,0,-1
1200355202,UNP,Stop-Buy,26.23,0,-1
1200441600,AAPL,Sell,21.57,0.1352772335721434,1
1200441600,GOOGL,Sell,307.88,0.5,2
1200441601,GD,Stop-Buy,72.77,0,-1
1200441602,GD,Stop-Buy,71.99,0,-1
1200441602,UNP,Stop-Buy,26.24,0,-1
1200528001,AAPL,Stop-Buy,22.89,0,-1
1200528001,GOOGL,Stop-Buy,316.28,0,-1
1200528002,AAPL,Stop-Buy,22.83,0,-1
1200528002,UNP,Stop-Buy,26.23,0,-1
1200528002,GOOGL,Stop-Buy,316.36,0,-1
1200614402,AAPL,Stop-Buy,22.87,0,-1
1200614402,UNP,Stop-Buy,26.24,0,-1
1200614402,GOOGL,Stop-Buy,316.8,0,-1
1200960000,UNH,Sell,47.39,0.9288363885256258,22
1200960002,AAPL,Stop-Buy,22.91,0,-1
1200960002,UNP,Stop-Buy,26.25,0,-1
1200960002,GOOGL,Stop-Buy,317.19,0,-1
1201046401,UNH,Stop-Buy,48.82,0,-1
1201046402,AAPL,Stop-Buy,22.92,0,-1
1201046402,UNP,Stop-Buy,26.26,0,-1
1201046402,GOOGL,Stop-Buy,317.37,0,-1
1201046402,UNH,Stop-Buy,48.19,0,-1
1201132802,AAPL,Stop-Buy,22.92,0,-1
1201132802,GOOGL,Stop-Buy,317.68,0,-1
1201132802,UNH,Stop-Buy,48.19,0,-1
1201219200,GILD,Sell,42.33,0.987481221832749,21
1201219202,AAPL,Stop-Buy,22.91,0,-1
1201219202,GOOGL,Stop-Buy,317.94,0,-1
1201219202,UNH,Stop-Buy,48.19,0,-1
1201478401,GILD,Stop-Buy,43.63,0,-1
1201478402,AAPL,Stop-Buy,22.89,0,-1
1201478402,GILD,Stop-Buy,43.0,0,-1
1201478402,GOOGL,Stop-Buy,318.09,0,-1
1201564802,AAPL,Stop-Buy,22.88,0,-1
1201564802,GILD,Stop-Buy,43.06,0,-1
1201564802,GOOGL,Stop-Buy,318.21,0,-1
1201651202,AAPL,Stop-Buy,22.88,0,-1
1201651202,GOOGL,Stop-Buy,318.33,0,-1
1201737600,GILD,Buy,45.32,0.987481221832749,58
1201737600,WHR,Buy,71.24,0.8332797342732094,168
1201737602,AAPL,Stop-Buy,22.88,0,-1
1201737602,GOOGL,Stop-Buy,318.55,0,-1
1201824001,WHR,Stop-Sell,68.54,0,-1
1201824001,GILD,Stop-Sell,43.21,0,-1
1201824002,AAPL,Stop-Buy,22.88,0,-1
1201824002,GOOGL,Stop-Buy,318.56,0,-1
1202083202,AAPL,Stop-Buy,22.87,0,-1
1202083202,GILD,Stop-Sell,43.37,0,-1
1202083202,GOOGL,Stop-Buy,318.43,0,-1
1202169602,AAPL,Stop-Buy,22.86,0,-1
1202169602,GILD,Stop-Sell,43.43,0,-1
1202169602,GOOGL,Stop-Buy,318.35,0,-1
1202256002,AAPL,Stop-Buy,22.84,0,-1
1202256002,GILD,Stop-Sell,43.5,0,-1
1202256002,GOOGL,Stop-Buy,318.24,0,-1
1202342400,GILD,Sell,43.68,0.987481221832749,63
1202342402,AAPL,Stop-Buy,22.82,0,-1
1202342402,GOOGL,Stop-Buy,318.12,0,-1
1202428801,GILD,Stop-Buy,44.25,0,-1
1202428802,AAPL,Stop-Buy,22.8,0,-1
1202428802,GILD,Stop-Buy,43.63,0,-1
1202428802,GOOGL,Stop-Buy,318.08,0,-1
1202688002,AAPL,Stop-Buy,22.78,0,-1
1202688002,GOOGL,Stop-Buy,318.01,0,-1
1202774402,AAPL,Stop-Buy,22.76,0,-1
1202774402,GOOGL,Stop-Buy,317.86,0,-1
1202860802,AAPL,Stop-Buy,22.75,0,-1
1202860802,GOOGL,Stop-Buy,317.77,0,-1
1202947202,AAPL,Stop-Buy,22.73,0,-1
1202947202,GOOGL,Stop-Buy,317.63,0,-1
1203033602,AAPL,Stop-Buy,22.69,0,-1
1203033602,GOOGL,Stop-Buy,317.44,0,-1
1203379202,AAPL,Stop-Buy,22.65,0,-1
1203379202,GOOGL,Stop-Buy,317.14,0,-1
1203465602,AAPL,Stop-Buy,22.61,0,-1
1203465602,GOOGL,Stop-Buy,316.84,0,-1
1203552000,GILD,Sell,43.18,0.987481221832749,33
1203552002,AAPL,Stop-Buy,22.57,0,-1
1203552002,GOOGL,Stop-Buy,316.52,0,-1
1203638401,GILD,Stop-Buy,44.72,0,-1
1203638402,AAPL,Stop-Buy,22.52,0,-1
1203638402,GILD,Stop-Buy,44.05,0,-1
1203638402,GOOGL,Stop-Buy,316.22,0,-1
1203897602,AAPL,Stop-Buy,22.47,0,-1
1203897602,GILD,Stop-Buy,44.06,0,-1
1203897602,GOOGL,Stop-Buy,315.74,0,-1
1203984002,AAPL,Stop-Buy,22.42,0,-1
1203984002,GOOGL,Stop-Buy,315.14,0,-1
1204070402,AAPL,Stop-Buy,22.37,0,-1
1204070402,GOOGL,Stop-Buy,314.59,0,-1
1204156800,GILD,Buy,45.09,0.987481221832749,13
1204156802,AAPL,Stop-Buy,22.34,0,-1
1204156802,GOOGL,Stop-Buy,314.07,0,-1
1204243201,GILD,Stop-Sell,44.15,0,-1
1204243202,AAPL,Stop-Buy,22.29,0,-1
1204243202,GOOGL,Stop-Buy,313.45,0,-1
1204502402,AAPL,Stop-Buy,22.22,0,-1
1204502402,GILD,Stop-Sell,46.95,0,-1
1204502402,GOOGL,Stop-Buy,312.69,0,-1
1204588802,AAPL,Stop-Buy,22.17,0,-1
1204588802,GILD,Stop-Sell,47.27,0,-1
1204588802,GOOGL,Stop-Buy,311.84,0,-1
1204675202,AAPL,Stop-Buy,22.11,0,-1
1204675202,GILD,Stop-Sell,48.1,0,-1
1204675202,GOOGL,Stop-Buy,310.95,0,-1
1204761600,CVS,Sell,35.81,0.9183286188198887,115
1204761602,AAPL,Stop-Buy,22.05,0,-1
1204761602,GOOGL,Stop-Buy,310.0,0,-1
1204848001,CVS,Stop-Buy,36.68,0,-1
1204848002,AAPL,Stop-Buy,21.99,0,-1
1204848002,CVS,Stop-Buy,36.03,0,-1
1204848002,GOOGL,Stop-Buy,308.98,0,-1
1205107202,AAPL,Stop-Buy,21.93,0,-1
1205107202,GOOGL,Stop-Buy,307.95,0,-1
1205193602,AAPL,Stop-Buy,21.87,0,-1
1205193602,GOOGL,Stop-Buy,307.07,0,-1
1205280002,AAPL,Stop-Buy,21.81,0,-1
1205280002,GOOGL,Stop-Buy,306.1,0,-1
1205366402,AAPL,Stop-Buy,21.75,0,-1
1205366402,GOOGL,Stop-Buy,305.12,0,-1
1205452800,CP,Sell,60.13,0.9124548564059161,591
1205452802,AAPL,Stop-Buy,21.69,0,-1
1205452802,GOOGL,Stop-Buy,304.08,0,-1
1205712001,CP,Stop-Buy,60.97,0,-1
1205712002,AAPL,Stop-Buy,21.62,0,-1
1205712002,GOOGL,Stop-Buy,302.93,0,-1
1205712002,CP,Stop-Buy,60.29,0,-1
1205798400,UNP,Buy,28.44,0.21964368576220897,36
1205798402,AAPL,Stop-Buy,21.55,0,-1
1205798402,GOOGL,Stop-Buy,301.75,0,-1
1205884801,UNP,Stop-Sell,27.09,0,-1
1205884802,AAPL,Stop-Buy,21.47,0,-1
1205884802,GOOGL,Stop-Buy,300.53,0,-1
1205971202,AAPL,Stop-Buy,21.41,0,-1
1205971202,GOOGL,Stop-Buy,299.35,0,-1
1206316802,AAPL,Stop-Buy,21.35,0,-1
1206316802,GOOGL,Stop-Buy,298.28,0,-1
1206403202,AAPL,Stop-Buy,21.29,0,-1
1206403202,GOOGL,Stop-Buy,297.14,0,-1
1206489602,AAPL,Stop-Buy,21.23,0,-1
1206489602,GOOGL,Stop-Buy,295.96,0,-1
1206576000,FDX,Buy,88.25,0.9601079052003411,78
1206576002,AAPL,Stop-Buy,21.16,0,-1
1206576002,GOOGL,Stop-Buy,294.64,0,-1
1206662401,FDX,Stop-Sell,87.56,0,-1
1206662402,AAPL,Stop-Buy,21.1,0,-1
1206662402,GOOGL,Stop-Buy,293.32,0,-1
1206921602,AAPL,Stop-Buy,21.04,0,-1
1206921602,GOOGL,Stop-Buy,291.96,0,-1
1207008000,ALL,Buy,41.38,0.8280200988288104,208
1207008000,VIAB,Buy,37.7,0.9169797469336981,497
1207008002,AAPL,Stop-Buy,20.99,0,-1
1207008002,GOOGL,Stop-Buy,290.66,0,-1
1207094401,ALL,Stop-Sell,40.63,0,-1
1207094401,VIAB,Stop-Sell,36.93,0,-1
1207094402,AAPL,Stop-Buy,20.93,0,-1
1207094402,GOOGL,Stop-Buy,289.28,0,-1
1207180802,AAPL,Stop-Buy,20.89,0,-1
1207180802,GOOGL,Stop-Buy,287.89,0,-1
1207267202,GOOGL,Stop-Buy,286.78,0,-1
1207526402,GOOGL,Stop-Buy,285.85,0,-1
1207612802,GOOGL,Stop-Buy,285.02,0,-1
1207699202,GOOGL,Stop-Buy,284.04,0,-1
1207785602,GOOGL,Stop-Buy,283.18,0,-1
1207872002,GOOGL,Stop-Buy,282.32,0,-1
1208131202,GOOGL,Stop-Buy,281.41,0,-1
1208217602,GOOGL,Stop-Buy,280.51,0,-1
1208304000,AAPL,Buy,20.82,0.13527723357214338,5
1208304000,GD,Buy,72.84,0.8447045143250702,170
1208304002,GOOGL,Stop-Buy,279.55,0,-1
1208390401,AAPL,Stop-Sell,20.71,0,-1
1208390401,GD,Stop-Sell,71.71,0,-1
1208390402,GOOGL,Stop-Buy,278.49,0,-1
1208476800,AMZN,Buy,80.3,1.0,11
1208476802,AAPL,Stop-Sell,21.48,0,-1
1208476802,GD,Stop-Sell,73.43,0,-1
1208476802,GOOGL,Stop-Buy,277.8,0,-1
1208736001,AMZN,Stop-Sell,78.26,0,-1
1208736002,AAPL,Stop-Sell,21.93,0,-1
1208736002,GD,Stop-Sell,74.13,0,-1
1208736002,GOOGL,Stop-Buy,277.16,0,-1
1208822400,GOOGL,Buy,277.6,0.5,0
1208908801,GOOGL,Stop-Sell,276.57,0,-1
1208995200,ALL,Buy,41.51,0.8280200988288102,82
1208995200,IWM,Buy,66.69,0.9336459161048382,858
1209081601,ALL,Stop-Sell,40.36,0,-1
1209081601,IWM,Stop-Sell,66.12,0,-1
1209340800,GOOGL,Buy,276.16,0.5,3
1209340802,ALL,Stop-Sell,41.03,0,-1
1209340802,IWM,Stop-Sell,66.98,0,-1
1209427201,GOOGL,Stop-Sell,273.68,0,-1
1209427202,ALL,Stop-Sell,41.25,0,-1
1209513602,ALL,Stop-Sell,41.49,0,-1
1209513602,GOOGL,Stop-Sell,281.01,0,-1
1209600002,ALL,Stop-Sell,41.36,0,-1
1209600002,GOOGL,Stop-Sell,289.03,0,-1
1209686402,ALL,Stop-Sell,42.76,0,-1
1209686402,GOOGL,Stop-Sell,290.52,0,-1
1209945602,GOOGL,Stop-Sell,297.32,0,-1
1210896000,AMZN,Buy,76.66,1.0,175
1211155201,AMZN,Stop-Sell,75.66,0,-1
1211241602,AMZN,Stop-Sell,75.45,0,-1
1211328002,AMZN,Stop-Sell,75.29,0,-1
1211414402,AMZN,Stop-Sell,75.14,0,-1
1211500802,AMZN,Stop-Sell,75.0,0,-1
1211846402,AMZN,Stop-Sell,74.84,0,-1
1211932802,AMZN,Stop-Sell,74.69,0,-1
1212019202,AMZN,Stop-Sell,74.61,0,-1
1212105602,AMZN,Stop-Sell,80.33,0,-1
1212451200,FDX,Sell,86.16,0.9601079052003408,255
1212537601,FDX,Stop-Buy,87.43,0,-1
1212537602,FDX,Stop-Buy,86.83,0,-1
1212710400,FDX,Sell,85.12,0.9601079052003414,106
1212969601,FDX,Stop-Buy,87.63,0,-1
1212969602,FDX,Stop-Buy,87.02,0,-1
1214179200,CVS,Sell,36.8,0.9196917983629166,43
1214265601,CVS,Stop-Buy,37.84,0,-1
1214265602,CVS,Stop-Buy,37.22,0,-1
1214352000,GD,Sell,72.52,0.8447045143250704,115
1214438401,GD,Stop-Buy,73.36,0,-1
1214438402,GD,Stop-Buy,72.75,0,-1
1214524800,AMZN,Sell,74.46,1.0,28
1214524802,GD,Stop-Buy,72.76,0,-1
1214784001,AMZN,Stop-Buy,75.54,0,-1
1214784002,AMZN,Stop-Buy,74.89,0,-1
1214784002,GD,Stop-Buy,72.77,0,-1
1214870402,AMZN,Stop-Buy,74.92,0,-1
1214870402,GD,Stop-Buy,72.47,0,-1
1214956802,AMZN,Stop-Buy,74.3,0,-1
1214956802,GD,Stop-Buy,72.77,0,-1
1215043202,AMZN,Stop-Buy,72.6,0,-1
1215043202,GD,Stop-Buy,72.77,0,-1
1215388802,GD,Stop-Buy,72.76,0,-1
1215475202,GD,Stop-Buy,72.76,0,-1
1215561602,GD,Stop-Buy,72.75,0,-1
1215648002,GD,Stop-Buy,72.75,0,-1
1215734402,GD,Stop-Buy,72.73,0,-1
1215993602,GD,Stop-Buy,72.71,0,-1
1216080000,GOOGL,Sell,257.94,0.5,16
1216080002,GD,Stop-Buy,72.71,0,-1
1216166401,GOOGL,Stop-Buy,258.97,0,-1
1216166402,GD,Stop-Buy,72.7,0,-1
1216166402,GOOGL,Stop-Buy,258.76,0,-1
1216252802,GD,Stop-Buy,72.68,0,-1
1216339200,GOOGL,Sell,240.56,0.5,0
1216339202,GD,Stop-Buy,72.68,0,-1
1216598401,GOOGL,Stop-Buy,259.43,0,-1
1216598402,GD,Stop-Buy,72.67,0,-1
1216598402,GOOGL,Stop-Buy,259.06,0,-1
1216684800,IWM,Buy,66.91,0.9336459161048392,4
1216684802,GD,Stop-Buy,72.68,0,-1
1216684802,GOOGL,Stop-Buy,259.07,0,-1
1216771200,GD,Buy,75.89,0.8482405337009079,34
1216771201,IWM,Stop-Sell,65.53,0,-1
1216771202,GOOGL,Stop-Buy,259.16,0,-1
1216857600,AMZN,Buy,78.92,1.0,3
1216857601,GD,Stop-Sell,72.75,0,-1
1216857602,GOOGL,Stop-Buy,259.25,0,-1
1216944001,AMZN,Stop-Sell,74.77,0,-1
1216944002,GD,Stop-Sell,74.31,0,-1
1216944002,GOOGL,Stop-Buy,259.49,0,-1
1217203202,AMZN,Stop-Sell,75.01,0,-1
1217203202,GD,Stop-Sell,74.36,0,-1
1217203202,GOOGL,Stop-Buy,259.64,0,-1
1217289600,WHR,Buy,64.59,0.842308653631027,156
1217289602,AMZN,Stop-Sell,75.16,0,-1
1217289602,GOOGL,Stop-Buy,259.89,0,-1
1217376001,WHR,Stop-Sell,62.49,0,-1
1217376002,AMZN,Stop-Sell,75.3,0,-1
1217376002,GOOGL,Stop-Buy,260.13,0,-1
1217462402,WHR,Stop-Sell,62.73,0,-1
1217462402,AMZN,Stop-Sell,75.43,0,-1
1217462402,GOOGL,Stop-Buy,260.43,0,-1
1217548802,GOOGL,Stop-Buy,260.57,0,-1
1217808002,GOOGL,Stop-Buy,260.69,0,-1
1217894402,GOOGL,Stop-Buy,260.87,0,-1
1217980802,GOOGL,Stop-Buy,261.12,0,-1
1218067202,GOOGL,Stop-Buy,261.41,0,-1
1218153600,AAPL,Buy,22.96,0.13527723357214338,2
1218153600,FDX,Buy,84.94,0.9613278644191474,53
1218153602,GOOGL,Stop-Buy,261.69,0,-1
1218412801,AAPL,Stop-Sell,22.79,0,-1
1218412801,FDX,Stop-Sell,83.52,0,-1
1218412802,GOOGL,Stop-Buy,262.03,0,-1
1218499202,AAPL,Stop-Sell,23.44,0,-1
1218499202,GOOGL,Stop-Buy,262.38,0,-1
1218585602,AAPL,Stop-Sell,24.04,0,-1
1218585602,GOOGL,Stop-Buy,262.58,0,-1
1218672002,AAPL,Stop-Sell,24.09,0,-1
1218672002,GOOGL,Stop-Buy,262.85,0,-1
1218758402,GOOGL,Stop-Buy,263.11,0,-1
1219017602,GOOGL,Stop-Buy,263.38,0,-1
1219104002,GOOGL,Stop-Buy,263.64,0,-1
1219190402,GOOGL,Stop-Buy,263.87,0,-1
1219276800,CF,Buy,137.63,0.9443449759552834,31
1219276802,GOOGL,Stop-Buy,263.97,0,-1
1219363201,CF,Stop-Sell,135.66,0,-1
1219363202,GOOGL,Stop-Buy,264.1,0,-1
1219622402,GOOGL,Stop-Buy,264.23,0,-1
1219708802,GOOGL,Stop-Buy,264.25,0,-1
1219795202,GOOGL,Stop-Buy,264.21,0,-1
1219881602,GOOGL,Stop-Buy,264.24,0,-1
1219968000,AAPL,Sell,22.91,0.13527723357214344,2
1219968002,GOOGL,Stop-Buy,264.23,0,-1
1220313600,CF,Sell,130.15,0.9443449759552838,22
1220313601,AAPL,Stop-Buy,23.49,0,-1
1220313602,AAPL,Stop-Buy,23.41,0,-1
1220313602,GOOGL,Stop-Buy,264.21,0,-1
1220400001,CF,Stop-Buy,137.81,0,-1
1220400002,AAPL,Stop-Buy,23.44,0,-1
1220400002,GOOGL,Stop-Buy,264.25,0,-1
1220400002,CF,Stop-Buy,137.12,0,-1
1220486400,IWM,Sell,66.87,0.9336459161048388,2
1220486400,GD,Sell,72.18,0.848240533700908,44
1220486400,AMZN,Sell,77.83,1.0,79
1220486402,AAPL,Stop-Buy,23.46,0,-1
1220486402,GOOGL,Stop-Buy,264.24,0,-1
1220486402,CF,Stop-Buy,124.74,0,-1
1220572801,AMZN,Stop-Buy,78.39,0,-1
1220572801,GD,Stop-Buy,75.27,0,-1
1220572801,IWM,Stop-Buy,67.38,0,-1
1220572802,AAPL,Stop-Buy,23.47,0,-1
1220572802,AMZN,Stop-Buy,77.76,0,-1
1220572802,GD,Stop-Buy,74.7,0,-1
1220572802,GOOGL,Stop-Buy,264.23,0,-1
1220572802,CF,Stop-Buy,136.81,0,-1
1220572802,IWM,Stop-Buy,66.75,0,-1
1220832002,AAPL,Stop-Buy,23.48,0,-1
1220832002,GD,Stop-Buy,74.7,0,-1
1220832002,GOOGL,Stop-Buy,264.05,0,-1
1220832002,CF,Stop-Buy,128.22,0,-1
1220918402,AAPL,Stop-Buy,23.47,0,-1
1220918402,GD,Stop-Buy,74.69,0,-1
1220918402,GOOGL,Stop-Buy,263.9,0,-1
1220918402,CF,Stop-Buy,111.0,0,-1
1221004800,AMZN,Sell,76.54,1.0,15
1221004802,AAPL,Stop-Buy,23.46,0,-1
1221004802,GD,Stop-Buy,74.64,0,-1
1221004802,GOOGL,Stop-Buy,263.27,0,-1
1221004802,CF,Stop-Buy,103.75,0,-1
1221091201,AMZN,Stop-Buy,78.54,0,-1
1221091202,AAPL,Stop-Buy,23.44,0,-1
1221091202,AMZN,Stop-Buy,77.83,0,-1
1221091202,GD,Stop-Buy,74.62,0,-1
1221091202,GOOGL,Stop-Buy,262.75,0,-1
1221177602,AAPL,Stop-Buy,23.42,0,-1
1221177602,GD,Stop-Buy,74.6,0,-1
1221177602,GOOGL,Stop-Buy,262.17,0,-1
1221436800,IWM,Sell,64.24,0.9336459161048385,7
1221436800,UNP,Sell,31.96,0.4419483014857255,81
1221436802,AAPL,Stop-Buy,23.39,0,-1
1221436802,GD,Stop-Buy,74.57,0,-1
1221436802,GOOGL,Stop-Buy,261.6,0,-1
1221523201,UNP,Stop-Buy,33.58,0,-1
1221523201,IWM,Stop-Buy,67.42,0,-1
1221523202,AAPL,Stop-Buy,23.36,0,-1
1221523202,GD,Stop-Buy,74.54,0,-1
1221523202,UNP,Stop-Buy,33.29,0,-1
1221523202,GOOGL,Stop-Buy,261.1,0,-1
1221523202,IWM,Stop-Buy,66.77,0,-1
1221609602,AAPL,Stop-Buy,23.3,0,-1
1221609602,GD,Stop-Buy,74.47,0,-1
1221609602,UNP,Stop-Buy,33.3,0,-1
1221609602,GOOGL,Stop-Buy,260.46,0,-1
1221609602,IWM,Stop-Buy,66.73,0,-1
1221696002,AAPL,Stop-Buy,23.25,0,-1
1221696002,GD,Stop-Buy,74.42,0,-1
1221696002,UNP,Stop-Buy,33.31,0,-1
1221696002,GOOGL,Stop-Buy,259.89,0,-1
1221782400,AMZN,Buy,81.2,1.0,52
1221782402,AAPL,Stop-Buy,23.2,0,-1
1221782402,GD,Stop-Buy,74.35,0,-1
1221782402,GOOGL,Stop-Buy,259.34,0,-1
1222041601,AMZN,Stop-Sell,77.65,0,-1
1222041602,AAPL,Stop-Buy,23.14,0,-1
1222041602,GD,Stop-Buy,74.28,0,-1
1222041602,GOOGL,Stop-Buy,258.62,0,-1
1222128000,IWM,Sell,66.09,0.9336459161048386,7
1222128002,AAPL,Stop-Buy,23.07,0,-1
1222128002,GD,Stop-Buy,74.19,0,-1
1222128002,GOOGL,Stop-Buy,257.8,0,-1
1222214400,FDX,Sell,79.22,0.9625739882122909,51
1222214401,IWM,Stop-Buy,67.39,0,-1
1222214402,AAPL,Stop-Buy,23.0,0,-1
1222214402,GD,Stop-Buy,74.09,0,-1
1222214402,GOOGL,Stop-Buy,257.07,0,-1
1222214402,IWM,Stop-Buy,66.57,0,-1
1222300801,FDX,Stop-Buy,81.58,0,-1
1222300802,AAPL,Stop-Buy,22.93,0,-1
1222300802,FDX,Stop-Buy,80.78,0,-1
1222300802,GD,Stop-Buy,73.97,0,-1
1222300802,GOOGL,Stop-Buy,256.3,0,-1
1222387202,AAPL,Stop-Buy,22.85,0,-1
1222387202,FDX,Stop-Buy,80.63,0,-1
1222387202,GD,Stop-Buy,73.85,0,-1
1222387202,GOOGL,Stop-Buy,255.52,0,-1
1222646402,AAPL,Stop-Buy,22.74,0,-1
1222646402,FDX,Stop-Buy,80.49,0,-1
1222646402,GD,Stop-Buy,73.7,0,-1
1222646402,GOOGL,Stop-Buy,254.53,0,-1
1222732802,AAPL,Stop-Buy,22.65,0,-1
1222732802,FDX,Stop-Buy,80.36,0,-1
1222732802,GD,Stop-Buy,73.55,0,-1
1222732802,GOOGL,Stop-Buy,253.62,0,-1
1222819202,AAPL,Stop-Buy,22.55,0,-1
1222819202,FDX,Stop-Buy,80.27,0,-1
1222819202,GD,Stop-Buy,73.39,0,-1
1222819202,GOOGL,Stop-Buy,252.81,0,-1
1222905602,AAPL,Stop-Buy,22.43,0,-1
1222905602,FDX,Stop-Buy,80.15,0,-1
1222905602,GD,Stop-Buy,60.98,0,-1
1222905602,GOOGL,Stop-Buy,251.84,0,-1
1222992000,WHR,Sell,60.06,0.8468163415098243,65
1222992002,AAPL,Stop-Buy,22.3,0,-1
1222992002,FDX,Stop-Buy,80.04,0,-1
1222992002,GD,Stop-Buy,60.39,0,-1
1222992002,GOOGL,Stop-Buy,250.86,0,-1
1223251201,WHR,Stop-Buy,63.29,0,-1
1223251202,WHR,Stop-Buy,62.65,0,-1
1223251202,AAPL,Stop-Buy,22.18,0,-1
1223251202,FDX,Stop-Buy,79.91,0,-1
1223251202,GD,Stop-Buy,57.02,0,-1
1223251202,GOOGL,Stop-Buy,249.83,0,-1
1223337602,WHR,Stop-Buy,62.59,0,-1
1223337602,AAPL,Stop-Buy,22.05,0,-1
1223337602,FDX,Stop-Buy,75.91,0,-1
1223337602,GOOGL,Stop-Buy,248.66,0,-1
1223424002,WHR,Stop-Buy,62.53,0,-1
1223424002,AAPL,Stop-Buy,21.92,0,-1
1223424002,FDX,Stop-Buy,69.31,0,-1
1223424002,GOOGL,Stop-Buy,247.45,0,-1
1223510402,WHR,Stop-Buy,62.45,0,-1
1223510402,AAPL,Stop-Buy,21.79,0,-1
1223510402,GOOGL,Stop-Buy,246.2,0,-1
1223596802,WHR,Stop-Buy,62.41,0,-1
1223596802,AAPL,Stop-Buy,21.67,0,-1
1223596802,GOOGL,Stop-Buy,244.97,0,-1
1223856002,WHR,Stop-Buy,62.41,0,-1
1223856002,AAPL,Stop-Buy,21.57,0,-1
1223856002,GOOGL,Stop-Buy,244.13,0,-1
1223942402,AAPL,Stop-Buy,21.48,0,-1
1223942402,GOOGL,Stop-Buy,243.19,0,-1
1224028802,AAPL,Stop-Buy,21.36,0,-1
1224028802,GOOGL,Stop-Buy,242.17,0,-1
1224115202,AAPL,Stop-Buy,21.25,0,-1
1224115202,GOOGL,Stop-Buy,241.13,0,-1
1224201602,AAPL,Stop-Buy,21.13,0,-1
1224201602,GOOGL,Stop-Buy,240.15,0,-1
1224460802,AAPL,Stop-Buy,21.01,0,-1
1224460802,GOOGL,Stop-Buy,239.13,0,-1
1224547202,AAPL,Stop-Buy,20.88,0,-1
1224547202,GOOGL,Stop-Buy,238.01,0,-1
1224633602,AAPL,Stop-Buy,20.76,0,-1
1224633602,GOOGL,Stop-Buy,236.92,0,-1
1224720002,AAPL,Stop-Buy,20.64,0,-1
1224720002,GOOGL,Stop-Buy,235.84,0,-1
1224806402,AAPL,Stop-Buy,20.52,0,-1
1224806402,GOOGL,Stop-Buy,234.68,0,-1
1225065602,AAPL,Stop-Buy,20.39,0,-1
1225065602,GOOGL,Stop-Buy,233.39,0,-1
1225152002,AAPL,Stop-Buy,20.27,0,-1
1225152002,GOOGL,Stop-Buy,232.4,0,-1
1225238402,AAPL,Stop-Buy,20.17,0,-1
1225238402,GOOGL,Stop-Buy,231.4,0,-1
1225324802,AAPL,Stop-Buy,20.07,0,-1
1225324802,GOOGL,Stop-Buy,230.43,0,-1
1225411202,AAPL,Stop-Buy,19.97,0,-1
1225411202,GOOGL,Stop-Buy,229.5,0,-1
1225670402,AAPL,Stop-Buy,19.88,0,-1
1225670402,GOOGL,Stop-Buy,228.47,0,-1
1225756802,AAPL,Stop-Buy,19.79,0,-1
1225756802,GOOGL,Stop-Buy,227.45,0,-1
1225843202,AAPL,Stop-Buy,19.69,0,-1
1225843202,GOOGL,Stop-Buy,226.29,0,-1
1225929602,AAPL,Stop-Buy,19.58,0,-1
1225929602,GOOGL,Stop-Buy,225.1,0,-1
1226016002,AAPL,Stop-Buy,19.47,0,-1
1226016002,GOOGL,Stop-Buy,223.95,0,-1
1226275202,AAPL,Stop-Buy,19.36,0,-1
1226275202,GOOGL,Stop-Buy,222.74,0,-1
1226361602,AAPL,Stop-Buy,19.25,0,-1
1226361602,GOOGL,Stop-Buy,221.56,0,-1
1226448002,AAPL,Stop-Buy,19.14,0,-1
1226448002,GOOGL,Stop-Buy,220.29,0,-1
1226534402,AAPL,Stop-Buy,19.03,0,-1
1226534402,GOOGL,Stop-Buy,219.14,0,-1
1226620802,AAPL,Stop-Buy,18.92,0,-1
1226620802,GOOGL,Stop-Buy,217.94,0,-1
1226880002,AAPL,Stop-Buy,18.81,0,-1
1226880002,GOOGL,Stop-Buy,216.79,0,-1
1226966402,AAPL,Stop-Buy,18.7,0,-1
1226966402,GOOGL,Stop-Buy,215.64,0,-1
1227052802,AAPL,Stop-Buy,18.59,0,-1
1227052802,GOOGL,Stop-Buy,214.41,0,-1
1227139202,AAPL,Stop-Buy,18.46,0,-1
1227139202,GOOGL,Stop-Buy,213.03,0,-1
1227225602,AAPL,Stop-Buy,18.35,0,-1
1227225602,GOOGL,Stop-Buy,211.71,0,-1
1227484802,AAPL,Stop-Buy,18.24,0,-1
1227484802,GOOGL,Stop-Buy,210.31,0,-1
1227571202,AAPL,Stop-Buy,18.13,0,-1
1227571202,GOOGL,Stop-Buy,209.0,0,-1
1227657602,AAPL,Stop-Buy,18.01,0,-1
1227657602,GOOGL,Stop-Buy,207.69,0,-1
1227830402,AAPL,Stop-Buy,17.9,0,-1
1227830402,GOOGL,Stop-Buy,206.45,0,-1
1228089602,AAPL,Stop-Buy,17.78,0,-1
1228089602,GOOGL,Stop-Buy,205.08,0,-1
1228176002,AAPL,Stop-Buy,17.68,0,-1
1228176002,GOOGL,Stop-Buy,203.78,0,-1
1228262402,AAPL,Stop-Buy,17.57,0,-1
1228262402,GOOGL,Stop-Buy,202.57,0,-1
1228348802,AAPL,Stop-Buy,17.46,0,-1
1228348802,GOOGL,Stop-Buy,201.36,0,-1
1228435202,AAPL,Stop-Buy,17.36,0,-1
1228435202,GOOGL,Stop-Buy,200.1,0,-1
1228694402,AAPL,Stop-Buy,17.26,0,-1
1228694402,GOOGL,Stop-Buy,198.95,0,-1
1228780802,AAPL,Stop-Buy,17.17,0,-1
1228780802,GOOGL,Stop-Buy,198.07,0,-1
1228867202,AAPL,Stop-Buy,17.08,0,-1
1228867202,GOOGL,Stop-Buy,197.27,0,-1
1228953602,AAPL,Stop-Buy,16.99,0,-1
1228953602,GOOGL,Stop-Buy,196.39,0,-1
1229040002,AAPL,Stop-Buy,16.9,0,-1
1229040002,GOOGL,Stop-Buy,195.52,0,-1
1229299202,AAPL,Stop-Buy,16.81,0,-1
1229299202,GOOGL,Stop-Buy,194.69,0,-1
1229385600,GILD,Buy,47.47,0.9874812218327491,42
1229385602,AAPL,Stop-Buy,16.72,0,-1
1229385602,GOOGL,Stop-Buy,193.86,0,-1
1229472001,GILD,Stop-Sell,46.61,0,-1
1229472002,AAPL,Stop-Buy,16.63,0,-1
1229472002,GOOGL,Stop-Buy,193.05,0,-1
1229558402,AAPL,Stop-Buy,16.54,0,-1
1229558402,GILD,Stop-Sell,46.51,0,-1
1229558402,GOOGL,Stop-Buy,192.19,0,-1
1229644802,AAPL,Stop-Buy,16.45,0,-1
1229644802,GILD,Stop-Sell,48.78,0,-1
1229644802,GOOGL,Stop-Buy,191.32,0,-1
1229904002,AAPL,Stop-Buy,16.35,0,-1
1229904002,GOOGL,Stop-Buy,190.44,0,-1
1229990402,AAPL,Stop-Buy,16.25,0,-1
1229990402,GOOGL,Stop-Buy,189.59,0,-1
1230076802,AAPL,Stop-Buy,16.16,0,-1
1230076802,GOOGL,Stop-Buy,188.79,0,-1
1230249602,AAPL,Stop-Buy,16.06,0,-1
1230249602,GOOGL,Stop-Buy,187.89,0,-1
1230508802,AAPL,Stop-Buy,15.95,0,-1
1230508802,GOOGL,Stop-Buy,186.95,0,-1
1230595202,AAPL,Stop-Buy,15.85,0,-1
1230595202,GOOGL,Stop-Buy,186.07,0,-1
1230681602,AAPL,Stop-Buy,15.73,0,-1
1230681602,GOOGL,Stop-Buy,185.13,0,-1
1230854402,AAPL,Stop-Buy,15.62,0,-1
1230854402,GOOGL,Stop-Buy,184.24,0,-1
1231113602,AAPL,Stop-Buy,15.51,0,-1
1231113602,GOOGL,Stop-Buy,183.36,0,-1
1231200002,AAPL,Stop-Buy,15.4,0,-1
1231200002,GOOGL,Stop-Buy,182.53,0,-1
1231286402,AAPL,Stop-Buy,15.28,0,-1
1231286402,GOOGL,Stop-Buy,181.62,0,-1
1231372802,AAPL,Stop-Buy,15.16,0,-1
1231372802,GOOGL,Stop-Buy,180.69,0,-1
1231459202,AAPL,Stop-Buy,15.05,0,-1
1231459202,GOOGL,Stop-Buy,179.77,0,-1
1231718402,AAPL,Stop-Buy,14.93,0,-1
1231718402,GOOGL,Stop-Buy,178.89,0,-1
1231804802,AAPL,Stop-Buy,14.81,0,-1
1231804802,GOOGL,Stop-Buy,178.03,0,-1
1231891202,AAPL,Stop-Buy,14.69,0,-1
1231891202,GOOGL,Stop-Buy,177.1,0,-1
1231977602,AAPL,Stop-Buy,14.57,0,-1
1231977602,GOOGL,Stop-Buy,176.15,0,-1
1232064002,AAPL,Stop-Buy,14.45,0,-1
1232064002,GOOGL,Stop-Buy,175.23,0,-1
1232409602,AAPL,Stop-Buy,14.32,0,-1
1232409602,GOOGL,Stop-Buy,174.27,0,-1
1232496002,AAPL,Stop-Buy,14.19,0,-1
1232496002,GOOGL,Stop-Buy,173.44,0,-1
1232582402,AAPL,Stop-Buy,14.08,0,-1
1232582402,GOOGL,Stop-Buy,172.61,0,-1
1232668802,AAPL,Stop-Buy,13.97,0,-1
1232668802,GOOGL,Stop-Buy,171.92,0,-1
1232928002,AAPL,Stop-Buy,13.86,0,-1
1232928002,GOOGL,Stop-Buy,171.21,0,-1
1233014402,AAPL,Stop-Buy,13.76,0,-1
1233014402,GOOGL,Stop-Buy,170.54,0,-1
1233100802,AAPL,Stop-Buy,13.67,0,-1
1233187202,AAPL,Stop-Buy,13.58,0,-1
1233273600,AMZN,Buy,59.02,1.0,0
1233273602,AAPL,Stop-Buy,13.49,0,-1
1233532801,AMZN,Stop-Sell,54.35,0,-1
1233532802,AAPL,Stop-Buy,13.41,0,-1
1233619202,AAPL,Stop-Buy,13.33,0,-1
1233619202,AMZN,Stop-Sell,60.5,0,-1
1233705602,AAPL,Stop-Buy,13.25,0,-1
1233705602,AMZN,Stop-Sell,60.81,0,-1
1233792002,AAPL,Stop-Buy,13.18,0,-1
1233878400,AAPL,Buy,13.52,0.1352772335721434,16
1234137601,AAPL,Stop-Sell,13.12,0,-1
1234224002,AAPL,Stop-Sell,13.2,0,-1
1235692800,GILD,Sell,44.04,0.987481221832749,30
1235952001,GILD,Stop-Buy,46.62,0,-1
1235952002,GILD,Stop-Buy,45.95,0,-1
1236038402,GILD,Stop-Buy,46.0,0,-1
1236124800,GOOGL,Sell,159.36,0.5,6
1236124802,GILD,Stop-Buy,46.04,0,-1
1236211201,GOOGL,Stop-Buy,162.17,0,-1
1236211202,GILD,Stop-Buy,46.08,0,-1
1236211202,GOOGL,Stop-Buy,161.7,0,-1
1236297600,MA,Sell,13.95,0.09810332273456104,28
1236297602,GILD,Stop-Buy,46.14,0,-1
1236297602,GOOGL,Stop-Buy,161.58,0,-1
1236556801,MA,Stop-Buy,14.25,0,-1
1236556802,MA,Stop-Buy,14.15,0,-1
1236556802,GILD,Stop-Buy,46.15,0,-1
1236556802,GOOGL,Stop-Buy,161.13,0,-1
1236643202,GILD,Stop-Buy,46.18,0,-1
1236643202,GOOGL,Stop-Buy,160.86,0,-1
1236729600,AAPL,Buy,12.56,0.1352772335721434,3
1236729602,GILD,Stop-Buy,46.24,0,-1
1236729602,GOOGL,Stop-Buy,160.76,0,-1
1236816001,AAPL,Stop-Sell,12.48,0,-1
1236816002,GILD,Stop-Buy,46.27,0,-1
1236902402,AAPL,Stop-Sell,12.94,0,-1
1236902402,GILD,Stop-Buy,46.29,0,-1
1237161602,GILD,Stop-Buy,46.27,0,-1
1237248002,GILD,Stop-Buy,46.27,0,-1
1237334402,GILD,Stop-Buy,46.26,0,-1
1237420802,GILD,Stop-Buy,46.25,0,-1
1237507202,GILD,Stop-Buy,46.26,0,-1
1237766402,GILD,Stop-Buy,46.29,0,-1
1237852802,GILD,Stop-Buy,46.29,0,-1
1237939202,GILD,Stop-Buy,46.27,0,-1
1238025602,GILD,Stop-Buy,46.24,0,-1
1238112002,GILD,Stop-Buy,46.23,0,-1
1238371202,GILD,Stop-Buy,46.21,0,-1
1238630400,IWM,Buy,42.22,0.9356454188199923,2
1238630400,UNP,Buy,20.33,0.44739658389916737,40
1238716801,UNP,Stop-Sell,19.9,0,-1
1238716801,IWM,Stop-Sell,41.06,0,-1
1238976002,IWM,Stop-Sell,41.73,0,-1
1239235200,IWM,Buy,43.83,0.9356454188199923,10
1239235200,UNP,Buy,20.8,0.44739658389916753,123
1239580801,UNP,Stop-Sell,19.54,0,-1
1239580801,IWM,Stop-Sell,40.88,0,-1
1239667202,UNP,Stop-Sell,20.54,0,-1
1239667202,IWM,Stop-Sell,40.89,0,-1
1239753602,IWM,Stop-Sell,41.88,0,-1
1239840002,IWM,Stop-Sell,43.3,0,-1
1239926402,IWM,Stop-Sell,44.14,0,-1
1240358400,FDX,Buy,51.7,0.9674035495473112,135
1240444800,GD,Buy,43.03,0.8657372180559549,148
1240444801,FDX,Stop-Sell,50.99,0,-1
1240531201,GD,Stop-Sell,42.1,0,-1
1240531202,FDX,Stop-Sell,53.0,0,-1
1240790402,GD,Stop-Sell,42.91,0,-1
1240876802,GD,Stop-Sell,43.6,0,-1
1240963202,GD,Stop-Sell,45.49,0,-1
1242172800,NFLX,Sell,37.45,1.0,233
1242259201,NFLX,Stop-Buy,38.45,0,-1
1242259202,NFLX,Stop-Buy,37.84,0,-1
1242950400,NFLX,Sell,38.6,1.0,425
1243296001,NFLX,Stop-Buy,39.23,0,-1
1243296002,NFLX,Stop-Buy,38.64,0,-1
1244160000,NFLX,Sell,38.99,1.0,156
1244419201,NFLX,Stop-Buy,40.0,0,-1
1244419202,NFLX,Stop-Buy,39.37,0,-1
1245196800,NFLX,Buy,40.6,1.0,31
1245283201,NFLX,Stop-Sell,39.92,0,-1
1245369600,MA,Sell,15.82,0.09819126571197204,34
1245369602,NFLX,Stop-Sell,40.1,0,-1
1245628801,MA,Stop-Buy,16.06,0,-1
1245628802,MA,Stop-Buy,16.01,0,-1
1245715200,NFLX,Sell,39.37,1.0,164
1245715202,MA,Stop-Buy,16.04,0,-1
1245801601,NFLX,Stop-Buy,40.87,0,-1
1245801602,MA,Stop-Buy,16.07,0,-1
1245801602,NFLX,Stop-Buy,40.2,0,-1
1245888000,NFLX,Buy,41.31,1.0,403
1245974401,NFLX,Stop-Sell,40.25,0,-1
1246924800,MA,Sell,15.79,0.09819126571197202,51
1247011201,MA,Stop-Buy,16.24,0,-1
1247011202,MA,Stop-Buy,16.16,0,-1
1247097602,MA,Stop-Buy,16.17,0,-1
1247184002,MA,Stop-Buy,16.18,0,-1
1247443200,NFLX,Buy,42.39,1.0,80
1247529601,NFLX,Stop-Sell,40.6,0,-1
1247616002,NFLX,Stop-Sell,40.73,0,-1
1247702402,NFLX,Stop-Sell,40.82,0,-1
1247788802,NFLX,Stop-Sell,40.9,0,-1
1248048002,NFLX,Stop-Sell,44.26,0,-1
1248652800,NFLX,Sell,41.5,1.0,109
1248739201,NFLX,Stop-Buy,42.09,0,-1
1248739202,NFLX,Stop-Buy,41.43,0,-1
1251676800,AMZN,Sell,80.99,1.0,49
1251763200,NFLX,Sell,41.95,1.0,440
1251763201,AMZN,Stop-Buy,82.24,0,-1
1251763202,AMZN,Stop-Buy,81.54,0,-1
1251849601,NFLX,Stop-Buy,42.83,0,-1
1251849602,AMZN,Stop-Buy,79.28,0,-1
1251849602,NFLX,Stop-Buy,42.06,0,-1
1251936002,AMZN,Stop-Buy,78.71,0,-1
1251936002,NFLX,Stop-Buy,41.98,0,-1
1252022402,NFLX,Stop-Buy,41.92,0,-1
1252368002,NFLX,Stop-Buy,41.86,0,-1
1252454400,NFLX,Buy,43.43,1.0,108
1252540801,NFLX,Stop-Sell,41.8,0,-1
1252627202,NFLX,Stop-Sell,41.7,0,-1
1252886402,NFLX,Stop-Sell,41.67,0,-1
1252972802,NFLX,Stop-Sell,41.67,0,-1
1253059202,NFLX,Stop-Sell,45.04,0,-1
1253145602,NFLX,Stop-Sell,46.06,0,-1
1254355200,GILD,Sell,44.54,0.987481221832749,174
1254441601,GILD,Stop-Buy,45.5,0,-1
1254441602,GILD,Stop-Buy,44.81,0,-1
1254700802,GILD,Stop-Buy,44.82,0,-1
1256601600,CP,Sell,40.35,0.9309969510180752,267
1256688001,CP,Stop-Buy,41.42,0,-1
1256688002,CP,Stop-Buy,40.76,0,-1
1257120000,IWM,Sell,52.41,0.9356454188199921,14
1257206401,IWM,Stop-Buy,53.02,0,-1
1257206402,IWM,Stop-Buy,52.4,0,-1
1257379200,CF,Sell,75.73,0.9502493660866022,6
1257465601,CF,Stop-Buy,78.19,0,-1
1257465602,CF,Stop-Buy,77.57,0,-1
1257724802,CF,Stop-Buy,77.63,0,-1
1257811202,CF,Stop-Buy,77.66,0,-1
1257897602,CF,Stop-Buy,77.76,0,-1
1263427200,NFLX,Sell,50.79,1.0,29
1263513601,NFLX,Stop-Buy,51.92,0,-1
1263513602,NFLX,Stop-Buy,51.29,0,-1
1264118400,GOOGL,Sell,274.9,0.5,1
1264377601,GOOGL,Stop-Buy,275.42,0,-1
1264377602,GOOGL,Stop-Buy,275.46,0,-1
1264464002,GOOGL,Stop-Buy,275.89,0,-1
1264550400,FDX,Sell,77.99,0.9721897152387943,194
1264550402,GOOGL,Stop-Buy,276.34,0,-1
1264636800,NFLX,Buy,63.24,1.0,0
1264636800,UNP,Sell,27.85,0.45396153387797045,58
1264636800,CP,Sell,46.07,0.9351073128327251,361
1264636801,FDX,Stop-Buy,78.65,0,-1
1264636802,FDX,Stop-Buy,78.06,0,-1
1264636802,GOOGL,Stop-Buy,276.72,0,-1
1264723200,AAPL,Sell,25.95,0.1352772335721434,1
1264723201,NFLX,Stop-Sell,52.02,0,-1
1264723201,UNP,Stop-Buy,28.59,0,-1
1264723201,CP,Stop-Buy,46.63,0,-1
1264723202,UNP,Stop-Buy,28.26,0,-1
1264723202,GOOGL,Stop-Buy,277.06,0,-1
1264723202,CP,Stop-Buy,45.96,0,-1
1264982401,AAPL,Stop-Buy,26.61,0,-1
1264982402,AAPL,Stop-Buy,26.55,0,-1
1264982402,NFLX,Stop-Sell,52.43,0,-1
1264982402,GOOGL,Stop-Buy,277.43,0,-1
1264982402,CP,Stop-Buy,45.95,0,-1
1265068802,NFLX,Stop-Sell,52.62,0,-1
1265068802,GOOGL,Stop-Buy,277.77,0,-1
1265068802,CP,Stop-Buy,45.95,0,-1
1265155202,NFLX,Stop-Sell,52.8,0,-1
1265155202,GOOGL,Stop-Buy,278.12,0,-1
1265155202,CP,Stop-Buy,45.95,0,-1
1265241600,MA,Sell,21.84,0.09841054936921333,2
1265241600,IWM,Sell,55.05,0.9356454188199921,4
1265241600,AMZN,Sell,115.74,1.0,45
1265241600,FDX,Sell,76.46,0.9721897152387943,169
1265241600,UNP,Sell,27.59,0.4539615338779705,294
1265241602,NFLX,Stop-Sell,52.98,0,-1
1265241602,GOOGL,Stop-Buy,278.39,0,-1
1265241602,CP,Stop-Buy,45.93,0,-1
1265328001,AMZN,Stop-Buy,118.7,0,-1
1265328001,FDX,Stop-Buy,79.13,0,-1
1265328001,MA,Stop-Buy,23.17,0,-1
1265328001,UNP,Stop-Buy,28.58,0,-1
1265328001,IWM,Stop-Buy,57.17,0,-1
1265328002,AMZN,Stop-Buy,118.34,0,-1
1265328002,FDX,Stop-Buy,78.43,0,-1
1265328002,MA,Stop-Buy,23.12,0,-1
1265328002,NFLX,Stop-Sell,53.16,0,-1
1265328002,UNP,Stop-Buy,28.26,0,-1
1265328002,GOOGL,Stop-Buy,278.67,0,-1
1265328002,CP,Stop-Buy,45.91,0,-1
1265328002,IWM,Stop-Buy,56.51,0,-1
1265587202,FDX,Stop-Buy,78.4,0,-1
1265587202,MA,Stop-Buy,23.13,0,-1
1265587202,NFLX,Stop-Sell,53.32,0,-1
1265587202,GOOGL,Stop-Buy,278.95,0,-1
1265587202,CP,Stop-Buy,45.88,0,-1
1265587202,IWM,Stop-Buy,56.49,0,-1
1265673602,FDX,Stop-Buy,78.41,0,-1
1265673602,MA,Stop-Buy,23.13,0,-1
1265673602,NFLX,Stop-Sell,53.47,0,-1
1265673602,GOOGL,Stop-Buy,279.19,0,-1
1265673602,CP,Stop-Buy,45.85,0,-1
1265673602,IWM,Stop-Buy,56.47,0,-1
1265760002,FDX,Stop-Buy,78.43,0,-1
1265760002,MA,Stop-Buy,23.14,0,-1
1265760002,NFLX,Stop-Sell,53.62,0,-1
1265760002,GOOGL,Stop-Buy,279.41,0,-1
1265760002,CP,Stop-Buy,45.84,0,-1
1265760002,IWM,Stop-Buy,56.45,0,-1
1265846402,FDX,Stop-Buy,78.46,0,-1
1265846402,MA,Stop-Buy,23.15,0,-1
1265846402,NFLX,Stop-Sell,53.78,0,-1
1265846402,GOOGL,Stop-Buy,279.63,0,-1
1265932802,FDX,Stop-Buy,78.49,0,-1
1265932802,MA,Stop-Buy,23.15,0,-1
1265932802,NFLX,Stop-Sell,53.94,0,-1
1265932802,GOOGL,Stop-Buy,279.81,0,-1
1266278402,FDX,Stop-Buy,78.53,0,-1
1266278402,MA,Stop-Buy,23.15,0,-1
1266278402,NFLX,Stop-Sell,54.11,0,-1
1266278402,GOOGL,Stop-Buy,280.02,0,-1
1266364802,FDX,Stop-Buy,78.58,0,-1
1266364802,MA,Stop-Buy,23.16,0,-1
1266364802,NFLX,Stop-Sell,54.28,0,-1
1266364802,GOOGL,Stop-Buy,280.22,0,-1
1266451202,FDX,Stop-Buy,78.62,0,-1
1266451202,MA,Stop-Buy,23.16,0,-1
1266451202,NFLX,Stop-Sell,63.66,0,-1
1266451202,GOOGL,Stop-Buy,280.46,0,-1
1266537600,FDX,Buy,79.68,0.9721897152387946,34
1266537602,MA,Stop-Buy,23.18,0,-1
1266537602,NFLX,Stop-Sell,65.6,0,-1
1266537602,GOOGL,Stop-Buy,280.7,0,-1
1266796801,FDX,Stop-Sell,78.7,0,-1
1266796802,MA,Stop-Buy,23.2,0,-1
1266796802,GOOGL,Stop-Buy,280.92,0,-1
1266883202,MA,Stop-Buy,23.21,0,-1
1266883202,GOOGL,Stop-Buy,281.1,0,-1
1266969602,MA,Stop-Buy,23.23,0,-1
1266969602,GOOGL,Stop-Buy,281.28,0,-1
1267056002,MA,Stop-Buy,23.25,0,-1
1267056002,GOOGL,Stop-Buy,281.48,0,-1
1267142402,MA,Stop-Buy,23.28,0,-1
1267142402,GOOGL,Stop-Buy,281.69,0,-1
1267401600,AMZN,Buy,124.74,1.0,4
1267401600,CP,Buy,47.06,0.935107312832725,458
1267401602,MA,Stop-Buy,23.31,0,-1
1267401602,GOOGL,Stop-Buy,281.91,0,-1
1267488001,AMZN,Stop-Sell,122.5,0,-1
1267488001,CP,Stop-Sell,46.11,0,-1
1267488002,MA,Stop-Buy,23.34,0,-1
1267488002,GOOGL,Stop-Buy,282.12,0,-1
1267574402,AMZN,Stop-Sell,123.17,0,-1
1267574402,MA,Stop-Buy,23.36,0,-1
1267574402,GOOGL,Stop-Buy,282.26,0,-1
1267574402,CP,Stop-Sell,48.08,0,-1
1267660802,AMZN,Stop-Sell,125.71,0,-1
1267660802,MA,Stop-Buy,23.39,0,-1
1267660802,GOOGL,Stop-Buy,282.46,0,-1
1267660802,CP,Stop-Sell,49.35,0,-1
1267747200,MA,Buy,23.59,0.09841054936921333,24
1267747202,AMZN,Stop-Sell,128.66,0,-1
1267747202,CP,Stop-Sell,49.99,0,-1
1268006401,MA,Stop-Sell,23.41,0,-1
1268006402,CP,Stop-Sell,50.44,0,-1
1268092802,MA,Stop-Sell,24.09,0,-1
1268179200,GOOGL,Buy,288.33,0.5,1
1268179202,MA,Stop-Sell,24.29,0,-1
1268265601,GOOGL,Stop-Sell,283.27,0,-1
1268352002,GOOGL,Stop-Sell,289.64,0,-1
1272931200,AMZN,Sell,129.63,1.0,10
1273017600,MA,Sell,23.41,0.09846828848524786,15
1273017601,AMZN,Stop-Buy,130.79,0,-1
1273017602,AMZN,Stop-Buy,130.08,0,-1
1273104000,FDX,Sell,83.51,0.9734210436058212,295
1273104000,GD,Sell,63.69,0.8862616643478958,329
1273104001,MA,Stop-Buy,24.41,0,-1
1273104002,MA,Stop-Buy,24.33,0,-1
1273190401,FDX,Stop-Buy,84.44,0,-1
1273190401,GD,Stop-Buy,64.23,0,-1
1273190402,FDX,Stop-Buy,83.71,0,-1
1273190402,MA,Stop-Buy,24.31,0,-1
1273190402,GD,Stop-Buy,63.63,0,-1
1273449602,MA,Stop-Buy,24.29,0,-1
1273536002,MA,Stop-Buy,24.27,0,-1
1273622402,MA,Stop-Buy,24.26,0,-1
1273708802,MA,Stop-Buy,24.24,0,-1
1273795200,AMZN,Sell,128.33,1.0,79
1273795200,FDX,Sell,83.43,0.9734210436058212,226
1273795200,GD,Sell,63.38,0.8862616643478954,458
1273795202,MA,Stop-Buy,24.2,0,-1
1274054401,AMZN,Stop-Buy,130.73,0,-1
1274054401,FDX,Stop-Buy,84.38,0,-1
1274054401,GD,Stop-Buy,64.44,0,-1
1274054402,AMZN,Stop-Buy,129.99,0,-1
1274054402,FDX,Stop-Buy,83.71,0,-1
1274054402,MA,Stop-Buy,24.16,0,-1
1274054402,GD,Stop-Buy,63.86,0,-1
1274140802,MA,Stop-Buy,24.11,0,-1
1274227202,MA,Stop-Buy,24.05,0,-1
1274313600,IWM,Sell,59.96,0.9380001424466093,1
1274313600,UNP,Sell,30.88,0.4557942135153367,126
1274313600,CP,Sell,47.86,0.935107312832725,714
1274313602,MA,Stop-Buy,24.0,0,-1
1274400001,UNP,Stop-Buy,31.99,0,-1
1274400001,CP,Stop-Buy,50.83,0,-1
1274400001,IWM,Stop-Buy,62.48,0,-1
1274400002,MA,Stop-Buy,23.96,0,-1
1274400002,UNP,Stop-Buy,31.69,0,-1
1274400002,CP,Stop-Buy,50.16,0,-1
1274400002,IWM,Stop-Buy,61.85,0,-1
1274659202,MA,Stop-Buy,23.91,0,-1
1274659202,IWM,Stop-Buy,61.86,0,-1
1274745602,MA,Stop-Buy,23.86,0,-1
1274745602,IWM,Stop-Buy,61.87,0,-1
1274832002,MA,Stop-Buy,23.81,0,-1
1274832002,IWM,Stop-Buy,61.89,0,-1
1274918402,MA,Stop-Buy,23.77,0,-1
1275004802,MA,Stop-Buy,23.71,0,-1
1275350402,MA,Stop-Buy,23.66,0,-1
1275436802,MA,Stop-Buy,23.61,0,-1
1275523202,MA,Stop-Buy,23.56,0,-1
1275609600,UNP,Sell,31.66,0.457939280407237,75
1275609602,MA,Stop-Buy,23.5,0,-1
1275868800,CP,Sell,50.12,0.9351073128327252,643
1275868801,UNP,Stop-Buy,32.23,0,-1
1275868802,MA,Stop-Buy,23.46,0,-1
1275868802,UNP,Stop-Buy,31.91,0,-1
1275955201,CP,Stop-Buy,50.81,0,-1
1275955202,MA,Stop-Buy,23.4,0,-1
1275955202,UNP,Stop-Buy,31.93,0,-1
1275955202,CP,Stop-Buy,50.16,0,-1
1276041602,MA,Stop-Buy,23.33,0,-1
1276128002,MA,Stop-Buy,23.28,0,-1
1276214402,MA,Stop-Buy,23.22,0,-1
1276473602,MA,Stop-Buy,23.16,0,-1
1276560000,IWM,Buy,63.02,0.9380001424466095,3
1276560002,MA,Stop-Buy,23.11,0,-1
1276646401,IWM,Stop-Sell,61.99,0,-1
1276646402,MA,Stop-Buy,23.07,0,-1
1276732802,MA,Stop-Buy,23.03,0,-1
1276819202,MA,Stop-Buy,23.0,0,-1
1277078402,MA,Stop-Buy,22.97,0,-1
1277164802,MA,Stop-Buy,22.94,0,-1
1277251202,MA,Stop-Buy,22.91,0,-1
1277337602,MA,Stop-Buy,22.87,0,-1
1277424002,MA,Stop-Buy,22.84,0,-1
1277683202,MA,Stop-Buy,22.8,0,-1
1277769600,UNP,Sell,32.02,0.45793928040723725,149
1277769600,WHR,Sell,80.84,0.9008245843073824,163
1277769600,CP,Sell,50.22,0.9394807577394432,545
1277769602,MA,Stop-Buy,22.79,0,-1
1277856001,WHR,Stop-Buy,84.92,0,-1
1277856001,UNP,Stop-Buy,32.97,0,-1
1277856001,CP,Stop-Buy,51.9,0,-1
1277856002,WHR,Stop-Buy,84.4,0,-1
1277856002,MA,Stop-Buy,22.77,0,-1
1277856002,UNP,Stop-Buy,32.69,0,-1
1277856002,CP,Stop-Buy,51.31,0,-1
1277942402,WHR,Stop-Buy,84.49,0,-1
1277942402,MA,Stop-Buy,22.73,0,-1
1277942402,UNP,Stop-Buy,32.73,0,-1
1277942402,CP,Stop-Buy,51.38,0,-1
1278028802,WHR,Stop-Buy,84.56,0,-1
1278028802,MA,Stop-Buy,22.72,0,-1
1278028802,UNP,Stop-Buy,32.76,0,-1
1278028802,CP,Stop-Buy,51.44,0,-1
1278374402,WHR,Stop-Buy,84.61,0,-1
1278374402,MA,Stop-Buy,22.7,0,-1
1278374402,UNP,Stop-Buy,32.79,0,-1
1278460802,WHR,Stop-Buy,84.71,0,-1
1278460802,MA,Stop-Buy,22.67,0,-1
1278460802,UNP,Stop-Buy,32.82,0,-1
1278547202,WHR,Stop-Buy,84.8,0,-1
1278547202,MA,Stop-Buy,22.66,0,-1
1278547202,UNP,Stop-Buy,32.86,0,-1
1278633602,WHR,Stop-Buy,84.9,0,-1
1278633602,MA,Stop-Buy,22.65,0,-1
1278892800,UNP,Buy,33.38,0.457939280407237,33
1278892802,WHR,Stop-Buy,84.97,0,-1
1278892802,MA,Stop-Buy,22.64,0,-1
1278979201,UNP,Stop-Sell,32.93,0,-1
1278979202,MA,Stop-Buy,22.63,0,-1
1279065600,WHR,Buy,86.37,0.9008245843073827,72
1279065602,MA,Stop-Buy,22.62,0,-1
1279152001,WHR,Stop-Sell,85.18,0,-1
1279152002,MA,Stop-Buy,22.61,0,-1
1279238402,MA,Stop-Buy,22.59,0,-1
1279497602,MA,Stop-Buy,22.56,0,-1
1279584002,MA,Stop-Buy,22.55,0,-1
1279670402,MA,Stop-Buy,22.52,0,-1
1279756802,MA,Stop-Buy,22.5,0,-1
1279843200,UNP,Buy,33.93,0.457939280407237,87
1279843200,CF,Buy,76.61,0.9536360815221252,183
1279843202,MA,Stop-Buy,22.48,0,-1
1280102401,UNP,Stop-Sell,33.12,0,-1
1280102401,CF,Stop-Sell,75.11,0,-1
1280102402,MA,Stop-Buy,22.46,0,-1
1280188802,MA,Stop-Buy,22.45,0,-1
1280188802,UNP,Stop-Sell,34.06,0,-1
1280275202,MA,Stop-Buy,22.42,0,-1
1280361600,CF,Buy,77.44,0.953636081522125,14
1280361602,MA,Stop-Buy,22.38,0,-1
1280448001,CF,Stop-Sell,74.07,0,-1
1280448002,MA,Stop-Buy,22.34,0,-1
1280707202,MA,Stop-Buy,22.3,0,-1
1280707202,CF,Stop-Sell,78.42,0,-1
1280793602,MA,Stop-Buy,22.25,0,-1
1280880000,AMZN,Buy,127.78,1.0,5
1280880002,MA,Stop-Buy,22.21,0,-1
1280966401,AMZN,Stop-Sell,127.17,0,-1
1280966402,MA,Stop-Buy,22.16,0,-1
1281052802,MA,Stop-Buy,22.12,0,-1
1281312002,MA,Stop-Buy,22.09,0,-1
1281398402,MA,Stop-Buy,22.06,0,-1
1281484800,AAPL,Sell,33.82,0.1352772335721434,2
1281484800,ODFL,Sell,15.8,0.4444444444444445,1190
1281484802,MA,Stop-Buy,22.02,0,-1
1281571201,AAPL,Stop-Buy,34.31,0,-1
1281571201,ODFL,Stop-Buy,16.12,0,-1
1281571202,AAPL,Stop-Buy,34.25,0,-1
1281571202,MA,Stop-Buy,21.99,0,-1
1281571202,ODFL,Stop-Buy,15.82,0,-1
1281657602,AAPL,Stop-Buy,34.28,0,-1
1281657602,MA,Stop-Buy,21.95,0,-1
1281916802,AAPL,Stop-Buy,34.3,0,-1
1281916802,MA,Stop-Buy,21.92,0,-1
1282003200,AMZN,Buy,129.06,1.0,27
1282003202,MA,Stop-Buy,21.89,0,-1
1282089601,AMZN,Stop-Sell,126.84,0,-1
1282089602,MA,Stop-Buy,21.86,0,-1
1282176002,MA,Stop-Buy,21.82,0,-1
1282262402,MA,Stop-Buy,21.77,0,-1
1282521600,UNP,Sell,33.27,0.4579392804072372,55
1282521602,MA,Stop-Buy,21.73,0,-1
1282608001,UNP,Stop-Buy,33.77,0,-1
1282608002,MA,Stop-Buy,21.68,0,-1
1282608002,UNP,Stop-Buy,33.45,0,-1
1282694400,AMZN,Buy,127.05,1.0,10
1282694402,MA,Stop-Buy,21.63,0,-1
1282780801,AMZN,Stop-Sell,126.41,0,-1
1282780802,MA,Stop-Buy,21.57,0,-1
1282867202,MA,Stop-Buy,21.52,0,-1
1283126402,MA,Stop-Buy,21.47,0,-1
1283212802,MA,Stop-Buy,21.41,0,-1
1283299200,AMZN,Buy,132.69,1.0,14
1283299202,MA,Stop-Buy,21.35,0,-1
1283385601,AMZN,Stop-Sell,125.81,0,-1
1283385602,MA,Stop-Buy,21.3,0,-1
1283472000,AAPL,Buy,35.03,0.13527723357214347,1
1283472002,AMZN,Stop-Sell,136.64,0,-1
1283472002,MA,Stop-Buy,21.25,0,-1
1283817601,AAPL,Stop-Sell,34.48,0,-1
1283817602,AMZN,Stop-Sell,136.97,0,-1
1283817602,MA,Stop-Buy,21.19,0,-1
1283904002,AAPL,Stop-Sell,35.11,0,-1
1283904002,MA,Stop-Buy,21.12,0,-1
1283990402,AAPL,Stop-Sell,35.55,0,-1
1283990402,MA,Stop-Buy,21.06,0,-1
1284076802,MA,Stop-Buy,21.0,0,-1
1284336000,IWM,Buy,61.62,0.9411252415504143,2
1284336002,MA,Stop-Buy,20.93,0,-1
1284422401,IWM,Stop-Sell,60.69,0,-1
1284422402,MA,Stop-Buy,20.87,0,-1
1284681600,GOOGL,Buy,245.17,0.5,1
1284681600,MA,Buy,21.07,0.09854115599029363,21
1284940801,MA,Stop-Sell,20.72,0,-1
1284940801,GOOGL,Stop-Sell,241.65,0,-1
1285027202,MA,Stop-Sell,21.36,0,-1
1285027202,GOOGL,Stop-Sell,254.72,0,-1
1285113602,GOOGL,Stop-Sell,256.31,0,-1
1285286400,GD,Buy,57.02,0.8926180492356368,402
1285545601,GD,Stop-Sell,55.97,0,-1
1285718400,V,Buy,72.18,0.9673985053682963,29
1285804801,V,Stop-Sell,70.68,0,-1
1285891202,V,Stop-Sell,70.46,0,-1
1286236800,GD,Buy,56.78,0.8926180492356367,213
1286323201,GD,Stop-Sell,55.37,0,-1
1286409602,GD,Stop-Sell,56.5,0,-1
1286928000,WHR,Buy,78.68,0.9059093122051535,72
1287014401,WHR,Stop-Sell,77.39,0,-1
1287360000,WHR,Buy,77.87,0.9059093122051538,72
1287446401,WHR,Stop-Sell,77.04,0,-1
1291334400,WHR,Buy,73.13,0.9111471904389602,114
1291593601,WHR,Stop-Sell,71.91,0,-1
1291680002,WHR,Stop-Sell,76.8,0,-1
1298592000,V,Buy,72.73,0.9712987839520736,146
1298851200,AMZN,Sell,173.09,1.0,4
1298851201,V,Stop-Sell,71.95,0,-1
1298937600,GOOGL,Sell,300.28,0.5,4
1298937601,AMZN,Stop-Buy,175.02,0,-1
1298937602,AMZN,Stop-Buy,173.78,0,-1
1299024001,GOOGL,Stop-Buy,301.48,0,-1
1299024002,AMZN,Stop-Buy,174.62,0,-1
1299024002,GOOGL,Stop-Buy,301.48,0,-1
1299110402,AMZN,Stop-Buy,174.79,0,-1
1299196802,AMZN,Stop-Buy,174.98,0,-1
1299456000,CF,Sell,123.06,0.956205152552433,16
1299456002,AMZN,Stop-Buy,172.17,0,-1
1299542401,CF,Stop-Buy,124.71,0,-1
1299542402,AMZN,Stop-Buy,169.64,0,-1
1299542402,CF,Stop-Buy,124.15,0,-1
1299628802,CF,Stop-Buy,124.24,0,-1
1299715200,WHR,Sell,75.17,0.9159835475786811,571
1299715202,CF,Stop-Buy,124.28,0,-1
1299801601,WHR,Stop-Buy,76.35,0,-1
1299801602,WHR,Stop-Buy,75.69,0,-1
1299801602,CF,Stop-Buy,124.35,0,-1
1300060802,CF,Stop-Buy,124.46,0,-1
1300147202,CF,Stop-Buy,124.52,0,-1
1300233602,CF,Stop-Buy,124.6,0,-1
1301270400,FDX,Buy,91.26,0.9789446893044762,12
1301356801,FDX,Stop-Sell,89.14,0,-1
1301443200,AMZN,Buy,179.62,1.0,6
1301443200,V,Buy,72.29,0.9712987839520733,7
1301443200,CF,Buy,126.99,0.9562051525524334,115
1301443200,WHR,Buy,77.3,0.9159835475786811,127
1301443202,FDX,Stop-Sell,91.1,0,-1
1301529601,WHR,Stop-Sell,75.81,0,-1
1301529601,AMZN,Stop-Sell,175.64,0,-1
1301529601,V,Stop-Sell,70.97,0,-1
1301529601,CF,Stop-Sell,125.34,0,-1
1301616002,WHR,Stop-Sell,78.49,0,-1
1301616002,AMZN,Stop-Sell,175.82,0,-1
1301616002,V,Stop-Sell,70.87,0,-1
1301616002,CF,Stop-Sell,131.69,0,-1
1301875202,AMZN,Stop-Sell,180.64,0,-1
1301875202,V,Stop-Sell,71.82,0,-1
1301875202,CF,Stop-Sell,133.55,0,-1
1301961602,AMZN,Stop-Sell,181.85,0,-1
1301961602,V,Stop-Sell,72.78,0,-1
1301961602,CF,Stop-Sell,135.92,0,-1
1302048002,V,Stop-Sell,73.29,0,-1
1302134402,V,Stop-Sell,73.68,0,-1
1302220800,AAPL,Sell,45.3,0.13527723357214338,2
1302220802,V,Stop-Sell,74.28,0,-1
1302480001,AAPL,Stop-Buy,45.55,0,-1
1302480002,AAPL,Stop-Buy,45.5,0,-1
1302480002,V,Stop-Sell,74.35,0,-1
1302566400,WHR,Buy,77.44,0.9159835475786808,100
1302566402,AAPL,Stop-Buy,45.54,0,-1
1302566402,V,Stop-Sell,74.47,0,-1
1302652801,WHR,Stop-Sell,76.55,0,-1
1302652802,AAPL,Stop-Buy,45.58,0,-1
1302652802,V,Stop-Sell,74.9,0,-1
1302739202,AAPL,Stop-Buy,45.61,0,-1
1302825602,AAPL,Stop-Buy,45.63,0,-1
1303084802,AAPL,Stop-Buy,45.66,0,-1
1303257600,FDX,Buy,91.46,0.9789446893044761,287
1303344001,FDX,Stop-Sell,90.13,0,-1
1303689602,FDX,Stop-Sell,91.53,0,-1
1303776002,FDX,Stop-Sell,92.03,0,-1
1303948800,CP,Buy,62.93,0.9515920512554356,306
1304035201,CP,Stop-Sell,61.64,0,-1
1304294400,GD,Buy,67.11,0.9094957572221809,71
1304294402,CP,Stop-Sell,62.97,0,-1
1304380801,GD,Stop-Sell,66.33,0,-1
1304467202,GD,Stop-Sell,66.81,0,-1
1304640000,CF,Buy,131.98,0.9562051525524333,6
1304899201,CF,Stop-Sell,129.07,0,-1
1304985602,CF,Stop-Sell,135.04,0,-1
1305158400,WHR,Buy,78.4,0.9159835475786814,167
1305244800,AAPL,Sell,46.03,0.13527723357214338,7
1305244801,WHR,Stop-Sell,77.53,0,-1
1305504001,AAPL,Stop-Buy,46.45,0,-1
1305504002,WHR,Stop-Sell,77.72,0,-1
1305504002,AAPL,Stop-Buy,46.37,0,-1
1305590400,FDX,Sell,90.44,0.9789446893044762,203
1305590400,GD,Sell,66.67,0.9094957572221807,220
1305590400,WHR,Sell,77.09,0.9159835475786805,229
1305590402,AAPL,Stop-Buy,46.39,0,-1
1305676801,WHR,Stop-Buy,78.08,0,-1
1305676801,FDX,Stop-Buy,91.02,0,-1
1305676801,GD,Stop-Buy,67.51,0,-1
1305676802,WHR,Stop-Buy,76.94,0,-1
1305676802,AAPL,Stop-Buy,46.41,0,-1
1305676802,FDX,Stop-Buy,90.34,0,-1
1305676802,GD,Stop-Buy,66.91,0,-1
1305763202,AAPL,Stop-Buy,46.43,0,-1
1305849602,AAPL,Stop-Buy,46.44,0,-1
1306108800,IWM,Sell,76.55,0.9430757643136437,1
1306108800,FDX,Sell,89.91,0.978944689304476,141
1306108802,AAPL,Stop-Buy,46.45,0,-1
1306195201,FDX,Stop-Buy,91.05,0,-1
1306195201,IWM,Stop-Buy,77.24,0,-1
1306195202,AAPL,Stop-Buy,46.47,0,-1
1306195202,FDX,Stop-Buy,90.35,0,-1
1306195202,IWM,Stop-Buy,76.6,0,-1
1306281602,AAPL,Stop-Buy,46.49,0,-1
1306368002,AAPL,Stop-Buy,46.49,0,-1
1306454402,AAPL,Stop-Buy,46.5,0,-1
1306800000,AAPL,Buy,47.08,0.13527723357214338,1
1306800000,FDX,Buy,91.86,0.9789446893044764,136
1306800000,WHR,Buy,77.4,0.921443630718754,519
1306886401,WHR,Stop-Sell,76.89,0,-1
1306886401,AAPL,Stop-Sell,46.52,0,-1
1306886401,FDX,Stop-Sell,90.31,0,-1
1306972802,AAPL,Stop-Sell,46.79,0,-1
1307664000,V,Sell,72.49,0.9731197415522836,48
1307923201,V,Stop-Buy,73.61,0,-1
1307923202,V,Stop-Buy,72.99,0,-1
1308268800,CF,Sell,130.01,0.9569132428608991,6
1308528001,CF,Stop-Buy,132.98,0,-1
1308528002,CF,Stop-Buy,132.35,0,-1
1308614400,CF,Buy,140.65,0.9569132428608994,32
1308700801,CF,Stop-Sell,132.48,0,-1
1309305600,V,Buy,84.44,0.9731197415522838,0
1309305600,IWM,Buy,77.71,0.9430757643136439,15
1309392001,V,Stop-Sell,73.57,0,-1
1309392001,IWM,Stop-Sell,76.98,0,-1
1309478400,AAPL,Buy,46.46,0.13527723357214338,1
1309478402,V,Stop-Sell,81.6,0,-1
1309478402,IWM,Stop-Sell,77.93,0,-1
1309824001,AAPL,Stop-Sell,46.21,0,-1
1309824002,V,Stop-Sell,84.38,0,-1
1309824002,IWM,Stop-Sell,78.92,0,-1
1309910402,AAPL,Stop-Sell,47.17,0,-1
1309910402,V,Stop-Sell,85.24,0,-1
1309910402,IWM,Stop-Sell,79.13,0,-1
1309996802,AAPL,Stop-Sell,47.94,0,-1
1309996802,V,Stop-Sell,85.59,0,-1
1309996802,IWM,Stop-Sell,80.37,0,-1
1310083202,V,Stop-Sell,86.34,0,-1
1310688000,GOOGL,Buy,298.91,0.5,0
1310947201,GOOGL,Stop-Sell,272.33,0,-1
1311033602,GOOGL,Stop-Sell,297.94,0,-1
1311724800,IWM,Sell,75.45,0.9459017372994489,3
1311811201,IWM,Stop-Buy,77.99,0,-1
1311811202,IWM,Stop-Buy,77.32,0,-1
1311897602,IWM,Stop-Buy,77.3,0,-1
1312156800,UNH,Sell,45.33,0.9479172664940589,7
1312156802,IWM,Stop-Buy,77.28,0,-1
1312243200,UNP,Sell,45.38,0.4659371393829086,82
1312243200,GILD,Sell,39.72,0.987481221832749,171
1312243200,CP,Sell,58.6,0.9564698134124457,825
1312243201,UNH,Stop-Buy,46.07,0,-1
1312243202,IWM,Stop-Buy,77.25,0,-1
1312243202,UNH,Stop-Buy,45.44,0,-1
1312329601,UNP,Stop-Buy,46.77,0,-1
1312329601,GILD,Stop-Buy,40.89,0,-1
1312329601,CP,Stop-Buy,60.04,0,-1
1312329602,UNP,Stop-Buy,46.46,0,-1
1312329602,GILD,Stop-Buy,40.19,0,-1
1312329602,CP,Stop-Buy,59.35,0,-1
1312329602,IWM,Stop-Buy,77.23,0,-1
1312329602,UNH,Stop-Buy,45.47,0,-1
1312416000,VRX,Sell,40.65,1.0,14
1312416000,NFLX,Sell,245.57,1.0,61
1312416000,CF,Sell,135.3,0.9569132428608992,102
1312416002,UNP,Stop-Buy,46.46,0,-1
1312416002,GILD,Stop-Buy,39.05,0,-1
1312416002,CP,Stop-Buy,59.31,0,-1
1312416002,IWM,Stop-Buy,72.19,0,-1
1312416002,UNH,Stop-Buy,45.49,0,-1
1312502401,NFLX,Stop-Buy,252.27,0,-1
1312502401,VRX,Stop-Buy,51.45,0,-1
1312502401,CF,Stop-Buy,136.64,0,-1
1312502402,NFLX,Stop-Buy,248.79,0,-1
1312502402,UNP,Stop-Buy,46.46,0,-1
1312502402,GILD,Stop-Buy,40.13,0,-1
1312502402,VRX,Stop-Buy,50.74,0,-1
1312502402,CF,Stop-Buy,136.18,0,-1
1312502402,CP,Stop-Buy,59.27,0,-1
1312502402,IWM,Stop-Buy,69.78,0,-1
1312502402,UNH,Stop-Buy,45.52,0,-1
1312761600,AMZN,Sell,193.5,1.0,57
1312761600,V,Sell,76.92,0.9731197415522838,103
1312761600,AGN,Sell,59.84,1.0,698
1312761602,NFLX,Stop-Buy,230.2,0,-1
1312761602,UNP,Stop-Buy,46.44,0,-1
1312761602,GILD,Stop-Buy,36.82,0,-1
1312761602,VRX,Stop-Buy,38.49,0,-1
1312761602,CP,Stop-Buy,54.62,0,-1
1312761602,IWM,Stop-Buy,65.51,0,-1
1312761602,UNH,Stop-Buy,41.28,0,-1
1312848001,AMZN,Stop-Buy,195.1,0,-1
1312848001,V,Stop-Buy,77.79,0,-1
1312848001,AGN,Stop-Buy,63.33,0,-1
1312848002,AMZN,Stop-Buy,194.84,0,-1
1312848002,UNP,Stop-Buy,46.43,0,-1
1312848002,V,Stop-Buy,77.22,0,-1
1312848002,AGN,Stop-Buy,62.7,0,-1
1312934402,UNP,Stop-Buy,46.41,0,-1
1312934402,AGN,Stop-Buy,62.77,0,-1
1313020802,UNP,Stop-Buy,46.39,0,-1
1313107202,UNP,Stop-Buy,46.38,0,-1
1313366402,UNP,Stop-Buy,46.38,0,-1
1313452800,GOOGL,Sell,269.4,0.5,1
1313452802,UNP,Stop-Buy,46.37,0,-1
1313539200,AMZN,Sell,195.73,1.0,32
1313539201,GOOGL,Stop-Buy,272.67,0,-1
1313539202,UNP,Stop-Buy,46.34,0,-1
1313539202,GOOGL,Stop-Buy,272.09,0,-1
1313625600,V,Sell,78.08,0.9748576622718079,105
1313625600,AGN,Sell,61.82,1.0,750
1313625601,AMZN,Stop-Buy,197.49,0,-1
1313625602,AMZN,Stop-Buy,191.46,0,-1
1313625602,UNP,Stop-Buy,46.29,0,-1
1313625602,GOOGL,Stop-Buy,271.74,0,-1
1313712001,V,Stop-Buy,78.68,0,-1
1313712001,AGN,Stop-Buy,64.0,0,-1
1313712002,AMZN,Stop-Buy,180.54,0,-1
1313712002,UNP,Stop-Buy,46.23,0,-1
1313712002,V,Stop-Buy,78.08,0,-1
1313712002,GOOGL,Stop-Buy,271.28,0,-1
1313712002,AGN,Stop-Buy,63.35,0,-1
1313971202,UNP,Stop-Buy,46.18,0,-1
1313971202,GOOGL,Stop-Buy,270.86,0,-1
1313971202,AGN,Stop-Buy,63.41,0,-1
1314057602,UNP,Stop-Buy,46.13,0,-1
1314057602,GOOGL,Stop-Buy,270.52,0,-1
1314144002,UNP,Stop-Buy,46.09,0,-1
1314144002,GOOGL,Stop-Buy,270.18,0,-1
1314230402,UNP,Stop-Buy,46.05,0,-1
1314230402,GOOGL,Stop-Buy,269.84,0,-1
1314316802,UNP,Stop-Buy,46.01,0,-1
1314316802,GOOGL,Stop-Buy,269.63,0,-1
1314576002,UNP,Stop-Buy,45.74,0,-1
1314662402,UNP,Stop-Buy,45.97,0,-1
1314748802,UNP,Stop-Buy,45.96,0,-1
1314835202,UNP,Stop-Buy,45.94,0,-1
1314921602,UNP,Stop-Buy,45.91,0,-1
1315267202,UNP,Stop-Buy,45.87,0,-1
1315353602,UNP,Stop-Buy,45.84,0,-1
1315440002,UNP,Stop-Buy,45.8,0,-1
1315526402,UNP,Stop-Buy,45.75,0,-1
1315785602,UNP,Stop-Buy,45.69,0,-1
1315872002,UNP,Stop-Buy,45.66,0,-1
1315958400,UNH,Buy,46.5,0.9512856582676275,107
1315958402,UNP,Stop-Buy,45.63,0,-1
1316044800,GOOGL,Buy,271.38,0.5,4
1316044801,UNH,Stop-Sell,45.9,0,-1
1316044802,UNP,Stop-Buy,45.6,0,-1
1316131201,GOOGL,Stop-Sell,268.32,0,-1
1316131202,UNP,Stop-Buy,45.57,0,-1
1316131202,UNH,Stop-Sell,48.05,0,-1
1316390402,UNP,Stop-Buy,45.52,0,-1
1316476802,UNP,Stop-Buy,45.45,0,-1
1316563200,CF,Sell,146.52,0.9592444767798,39
1316563202,UNP,Stop-Buy,45.36,0,-1
1316649600,GOOGL,Sell,260.23,0.5,9
1316649601,CF,Stop-Buy,148.78,0,-1
1316649602,UNP,Stop-Buy,45.27,0,-1
1316649602,CF,Stop-Buy,148.19,0,-1
1316736001,GOOGL,Stop-Buy,268.72,0,-1
1316736002,UNP,Stop-Buy,45.18,0,-1
1316736002,GOOGL,Stop-Buy,268.33,0,-1
1316736002,CF,Stop-Buy,148.31,0,-1
1316995202,UNP,Stop-Buy,45.1,0,-1
1316995202,GOOGL,Stop-Buy,268.31,0,-1
1316995202,CF,Stop-Buy,148.52,0,-1
1317081602,UNP,Stop-Buy,45.03,0,-1
1317168000,UNH,Sell,45.13,0.9512856582676273,89
1317168002,UNP,Stop-Buy,44.95,0,-1
1317254401,UNH,Stop-Buy,46.59,0,-1
1317254402,UNP,Stop-Buy,44.87,0,-1
1317254402,UNH,Stop-Buy,45.89,0,-1
1317340802,UNP,Stop-Buy,44.77,0,-1
1317340802,UNH,Stop-Buy,45.85,0,-1
1317600000,AGN,Sell,64.79,1.0,253
1317600002,UNP,Stop-Buy,44.67,0,-1
1317600002,UNH,Stop-Buy,43.78,0,-1
1317686401,AGN,Stop-Buy,66.42,0,-1
1317686402,UNP,Stop-Buy,44.58,0,-1
1317686402,UNH,Stop-Buy,40.93,0,-1
1317686402,AGN,Stop-Buy,65.74,0,-1
1317772802,UNP,Stop-Buy,44.52,0,-1
1317859202,UNP,Stop-Buy,44.47,0,-1
1317945602,UNP,Stop-Buy,44.43,0,-1
1318204800,GILD,Buy,40.34,0.9874812218327491,171
1318204802,UNP,Stop-Buy,44.38,0,-1
1318291201,GILD,Stop-Sell,39.14,0,-1
1318291202,UNP,Stop-Buy,44.34,0,-1
1318377602,UNP,Stop-Buy,44.3,0,-1
1318377602,GILD,Stop-Sell,39.13,0,-1
1318464002,UNP,Stop-Buy,44.25,0,-1
1318464002,GILD,Stop-Sell,39.13,0,-1
1318550402,UNP,Stop-Buy,44.21,0,-1
1318550402,GILD,Stop-Sell,39.13,0,-1
1318809602,UNP,Stop-Buy,44.15,0,-1
1318809602,GILD,Stop-Sell,39.13,0,-1
1318896000,UNP,Buy-Market,-1.0,0,-1
1318896002,GILD,Stop-Sell,39.13,0,-1
1318982402,GILD,Stop-Sell,39.12,0,-1
1319068800,UNP,Buy,44.4,0.468373512579814,14
1319068802,GILD,Stop-Sell,39.12,0,-1
1319155200,GD,Buy,60.46,0.9227342969457945,140
1319155201,UNP,Stop-Sell,44.0,0,-1
1319155202,GILD,Stop-Sell,39.12,0,-1
1319414400,GD,Sell-Market,-1.0,0,-1
1319414400,CF,Buy,152.85,0.9592444767797998,98
1319414400,UNH,Buy,46.83,0.9512856582676273,131
1319414401,GD,Stop-Sell,59.34,0,-1
1319414402,UNP,Stop-Sell,45.27,0,-1
1319414402,GILD,Stop-Sell,39.12,0,-1
1319500801,CF,Stop-Sell,148.57,0,-1
1319500801,UNH,Stop-Sell,45.39,0,-1
1319500802,GILD,Stop-Sell,39.12,0,-1
1319587200,GILD,Sell-Market,-1.0,0,-1
1319587202,UNH,Stop-Sell,46.15,0,-1
1319673600,IWM,Buy,72.71,0.9495296494616142,1
1319673602,UNH,Stop-Sell,46.55,0,-1
1319760001,IWM,Stop-Sell,69.5,0,-1
1320019202,IWM,Stop-Sell,69.43,0,-1
1320624000,GD,Buy,59.42,0.9227342969457946,250
1320710401,GD,Stop-Sell,58.78,0,-1
1320796800,AMZN,Sell,211.02,1.0,52
1320883201,AMZN,Stop-Buy,214.72,0,-1
1320883202,AMZN,Stop-Buy,214.18,0,-1
1320969600,GD,Buy,60.83,0.9227342969457942,175
1321228801,GD,Stop-Sell,58.51,0,-1
1321315200,VIAB,Buy,42.84,0.9421832034654599,217
1321315202,GD,Stop-Sell,60.02,0,-1
1321401600,AMZN,Sell,211.79,1.0,20
1321401601,VIAB,Stop-Sell,42.19,0,-1
1321488000,AAPL,Sell,51.03,0.13527723357214338,3
1321488001,AMZN,Stop-Buy,215.75,0,-1
1321488002,AMZN,Stop-Buy,212.76,0,-1
1321574401,AAPL,Stop-Buy,52.08,0,-1
1321574402,AAPL,Stop-Buy,52.04,0,-1
1321574402,AMZN,Stop-Buy,205.58,0,-1
1321833602,AAPL,Stop-Buy,52.08,0,-1
1321833602,AMZN,Stop-Buy,193.54,0,-1
1321920002,AAPL,Stop-Buy,52.13,0,-1
1322006400,CP,Sell,53.73,0.9622977443873378,800
1322006402,AAPL,Stop-Buy,52.15,0,-1
1322179201,CP,Stop-Buy,55.18,0,-1
1322179202,AAPL,Stop-Buy,52.17,0,-1
1322179202,CP,Stop-Buy,54.44,0,-1
1322438402,AAPL,Stop-Buy,52.19,0,-1
1322524802,AAPL,Stop-Buy,52.21,0,-1
1322611200,IWM,Buy,70.2,0.9495296494616141,1
1322611200,UNH,Buy,46.58,0.9512856582676271,56
1322611202,AAPL,Stop-Buy,52.25,0,-1
1322697600,AAPL,Buy,52.51,0.1352772335721434,1
1322697601,IWM,Stop-Sell,67.74,0,-1
1322697601,UNH,Stop-Sell,44.33,0,-1
1322784001,AAPL,Stop-Sell,52.3,0,-1
1322784002,IWM,Stop-Sell,69.55,0,-1
1322784002,UNH,Stop-Sell,44.27,0,-1
1323043202,AAPL,Stop-Sell,53.13,0,-1
1323043202,IWM,Stop-Sell,70.75,0,-1
1323043202,UNH,Stop-Sell,44.08,0,-1
1323129602,UNH,Stop-Sell,44.2,0,-1
1323216002,UNH,Stop-Sell,45.57,0,-1
1323302402,UNH,Stop-Sell,44.15,0,-1
1323388802,UNH,Stop-Sell,45.78,0,-1
1323820800,AAPL,Sell,51.4,0.1352772335721434,3
1323907201,AAPL,Stop-Buy,52.54,0,-1
1323907202,AAPL,Stop-Buy,52.41,0,-1
1323993602,AAPL,Stop-Buy,52.4,0,-1
1324252802,AAPL,Stop-Buy,52.39,0,-1
1324339200,AAPL,Buy,53.59,0.13527723357214338,2
1324425601,AAPL,Stop-Sell,52.39,0,-1
1324512002,AAPL,Stop-Sell,53.67,0,-1
1324598402,AAPL,Stop-Sell,54.04,0,-1
1324944002,AAPL,Stop-Sell,54.5,0,-1
1325635200,CF,Buy,152.11,0.9615547958471888,13
1325721601,CF,Stop-Sell,149.82,0,-1
1325808002,CF,Stop-Sell,151.68,0,-1
1326067202,CF,Stop-Sell,152.93,0,-1
1326153602,CF,Stop-Sell,157.46,0,-1
1326844800,WHR,Buy,50.72,0.9383012707737487,49
1326931201,WHR,Stop-Sell,48.35,0,-1
1327017602,WHR,Stop-Sell,50.61,0,-1
1327536000,NFLX,Buy,116.21,1.0,0
1327622401,NFLX,Stop-Sell,102.36,0,-1
1327881602,NFLX,Stop-Sell,124.51,0,-1
1331596800,GOOGL,Buy,308.99,0.5,12
1331683201,GOOGL,Stop-Sell,304.3,0,-1
1331769602,GOOGL,Stop-Sell,308.18,0,-1
1331856002,GOOGL,Stop-Sell,310.32,0,-1
1332115202,GOOGL,Stop-Sell,311.44,0,-1
1332201600,AMZN,Buy,192.53,1.0,2
1332201602,GOOGL,Stop-Sell,315.33,0,-1
1332288000,AGN,Buy,63.89,1.0,1
1332288001,AMZN,Stop-Sell,189.18,0,-1
1332288002,GOOGL,Stop-Sell,317.18,0,-1
1332374401,AGN,Stop-Sell,60.99,0,-1
1332374402,AMZN,Stop-Sell,188.97,0,-1
1332460802,AMZN,Stop-Sell,191.76,0,-1
1332460802,AGN,Stop-Sell,60.91,0,-1
1332720002,AMZN,Stop-Sell,196.23,0,-1
1332720002,AGN,Stop-Sell,60.9,0,-1
1332806402,AMZN,Stop-Sell,203.34,0,-1
1332806402,AGN,Stop-Sell,65.74,0,-1
1333929600,UNP,Sell,50.21,0.473733534065979,54
1334016001,UNP,Stop-Buy,51.04,0,-1
1334016002,UNP,Stop-Buy,50.72,0,-1
1334793600,UNP,Sell,49.98,0.47373353406597896,10
1334880001,UNP,Stop-Buy,51.35,0,-1
1334880002,UNP,Stop-Buy,51.08,0,-1
1336089600,IWM,Sell,75.5,0.9570269274278856,3
1336348801,IWM,Stop-Buy,76.29,0,-1
1336348802,IWM,Stop-Buy,75.68,0,-1
1336435200,VIAB,Sell,44.55,0.9525936643223282,100
1336521600,CF,Sell,168.64,0.9636898051080212,19
1336521600,ODFL,Sell,29.07,0.6666666666666666,662
1336521601,VIAB,Stop-Buy,45.09,0,-1
1336521602,VIAB,Stop-Buy,44.47,0,-1
1336608001,ODFL,Stop-Buy,29.81,0,-1
1336608001,CF,Stop-Buy,170.48,0,-1
1336608002,ODFL,Stop-Buy,29.37,0,-1
1336608002,CF,Stop-Buy,170.22,0,-1
1336694402,ODFL,Stop-Buy,29.4,0,-1
1336694402,CF,Stop-Buy,170.24,0,-1
1336953600,VRX,Sell,50.81,1.0,171
1336953602,ODFL,Stop-Buy,29.44,0,-1
1336953602,CF,Stop-Buy,163.46,0,-1
1337040000,URI,Sell,38.99,1.0,50
1337040001,VRX,Stop-Buy,51.82,0,-1
1337040002,VRX,Stop-Buy,51.16,0,-1
1337040002,CF,Stop-Buy,161.51,0,-1
1337126401,URI,Stop-Buy,39.96,0,-1
1337126402,VRX,Stop-Buy,51.2,0,-1
1337126402,CF,Stop-Buy,159.08,0,-1
1337126402,URI,Stop-Buy,39.34,0,-1
1337212800,UNP,Sell,51.14,0.473733534065979,46
1337212800,MA,Sell,39.41,0.09893333352751062,76
1337212800,ODFL,Sell,28.44,0.6666666666666667,495
1337212802,VRX,Stop-Buy,49.49,0,-1
1337212802,CF,Stop-Buy,156.54,0,-1
1337212802,URI,Stop-Buy,38.73,0,-1
1337299200,GOOGL,Sell,300.1,0.5,1
1337299201,MA,Stop-Buy,39.98,0,-1
1337299201,UNP,Stop-Buy,52.47,0,-1
1337299201,ODFL,Stop-Buy,29.98,0,-1
1337299202,MA,Stop-Buy,39.93,0,-1
1337299202,UNP,Stop-Buy,52.15,0,-1
1337299202,VRX,Stop-Buy,49.07,0,-1
1337299202,ODFL,Stop-Buy,29.52,0,-1
1337299202,CF,Stop-Buy,151.9,0,-1
1337299202,URI,Stop-Buy,34.23,0,-1
1337558401,GOOGL,Stop-Buy,308.77,0,-1
1337558402,VRX,Stop-Buy,47.44,0,-1
1337558402,ODFL,Stop-Buy,29.53,0,-1
1337558402,GOOGL,Stop-Buy,308.28,0,-1
1337644802,ODFL,Stop-Buy,29.55,0,-1
1337644802,GOOGL,Stop-Buy,308.09,0,-1
1337731202,ODFL,Stop-Buy,29.57,0,-1
1337731202,GOOGL,Stop-Buy,307.93,0,-1
1337817602,GOOGL,Stop-Buy,307.71,0,-1
1337904002,GOOGL,Stop-Buy,307.35,0,-1
1338249602,GOOGL,Stop-Buy,306.98,0,-1
1338336000,UNP,Sell,52.23,0.47625809326696994,124
1338336000,CP,Sell,70.54,0.9704903883470796,417
1338336002,GOOGL,Stop-Buy,306.62,0,-1
1338422400,MA,Sell,40.2,0.09893333352751063,71
1338422401,UNP,Stop-Buy,52.67,0,-1
1338422401,CP,Stop-Buy,72.5,0,-1
1338422402,UNP,Stop-Buy,52.36,0,-1
1338422402,GOOGL,Stop-Buy,306.28,0,-1
1338422402,CP,Stop-Buy,71.88,0,-1
1338508800,V,Sell,109.9,0.9808542085254287,103
1338508800,VIAB,Sell,43.88,0.9525936643223281,177
1338508801,MA,Stop-Buy,40.38,0,-1
1338508802,MA,Stop-Buy,40.36,0,-1
1338508802,GOOGL,Stop-Buy,306.02,0,-1
1338508802,CP,Stop-Buy,71.92,0,-1
1338768001,V,Stop-Buy,112.61,0,-1
1338768001,VIAB,Stop-Buy,45.54,0,-1
1338768002,MA,Stop-Buy,40.41,0,-1
1338768002,V,Stop-Buy,112.07,0,-1
1338768002,GOOGL,Stop-Buy,305.8,0,-1
1338768002,CP,Stop-Buy,71.94,0,-1
1338768002,VIAB,Stop-Buy,44.87,0,-1
1338854402,GOOGL,Stop-Buy,305.52,0,-1
1338854402,CP,Stop-Buy,71.96,0,-1
1338854402,VIAB,Stop-Buy,44.85,0,-1
1338940802,GOOGL,Stop-Buy,305.27,0,-1
1338940802,CP,Stop-Buy,72.0,0,-1
1338940802,VIAB,Stop-Buy,44.84,0,-1
1339027202,GOOGL,Stop-Buy,305.04,0,-1
1339027202,CP,Stop-Buy,72.04,0,-1
1339113602,GOOGL,Stop-Buy,304.8,0,-1
1339113602,CP,Stop-Buy,72.06,0,-1
1339372802,GOOGL,Stop-Buy,304.48,0,-1
1339372802,CP,Stop-Buy,72.07,0,-1
1339459202,GOOGL,Stop-Buy,304.1,0,-1
1339459202,CP,Stop-Buy,72.07,0,-1
1339545602,GOOGL,Stop-Buy,303.98,0,-1
1339545602,CP,Stop-Buy,72.07,0,-1
1339632002,GOOGL,Stop-Buy,303.85,0,-1
1339632002,CP,Stop-Buy,72.08,0,-1
1339718402,GOOGL,Stop-Buy,303.76,0,-1
1339718402,CP,Stop-Buy,72.1,0,-1
1339977602,GOOGL,Stop-Buy,303.77,0,-1
1339977602,CP,Stop-Buy,72.12,0,-1
1340064000,CF,Buy,174.89,0.9659286012634583,17
1340064000,FDX,Buy,89.99,0.9866429731681231,39
1340064002,GOOGL,Stop-Buy,303.84,0,-1
1340150401,FDX,Stop-Sell,88.53,0,-1
1340150401,CF,Stop-Sell,172.76,0,-1
1340150402,GOOGL,Stop-Buy,303.83,0,-1
1340236802,FDX,Stop-Sell,88.51,0,-1
1340236802,GOOGL,Stop-Buy,303.76,0,-1
1340323202,FDX,Stop-Sell,88.5,0,-1
1340323202,GOOGL,Stop-Buy,303.72,0,-1
1340582402,GOOGL,Stop-Buy,303.62,0,-1
1340668802,GOOGL,Stop-Buy,303.52,0,-1
1340755202,GOOGL,Stop-Buy,303.38,0,-1
1340841602,GOOGL,Stop-Buy,303.16,0,-1
1340928000,IWM,Buy,76.71,0.9617638967334412,2
1340928000,FDX,Buy,90.58,0.9866429731681235,232
1340928002,GOOGL,Stop-Buy,303.03,0,-1
1341187201,FDX,Stop-Sell,88.26,0,-1
1341187201,IWM,Stop-Sell,75.92,0,-1
1341187202,GOOGL,Stop-Buy,302.88,0,-1
1341273602,FDX,Stop-Sell,89.97,0,-1
1341273602,GOOGL,Stop-Buy,302.76,0,-1
1341273602,IWM,Stop-Sell,77.24,0,-1
1341446402,FDX,Stop-Sell,88.19,0,-1
1341446402,GOOGL,Stop-Buy,302.71,0,-1
1341446402,IWM,Stop-Sell,78.09,0,-1
1341532802,FDX,Stop-Sell,88.14,0,-1
1341532802,GOOGL,Stop-Buy,302.58,0,-1
1341792002,FDX,Stop-Sell,88.1,0,-1
1341792002,GOOGL,Stop-Buy,302.46,0,-1
1341878402,FDX,Stop-Sell,88.06,0,-1
1341878402,GOOGL,Stop-Buy,302.34,0,-1
1341964802,FDX,Stop-Sell,88.02,0,-1
1341964802,GOOGL,Stop-Buy,302.16,0,-1
1342051202,GOOGL,Stop-Buy,301.99,0,-1
1342137600,MA,Buy,42.55,0.09900017284753825,161
1342137602,GOOGL,Stop-Buy,301.81,0,-1
1342396800,CP,Buy,72.65,0.9750303768077103,706
1342396801,MA,Stop-Sell,42.0,0,-1
1342396802,GOOGL,Stop-Buy,301.64,0,-1
1342483201,CP,Stop-Sell,72.09,0,-1
1342483202,MA,Stop-Sell,43.11,0,-1
1342483202,GOOGL,Stop-Buy,301.49,0,-1
1342569600,GOOGL,Buy-Market,-1.0,0,-1
1342569602,CP,Stop-Sell,72.71,0,-1
1342656002,CP,Stop-Sell,72.83,0,-1
1342742400,GOOGL,Buy,305.51,0.5,0
1343001601,GOOGL,Stop-Sell,301.23,0,-1
1343088002,GOOGL,Stop-Sell,303.66,0,-1
1343260800,WHR,Buy,63.89,0.9521783931380965,281
1343347200,IWM,Buy,76.48,0.9617638967334415,6
1343347200,MA,Buy,43.26,0.09900017284753825,69
1343347200,FDX,Buy,89.87,0.9866429731681231,193
1343347201,WHR,Stop-Sell,61.92,0,-1
1343606400,MA,Sell-Market,-1.0,0,-1
1343606400,AAPL,Buy,80.52,0.1352772335721434,0
1343606401,FDX,Stop-Sell,88.0,0,-1
1343606401,MA,Stop-Sell,42.11,0,-1
1343606401,IWM,Stop-Sell,75.6,0,-1
1343606402,WHR,Stop-Sell,64.73,0,-1
1343692801,AAPL,Stop-Sell,79.28,0,-1
1343692802,FDX,Stop-Sell,88.01,0,-1
1343779202,AAPL,Stop-Sell,82.05,0,-1
1343952000,VIAB,Buy,45.42,0.9582687782237285,33
1343952000,FDX,Buy,88.82,0.9866429731681233,285
1344211200,IWM,Buy,76.38,0.9617638967334415,11
1344211201,FDX,Stop-Sell,87.92,0,-1
1344211201,VIAB,Stop-Sell,44.6,0,-1
1344297601,IWM,Stop-Sell,75.45,0,-1
1344297602,FDX,Stop-Sell,87.85,0,-1
1344297602,VIAB,Stop-Sell,46.5,0,-1
1344384000,VRX,Buy,50.56,1.0,138
1344384002,IWM,Stop-Sell,76.32,0,-1
1344384002,VIAB,Stop-Sell,46.71,0,-1
1344470401,VRX,Stop-Sell,49.44,0,-1
1344470402,IWM,Stop-Sell,76.47,0,-1
1344470402,VIAB,Stop-Sell,46.91,0,-1
1344556802,VIAB,Stop-Sell,46.96,0,-1
1344902400,MA,Buy,42.4,0.09900017284753823,73
1344988800,FDX,Buy,88.55,0.9866429731681232,27
1344988801,MA,Stop-Sell,42.2,0,-1
1345075201,FDX,Stop-Sell,87.53,0,-1
1345161600,GD,Buy,62.13,0.9428311971617858,262
1345161602,FDX,Stop-Sell,87.48,0,-1
1345420801,GD,Stop-Sell,61.3,0,-1
1345420802,FDX,Stop-Sell,87.47,0,-1
1345507202,FDX,Stop-Sell,87.46,0,-1
1345507202,GD,Stop-Sell,62.13,0,-1
1345593602,FDX,Stop-Sell,87.43,0,-1
1346889600,URI,Buy,37.1,1.0,52
1346889600,MA,Buy,42.85,0.09900017284753826,77
1346976001,MA,Stop-Sell,42.1,0,-1
1346976001,URI,Stop-Sell,34.8,0,-1
1347235202,MA,Stop-Sell,43.2,0,-1
1347235202,URI,Stop-Sell,34.69,0,-1
1347321600,FDX,Buy,87.85,0.9882208805960823,179
1347321602,MA,Stop-Sell,43.34,0,-1
1347321602,URI,Stop-Sell,34.61,0,-1
1347408001,FDX,Stop-Sell,87.23,0,-1
1347408002,MA,Stop-Sell,44.13,0,-1
1347408002,URI,Stop-Sell,34.52,0,-1
1347494402,MA,Stop-Sell,44.17,0,-1
1347494402,URI,Stop-Sell,34.45,0,-1
1347580802,MA,Stop-Sell,44.94,0,-1
1347580802,URI,Stop-Sell,34.38,0,-1
1347840002,URI,Stop-Sell,34.28,0,-1
1347926402,URI,Stop-Sell,34.18,0,-1
1348012802,URI,Stop-Sell,34.09,0,-1
1348099202,URI,Stop-Sell,33.99,0,-1
1348185602,URI,Stop-Sell,33.91,0,-1
1348444802,URI,Stop-Sell,33.82,0,-1
1348531202,URI,Stop-Sell,33.73,0,-1
1349308800,NFLX,Buy,66.87,1.0,1
1349395201,NFLX,Stop-Sell,64.86,0,-1
1349654402,NFLX,Stop-Sell,71.14,0,-1
1350345600,NFLX,Buy,66.25,1.0,81
1350432001,NFLX,Stop-Sell,64.43,0,-1
1350518402,NFLX,Stop-Sell,64.39,0,-1
1351209600,NFLX,Buy,69.78,1.0,1
1351641601,NFLX,Stop-Sell,64.42,0,-1
1351728002,NFLX,Stop-Sell,77.44,0,-1
1352246400,IWM,Sell,77.38,0.9655211544567219,4
1352246400,UNH,Sell,52.15,0.9646302002211741,32
1352246400,CF,Sell,195.29,0.9677866029008966,251
1352332800,GOOGL,Sell,326.04,0.5,2
1352332800,VIAB,Sell,47.43,0.9634552358897689,239
1352332801,CF,Stop-Buy,198.95,0,-1
1352332801,IWM,Stop-Buy,78.42,0,-1
1352332801,UNH,Stop-Buy,53.54,0,-1
1352332802,CF,Stop-Buy,198.57,0,-1
1352332802,IWM,Stop-Buy,77.77,0,-1
1352332802,UNH,Stop-Buy,52.81,0,-1
1352419201,GOOGL,Stop-Buy,332.25,0,-1
1352419201,VIAB,Stop-Buy,48.7,0,-1
1352419202,GOOGL,Stop-Buy,332.36,0,-1
1352419202,CF,Stop-Buy,198.82,0,-1
1352419202,IWM,Stop-Buy,77.79,0,-1
1352419202,UNH,Stop-Buy,52.75,0,-1
1352419202,VIAB,Stop-Buy,48.04,0,-1
1352678402,CF,Stop-Buy,198.98,0,-1
1352678402,IWM,Stop-Buy,77.8,0,-1
1352678402,UNH,Stop-Buy,52.68,0,-1
1352678402,VIAB,Stop-Buy,48.06,0,-1
1352764800,VIAB,Buy-Market,-1.0,0,-1
1352764802,CF,Stop-Buy,199.16,0,-1
1352764802,IWM,Stop-Buy,77.81,0,-1
1352764802,UNH,Stop-Buy,52.61,0,-1
1352851200,UNP,Sell,56.12,0.4785854662589898,57
1352851200,FDX,Sell,85.9,0.9882208805960822,77
1352851202,CF,Stop-Buy,198.95,0,-1
1352851202,IWM,Stop-Buy,77.83,0,-1
1352851202,UNH,Stop-Buy,52.54,0,-1
1352937601,FDX,Stop-Buy,88.47,0,-1
1352937601,UNP,Stop-Buy,58.11,0,-1
1352937602,FDX,Stop-Buy,87.74,0,-1
1352937602,UNP,Stop-Buy,57.78,0,-1
1352937602,CF,Stop-Buy,199.53,0,-1
1352937602,IWM,Stop-Buy,77.83,0,-1
1352937602,UNH,Stop-Buy,52.47,0,-1
1353024002,FDX,Stop-Buy,87.71,0,-1
1353024002,UNP,Stop-Buy,57.8,0,-1
1353024002,CF,Stop-Buy,199.65,0,-1
1353024002,IWM,Stop-Buy,77.84,0,-1
1353024002,UNH,Stop-Buy,52.42,0,-1
1353283202,FDX,Stop-Buy,87.57,0,-1
1353283202,UNP,Stop-Buy,57.83,0,-1
1353283202,CF,Stop-Buy,199.8,0,-1
1353283202,IWM,Stop-Buy,77.88,0,-1
1353283202,UNH,Stop-Buy,52.36,0,-1
1353369602,FDX,Stop-Buy,87.7,0,-1
1353369602,UNP,Stop-Buy,57.86,0,-1
1353369602,IWM,Stop-Buy,77.9,0,-1
1353369602,UNH,Stop-Buy,52.3,0,-1
1353456002,FDX,Stop-Buy,87.7,0,-1
1353456002,UNP,Stop-Buy,57.88,0,-1
1353456002,IWM,Stop-Buy,77.92,0,-1
1353456002,UNH,Stop-Buy,52.25,0,-1
1353628800,UNP,Buy,58.47,0.4785854662589899,118
1353628802,FDX,Stop-Buy,87.66,0,-1
1353628802,IWM,Stop-Buy,77.94,0,-1
1353628802,UNH,Stop-Buy,52.21,0,-1
1353888001,UNP,Stop-Sell,57.9,0,-1
1353888002,FDX,Stop-Buy,87.63,0,-1
1353888002,UNH,Stop-Buy,52.18,0,-1
1353974402,UNH,Stop-Buy,52.16,0,-1
1354060800,GOOGL,Buy,341.94,0.5,2
1354060800,FDX,Buy,88.78,0.9898111210935933,227
1354060802,UNH,Stop-Buy,52.14,0,-1
1354147201,FDX,Stop-Sell,87.57,0,-1
1354147201,GOOGL,Stop-Sell,337.66,0,-1
1354233600,UNH,Buy,52.66,0.9646302002211739,463
1354233602,FDX,Stop-Sell,87.56,0,-1
1354233602,GOOGL,Stop-Sell,345.53,0,-1
1354492801,UNH,Stop-Sell,52.11,0,-1
1354492802,GOOGL,Stop-Sell,347.5,0,-1
1358899200,GOOGL,Buy,370.85,0.5,0
1358985601,GOOGL,Stop-Sell,353.13,0,-1
1359072002,GOOGL,Stop-Sell,375.26,0,-1
1359590400,AGN,Buy,86.59,1.0,255
1359676801,AGN,Stop-Sell,85.79,0,-1
1359936002,AGN,Stop-Sell,85.87,0,-1
1360022402,AGN,Stop-Sell,85.9,0,-1
1360108802,AGN,Stop-Sell,85.94,0,-1
1360195202,AGN,Stop-Sell,86.0,0,-1
1360281602,AGN,Stop-Sell,86.04,0,-1
1360540802,AGN,Stop-Sell,86.09,0,-1
1361923200,GD,Buy,65.81,0.9572456267920447,115
1362009601,GD,Stop-Sell,64.05,0,-1
1362528000,AGN,Buy,87.06,1.0,402
1362614401,AGN,Stop-Sell,86.18,0,-1
1362700802,AGN,Stop-Sell,86.18,0,-1
1362960002,AGN,Stop-Sell,86.19,0,-1
1363046402,AGN,Stop-Sell,88.47,0,-1
1363132802,AGN,Stop-Sell,89.7,0,-1
1363219202,AGN,Stop-Sell,90.83,0,-1
1363824000,AMZN,Sell,253.19,1.0,19
1363910401,AMZN,Stop-Buy,255.92,0,-1
1363910402,AMZN,Stop-Buy,255.52,0,-1
1366156800,GD,Sell,63.91,0.9649631268064923,110
1366243200,AMZN,Sell,259.22,1.0,13
1366243201,GD,Stop-Buy,65.81,0,-1
1366243202,GD,Stop-Buy,65.16,0,-1
1366329601,AMZN,Stop-Buy,262.23,0,-1
1366329602,AMZN,Stop-Buy,261.74,0,-1
1366329602,GD,Stop-Buy,65.19,0,-1
1366588800,GD,Buy-Market,-1.0,0,-1
1366761600,GD,Buy,69.41,0.9649631268064924,11
1366848001,GD,Stop-Sell,65.31,0,-1
1366934400,AMZN,Sell,254.61,1.0,0
1366934402,GD,Stop-Sell,70.49,0,-1
1367193601,AMZN,Stop-Buy,263.37,0,-1
1367193602,AMZN,Stop-Buy,255.15,0,-1
1367280002,AMZN,Stop-Buy,262.68,0,-1
1367366402,AMZN,Stop-Buy,254.15,0,-1
1367452802,AMZN,Stop-Buy,252.8,0,-1
1367539200,GILD,Buy,55.35,1.0,5
1367798401,GILD,Stop-Sell,54.8,0,-1
1367884800,FDX,Buy,98.83,0.9911066853882184,11
1367971201,FDX,Stop-Sell,97.81,0,-1
1368057602,FDX,Stop-Sell,98.04,0,-1
1368144000,AMZN,Buy,263.83,1.0,20
1368144002,FDX,Stop-Sell,98.14,0,-1
1368403200,GILD,Buy,54.67,1.0,6
1368403201,AMZN,Stop-Sell,263.11,0,-1
1368489601,GILD,Stop-Sell,53.54,0,-1
1368489602,AMZN,Stop-Sell,264.25,0,-1
1368576002,AMZN,Stop-Sell,266.31,0,-1
1368576002,GILD,Stop-Sell,53.18,0,-1
1368662402,GILD,Stop-Sell,53.0,0,-1
1368748802,GILD,Stop-Sell,52.85,0,-1
1369008002,GILD,Stop-Sell,52.69,0,-1
1369094402,GILD,Stop-Sell,52.54,0,-1
1369180800,AMZN,Sell,262.76,1.0,26
1369180802,GILD,Stop-Sell,52.38,0,-1
1369267201,AMZN,Stop-Buy,264.68,0,-1
1369267202,AMZN,Stop-Buy,264.14,0,-1
1369267202,GILD,Stop-Sell,52.22,0,-1
1369353602,AMZN,Stop-Buy,264.25,0,-1
1369353602,GILD,Stop-Sell,52.05,0,-1
1369699200,AMZN,Buy,267.49,1.0,11
1369699202,GILD,Stop-Sell,51.87,0,-1
1369785601,AMZN,Stop-Sell,264.35,0,-1
1369785602,GILD,Stop-Sell,51.69,0,-1
1369872000,AAPL,Buy,62.43,0.13818910651921604,1
1369872002,AMZN,Stop-Sell,264.5,0,-1
1369872002,GILD,Stop-Sell,51.5,0,-1
1369958401,AAPL,Stop-Sell,61.64,0,-1
1369958402,AMZN,Stop-Sell,264.51,0,-1
1369958402,GILD,Stop-Sell,51.28,0,-1
1370217602,GILD,Stop-Sell,51.05,0,-1
1370304000,URI,Sell,52.7,1.0,70
1370304002,GILD,Stop-Sell,50.8,0,-1
1370390400,GILD,Sell,49.92,1.0,7
1370390400,CP,Sell,119.77,0.9852501913129396,54
1370390401,URI,Stop-Buy,53.66,0,-1
1370390402,URI,Stop-Buy,52.99,0,-1
1370476800,AAPL,Sell,60.56,0.138189106519216,1
1370476801,GILD,Stop-Buy,51.24,0,-1
1370476801,CP,Stop-Buy,121.33,0,-1
1370476802,GILD,Stop-Buy,50.28,0,-1
1370476802,URI,Stop-Buy,53.02,0,-1
1370476802,CP,Stop-Buy,120.79,0,-1
1370563201,AAPL,Stop-Buy,61.26,0,-1
1370563202,AAPL,Stop-Buy,61.09,0,-1
1370563202,URI,Stop-Buy,53.06,0,-1
1370822402,URI,Stop-Buy,53.09,0,-1
1370908802,URI,Stop-Buy,50.36,0,-1
1371772800,WHR,Sell,110.02,0.9725953326172317,14
1372032001,WHR,Stop-Buy,114.93,0,-1
1372032002,WHR,Stop-Buy,114.29,0,-1
1372118402,WHR,Stop-Buy,114.29,0,-1
1372204802,WHR,Stop-Buy,114.3,0,-1
1372291202,WHR,Stop-Buy,114.35,0,-1
1372377602,WHR,Stop-Buy,114.39,0,-1
1373328000,FDX,Buy,102.59,0.9925996157237097,3
1373414401,FDX,Stop-Sell,98.2,0,-1
1373500800,CP,Buy,123.52,0.9879440891791273,554
1373500802,FDX,Stop-Sell,98.15,0,-1
1373587201,CP,Stop-Sell,122.87,0,-1
1373587202,FDX,Stop-Sell,98.11,0,-1
1373846402,FDX,Stop-Sell,98.09,0,-1
1373846402,CP,Stop-Sell,124.91,0,-1
1373932802,FDX,Stop-Sell,98.08,0,-1
1374019200,URI,Buy,56.57,1.0,4
1374019202,FDX,Stop-Sell,98.07,0,-1
1374105601,URI,Stop-Sell,52.78,0,-1
1374105602,FDX,Stop-Sell,102.9,0,-1
1374192002,FDX,Stop-Sell,106.98,0,-1
1374192002,URI,Stop-Sell,52.9,0,-1
1374451202,URI,Stop-Sell,52.94,0,-1
1374537602,URI,Stop-Sell,52.97,0,-1
1374624000,AAPL,Buy,60.9,0.13818910651921604,0
1374624002,URI,Stop-Sell,52.99,0,-1
1374710401,AAPL,Stop-Sell,59.43,0,-1
1374710402,URI,Stop-Sell,53.03,0,-1
1374796802,AAPL,Stop-Sell,60.12,0,-1
1374796802,URI,Stop-Sell,53.02,0,-1
1375056000,CF,Buy,197.15,0.9735939798810999,1
1375056002,AAPL,Stop-Sell,60.88,0,-1
1375056002,URI,Stop-Sell,53.02,0,-1
1375142401,CF,Stop-Sell,182.11,0,-1
1375142402,AAPL,Stop-Sell,62.15,0,-1
1375142402,URI,Stop-Sell,53.04,0,-1
1375228802,CF,Stop-Sell,181.95,0,-1
1375228802,URI,Stop-Sell,53.06,0,-1
1375315202,CF,Stop-Sell,181.84,0,-1
1375315202,URI,Stop-Sell,57.82,0,-1
1375401602,CF,Stop-Sell,181.71,0,-1
1375401602,URI,Stop-Sell,58.7,0,-1
1375660800,CF,Sell-Market,-1.0,0,-1
1376524800,GOOGL,Sell,429.73,0.5,7
1376524800,V,Sell,172.09,0.9905641909799335,25
1376611201,V,Stop-Buy,176.71,0,-1
1376611201,GOOGL,Stop-Buy,432.05,0,-1
1376611202,V,Stop-Buy,176.08,0,-1
1376611202,GOOGL,Stop-Buy,431.92,0,-1
1376870402,V,Stop-Buy,176.15,0,-1
1376956802,V,Stop-Buy,176.19,0,-1
1377475200,V,Sell,173.15,0.9905641909799335,5
1377475200,GOOGL,Sell,433.09,0.5,10
1377561600,UNP,Sell,74.53,0.48589202189038244,104
1377561601,V,Stop-Buy,177.35,0,-1
1377561601,GOOGL,Stop-Buy,434.26,0,-1
1377561602,V,Stop-Buy,176.76,0,-1
1377561602,GOOGL,Stop-Buy,434.25,0,-1
1377648001,UNP,Stop-Buy,75.18,0,-1
1377648002,UNP,Stop-Buy,74.53,0,-1
1377648002,V,Stop-Buy,176.85,0,-1
1377648002,GOOGL,Stop-Buy,434.62,0,-1
1377734402,V,Stop-Buy,176.96,0,-1
1377734402,GOOGL,Stop-Buy,435.01,0,-1
1377820802,V,Stop-Buy,177.04,0,-1
1377820802,GOOGL,Stop-Buy,435.29,0,-1
1378166402,V,Stop-Buy,177.14,0,-1
1378166402,GOOGL,Stop-Buy,435.64,0,-1
1378252802,V,Stop-Buy,177.25,0,-1
1378339202,V,Stop-Buy,177.4,0,-1
1378425602,V,Stop-Buy,177.53,0,-1
1378684802,V,Stop-Buy,177.69,0,-1
1378771200,V,Buy,183.05,0.9905641909799335,10
1378857601,V,Stop-Sell,177.93,0,-1
1378944002,V,Stop-Sell,178.38,0,-1
1379030402,V,Stop-Sell,183.49,0,-1
1379289600,CP,Buy,124.35,0.9879440891791271,219
1379289602,V,Stop-Sell,187.35,0,-1
1379376001,CP,Stop-Sell,123.06,0,-1
1379462402,CP,Stop-Sell,124.83,0,-1
1379548802,CP,Stop-Sell,126.66,0,-1
1380499200,CP,Sell,121.95,0.9906218567295473,237
1380585600,GOOGL,Buy,443.6,0.5,8
1380585601,CP,Stop-Buy,123.84,0,-1
1380585602,CP,Stop-Buy,123.13,0,-1
1380672001,GOOGL,Stop-Sell,442.56,0,-1
1380758400,GOOGL,Sell,437.94,0.5,5
1380844801,GOOGL,Stop-Buy,442.94,0,-1
1380844802,GOOGL,Stop-Buy,442.52,0,-1
1381104002,GOOGL,Stop-Buy,442.27,0,-1
1381190400,V,Sell,180.61,0.9905641909799335,44
1381190402,GOOGL,Stop-Buy,442.01,0,-1
1381276801,V,Stop-Buy,182.22,0,-1
1381276802,V,Stop-Buy,181.52,0,-1
1381276802,GOOGL,Stop-Buy,441.75,0,-1
1381363200,UNP,Buy,76.84,0.48838458485982017,88
1381363202,GOOGL,Stop-Buy,441.55,0,-1
1381449601,UNP,Stop-Sell,76.24,0,-1
1381449602,GOOGL,Stop-Buy,441.37,0,-1
1381708802,GOOGL,Stop-Buy,441.3,0,-1
1384214400,UNP,Buy,76.61,0.48838458485982017,119
1384300800,UNH,Buy,69.79,0.9800929485541974,126
1384300801,UNP,Stop-Sell,76.14,0,-1
1384387201,UNH,Stop-Sell,69.08,0,-1
1384387202,UNP,Stop-Sell,77.08,0,-1
1384473602,UNP,Stop-Sell,77.24,0,-1
1384473602,UNH,Stop-Sell,69.23,0,-1
1384732802,UNP,Stop-Sell,77.68,0,-1
1384732802,UNH,Stop-Sell,69.29,0,-1
1384819202,UNH,Stop-Sell,69.35,0,-1
1384905602,UNH,Stop-Sell,70.2,0,-1
1384992002,UNH,Stop-Sell,70.7,0,-1
1385078402,UNH,Stop-Sell,71.21,0,-1
1385337602,UNH,Stop-Sell,72.28,0,-1
1385424002,UNH,Stop-Sell,72.49,0,-1
1385510402,UNH,Stop-Sell,72.63,0,-1
1385683202,UNH,Stop-Sell,72.75,0,-1
1386806400,UNH,Sell,69.66,0.9838190317258902,40
1386892801,UNH,Stop-Buy,70.93,0,-1
1386892802,UNH,Stop-Buy,70.23,0,-1
1387152002,UNH,Stop-Buy,70.22,0,-1
1387238402,UNH,Stop-Buy,70.21,0,-1
1389744000,NFLX,Sell,330.18,1.0,3
1389830401,NFLX,Stop-Buy,332.19,0,-1
1389830402,NFLX,Stop-Buy,332.03,0,-1
1390435200,NFLX,Buy,388.92,1.0,0
1390521600,WHR,Sell,142.8,0.9815478311505829,170
1390521600,UNH,Sell,70.24,0.9838190317258902,199
1390521600,VIAB,Sell,79.93,0.9842926017885093,305
1390521601,NFLX,Stop-Sell,334.54,0,-1
1390780801,WHR,Stop-Buy,144.16,0,-1
1390780801,UNH,Stop-Buy,71.45,0,-1
1390780801,VIAB,Stop-Buy,81.68,0,-1
1390780802,WHR,Stop-Buy,143.62,0,-1
1390780802,NFLX,Stop-Sell,336.48,0,-1
1390780802,UNH,Stop-Buy,70.75,0,-1
1390780802,VIAB,Stop-Buy,81.01,0,-1
1390867200,WHR,Buy-Market,-1.0,0,-1
1390867200,AAPL,Sell,70.84,0.13991780672049423,0
1390867202,NFLX,Stop-Sell,381.07,0,-1
1390953601,AAPL,Stop-Buy,72.98,0,-1
1390953602,AAPL,Stop-Buy,72.9,0,-1
1390953602,NFLX,Stop-Sell,400.17,0,-1
1391040002,AAPL,Stop-Buy,72.9,0,-1
1391040002,NFLX,Stop-Sell,404.42,0,-1
1391126400,AMZN,Sell,358.49,1.0,0
1391126402,AAPL,Stop-Buy,72.9,0,-1
1391385600,IWM,Sell,107.06,0.9872287182570632,2
1391385600,MA,Sell,73.38,0.9955192684192147,84
1391385600,FDX,Sell,128.6,0.99505277317391,132
1391385600,UNH,Sell,69.4,0.9838190317258905,270
1391385601,AMZN,Stop-Buy,359.65,0,-1
1391385602,AAPL,Stop-Buy,72.91,0,-1
1391385602,AMZN,Stop-Buy,359.23,0,-1
1391472001,FDX,Stop-Buy,130.63,0,-1
1391472001,MA,Stop-Buy,74.01,0,-1
1391472001,IWM,Stop-Buy,109.29,0,-1
1391472001,UNH,Stop-Buy,71.36,0,-1
1391472002,AAPL,Stop-Buy,72.97,0,-1
1391472002,AMZN,Stop-Buy,349.84,0,-1
1391472002,FDX,Stop-Buy,130.13,0,-1
1391472002,MA,Stop-Buy,73.38,0,-1
1391472002,IWM,Stop-Buy,108.65,0,-1
1391472002,UNH,Stop-Buy,70.63,0,-1
1391558402,AAPL,Stop-Buy,73.03,0,-1
1391558402,AMZN,Stop-Buy,346.7,0,-1
1391558402,MA,Stop-Buy,73.44,0,-1
1391558402,IWM,Stop-Buy,108.7,0,-1
1391558402,UNH,Stop-Buy,70.59,0,-1
1391644802,AAPL,Stop-Buy,72.68,0,-1
1391644802,IWM,Stop-Buy,108.76,0,-1
1391644802,UNH,Stop-Buy,70.56,0,-1
1391731202,UNH,Stop-Buy,70.52,0,-1
1391990400,AAPL,Buy,74.48,0.14075047205482427,1
1391990402,UNH,Stop-Buy,70.48,0,-1
1392076800,VIAB,Buy,82.06,0.9842926017885093,473
1392076801,AAPL,Stop-Sell,73.32,0,-1
1392076802,UNH,Stop-Buy,70.46,0,-1
1392163201,VIAB,Stop-Sell,81.05,0,-1
1392163202,AAPL,Stop-Sell,75.4,0,-1
1392163202,UNH,Stop-Buy,70.46,0,-1
1392249602,UNH,Stop-Buy,70.47,0,-1
1392249602,VIAB,Stop-Sell,81.9,0,-1
1392336000,UNH,Buy,72.53,0.9838190317258904,16
1392336002,VIAB,Stop-Sell,82.85,0,-1
1392681601,UNH,Stop-Sell,70.49,0,-1
1392681602,VIAB,Stop-Sell,84.14,0,-1
1392768002,UNH,Stop-Sell,70.52,0,-1
1392854402,UNH,Stop-Sell,70.54,0,-1
1392940800,AAPL,Sell,73.9,0.14075047205482424,3
1392940802,UNH,Stop-Sell,70.56,0,-1
1393200001,AAPL,Stop-Buy,74.14,0,-1
1393200002,AAPL,Stop-Buy,74.12,0,-1
1393200002,UNH,Stop-Sell,72.69,0,-1
1393286402,UNH,Stop-Sell,73.86,0,-1
1393891200,AAPL,Buy,74.8,0.14075047205482424,26
1393891200,FDX,Buy,136.61,0.99505277317391,111
1393891200,WHR,Buy,144.01,0.9858589161433383,317
1393977600,AMZN,Buy,372.57,1.0,6
1393977601,WHR,Stop-Sell,143.04,0,-1
1393977601,AAPL,Stop-Sell,74.5,0,-1
1393977601,FDX,Stop-Sell,133.84,0,-1
1394064001,AMZN,Stop-Sell,369.14,0,-1
1394064002,WHR,Stop-Sell,145.16,0,-1
1394064002,FDX,Stop-Sell,134.3,0,-1
1394150402,AMZN,Stop-Sell,370.42,0,-1
1394150402,FDX,Stop-Sell,134.37,0,-1
1394409602,FDX,Stop-Sell,134.75,0,-1
1394496000,AAPL,Buy,75.48,0.14075047205482422,2
1394496002,FDX,Stop-Sell,134.92,0,-1
1394582401,AAPL,Stop-Sell,74.82,0,-1
1394582402,FDX,Stop-Sell,135.07,0,-1
1394668800,AAPL,Sell,74.66,0.14075047205482424,6
1394668802,FDX,Stop-Sell,135.18,0,-1
1394755200,AMZN,Buy,373.94,1.0,17
1394755201,AAPL,Stop-Buy,75.02,0,-1
1394755202,AAPL,Stop-Buy,74.95,0,-1
1394755202,FDX,Stop-Sell,135.29,0,-1
1395014400,FDX,Sell-Market,-1.0,0,-1
1395014401,AMZN,Stop-Sell,373.3,0,-1
1395014402,AAPL,Stop-Buy,74.97,0,-1
1395100802,AAPL,Stop-Buy,75.0,0,-1
1395100802,AMZN,Stop-Sell,377.07,0,-1
1395619200,AAPL,Buy,75.92,0.14075047205482422,1
1395619200,NFLX,Sell,378.7,1.0,1
1395705600,OCR,Buy,59.18,0.9907233458839082,165
1395705601,AAPL,Stop-Sell,75.06,0,-1
1395705601,NFLX,Stop-Buy,382.18,0,-1
1395705602,NFLX,Stop-Buy,379.25,0,-1
1395792001,OCR,Stop-Sell,58.4,0,-1
1395792002,AAPL,Stop-Sell,75.94,0,-1
1395792002,NFLX,Stop-Buy,373.26,0,-1
1395878400,OCR,Sell,57.98,0.990723345883908,358
1395964800,V,Sell,210.69,0.9943185631450482,11
1395964801,OCR,Stop-Buy,59.18,0,-1
1395964802,OCR,Stop-Buy,58.52,0,-1
1396224000,OCR,Buy,59.31,0.990723345883908,627
1396224001,V,Stop-Buy,214.46,0,-1
1396224002,V,Stop-Buy,213.96,0,-1
1396310401,OCR,Stop-Sell,58.56,0,-1
1396396800,CP,Buy,152.69,0.9948321947066437,155
1396396802,OCR,Stop-Sell,58.67,0,-1
1396483201,CP,Stop-Sell,149.86,0,-1
1396483202,OCR,Stop-Sell,58.73,0,-1
1396569600,AAPL,Sell,74.83,0.14075047205482424,12
1396569602,OCR,Stop-Sell,58.76,0,-1
1396569602,CP,Stop-Sell,150.02,0,-1
1396828800,IWM,Sell,111.47,0.9897792434492894,1
1396828800,VIAB,Sell,81.55,0.9876405358081982,163
1396828800,CP,Sell,146.95,0.9948321947066437,329
1396828800,OCR,Sell,58.76,0.9907233458839081,1170
1396828801,AAPL,Stop-Buy,75.45,0,-1
1396828802,AAPL,Stop-Buy,75.36,0,-1
1396915201,OCR,Stop-Buy,59.48,0,-1
1396915201,CP,Stop-Buy,150.74,0,-1
1396915201,IWM,Stop-Buy,113.08,0,-1
1396915201,VIAB,Stop-Buy,83.16,0,-1
1396915202,AAPL,Stop-Buy,75.37,0,-1
1396915202,OCR,Stop-Buy,58.82,0,-1
1396915202,CP,Stop-Buy,150.06,0,-1
1396915202,IWM,Stop-Buy,112.43,0,-1
1396915202,VIAB,Stop-Buy,82.49,0,-1
1397001600,GOOGL,Buy,567.24,1.0,15
1397001602,AAPL,Stop-Buy,75.39,0,-1
1397001602,CP,Stop-Buy,150.07,0,-1
1397088001,GOOGL,Stop-Sell,563.57,0,-1
1397088002,AAPL,Stop-Buy,75.39,0,-1
1397088002,CP,Stop-Buy,148.42,0,-1
1397174400,CF,Sell,233.82,0.9844389172269071,46
1397174402,AAPL,Stop-Buy,75.38,0,-1
1397174402,CP,Stop-Buy,143.37,0,-1
1397433601,CF,Stop-Buy,234.96,0,-1
1397433602,AAPL,Stop-Buy,75.39,0,-1
1397433602,CF,Stop-Buy,234.52,0,-1
1397520002,AAPL,Stop-Buy,75.39,0,-1
1397606402,AAPL,Stop-Buy,75.4,0,-1
1397692802,AAPL,Stop-Buy,75.41,0,-1
1398038402,AAPL,Stop-Buy,75.43,0,-1
1398124800,AAPL,Buy-Market,-1.0,0,-1
1398124800,VRX,Buy,135.61,1.0,1
1398124800,CP,Buy,156.15,0.994832194706644,38
1398211201,VRX,Stop-Sell,128.3,0,-1
1398211201,CP,Stop-Sell,149.95,0,-1
1398297602,VRX,Stop-Sell,128.8,0,-1
1398297602,CP,Stop-Sell,150.0,0,-1
1398384002,VRX,Stop-Sell,129.04,0,-1
1398384002,CP,Stop-Sell,150.02,0,-1
1398643202,VRX,Stop-Sell,129.27,0,-1
1398643202,CP,Stop-Sell,150.01,0,-1
1398729600,GILD,Buy,76.44,1.0,12
1398729602,VRX,Stop-Sell,129.52,0,-1
1398816000,FDX,Buy,135.92,0.9961388381959292,252
1398816001,GILD,Stop-Sell,75.71,0,-1
1398816002,VRX,Stop-Sell,129.78,0,-1
1398902400,OCR,Buy,59.91,0.9907233458839081,188
1398902401,FDX,Stop-Sell,135.34,0,-1
1398902402,GILD,Stop-Sell,78.37,0,-1
1398902402,VRX,Stop-Sell,133.15,0,-1
1398988800,FLT,Buy,120.65,1.0,20
1398988801,OCR,Stop-Sell,59.05,0,-1
1398988802,FDX,Stop-Sell,135.3,0,-1
1398988802,VRX,Stop-Sell,130.38,0,-1
1399248001,FLT,Stop-Sell,115.53,0,-1
1399248002,VRX,Stop-Sell,130.66,0,-1
1399334400,VRX,Sell-Market,-1.0,0,-1
1399334402,FLT,Stop-Sell,115.61,0,-1
1399420802,FLT,Stop-Sell,115.65,0,-1
1399507202,FLT,Stop-Sell,115.69,0,-1
1399593602,FLT,Stop-Sell,115.73,0,-1
1399852802,FLT,Stop-Sell,122.67,0,-1
1399939200,CF,Buy,245.28,0.9844389172269071,12
1399939202,FLT,Stop-Sell,123.88,0,-1
1400025601,CF,Stop-Sell,238.67,0,-1
1400112000,CF,Sell,236.23,0.9884084289899189,52
1400198401,CF,Stop-Buy,239.69,0,-1
1400198402,CF,Stop-Buy,239.14,0,-1
1400457600,CF,Buy,243.59,0.9884084289899189,57
1400544001,CF,Stop-Sell,239.31,0,-1
1400630400,NFLX,Buy,390.8,1.0,2
1400630402,CF,Stop-Sell,239.63,0,-1
1400716800,VIAB,Buy,83.82,0.9876405358081981,578
1400716801,NFLX,Stop-Sell,378.55,0,-1
1400716802,CF,Stop-Sell,239.78,0,-1
1400803201,VIAB,Stop-Sell,83.23,0,-1
1400803202,NFLX,Stop-Sell,391.39,0,-1
1400803202,CF,Stop-Sell,241.73,0,-1
1401148800,GOOGL,Buy,575.07,1.0,10
1401148802,NFLX,Stop-Sell,398.56,0,-1
1401148802,CF,Stop-Sell,243.66,0,-1
1401148802,VIAB,Stop-Sell,83.19,0,-1
1401235201,GOOGL,Stop-Sell,565.0,0,-1
1401235202,VIAB,Stop-Sell,83.18,0,-1
1401321602,GOOGL,Stop-Sell,565.32,0,-1
1401321602,VIAB,Stop-Sell,83.18,0,-1
1401408002,GOOGL,Stop-Sell,565.45,0,-1
1401408002,VIAB,Stop-Sell,83.18,0,-1
1401667200,CF,Buy,241.86,0.988408428989919,182
1401667202,VIAB,Stop-Sell,84.12,0,-1
1401753601,CF,Stop-Sell,240.64,0,-1
1401753602,VIAB,Stop-Sell,85.34,0,-1
1401840002,VIAB,Stop-Sell,85.23,0,-1
1401926400,IWM,Buy,113.8,0.9897792434492894,0
1401926402,VIAB,Stop-Sell,85.57,0,-1
1402012801,IWM,Stop-Sell,112.33,0,-1
1402012802,VIAB,Stop-Sell,86.33,0,-1
1402272002,IWM,Stop-Sell,114.45,0,-1
1402272002,VIAB,Stop-Sell,86.3,0,-1
1402358402,IWM,Stop-Sell,115.19,0,-1
1403136000,GOOGL,Buy,565.19,1.0,20
1403136000,CF,Buy,243.34,0.988408428989919,156
1403222401,GOOGL,Stop-Sell,564.12,0,-1
1403222401,CF,Stop-Sell,240.92,0,-1
1403481602,CF,Stop-Sell,241.23,0,-1
1404172800,AMZN,Buy,332.59,1.0,16
1404172800,MA,Buy,75.51,0.9970544866937994,33
1404172800,V,Buy,213.64,0.9962137667343841,42
1404259201,AMZN,Stop-Sell,331.82,0,-1
1404259201,MA,Stop-Sell,74.56,0,-1
1404259201,V,Stop-Sell,212.66,0,-1
1404345602,AMZN,Stop-Sell,334.58,0,-1
1404345602,MA,Stop-Sell,74.57,0,-1
1404345602,V,Stop-Sell,214.25,0,-1
1404691202,MA,Stop-Sell,74.46,0,-1
1404691202,V,Stop-Sell,215.36,0,-1
1404777600,AMZN,Sell,323.61,1.0,6
1404777602,MA,Stop-Sell,74.57,0,-1
1404864001,AMZN,Stop-Buy,331.47,0,-1
1404864002,AMZN,Stop-Buy,330.5,0,-1
1404864002,MA,Stop-Sell,74.57,0,-1
1404950402,AMZN,Stop-Buy,330.2,0,-1
1404950402,MA,Stop-Sell,74.55,0,-1
1405036800,AMZN,Buy,346.4,1.0,0
1405036802,MA,Stop-Sell,74.54,0,-1
1405296001,AMZN,Stop-Sell,330.13,0,-1
1405296002,MA,Stop-Sell,74.55,0,-1
1405382402,AMZN,Stop-Sell,353.47,0,-1
1405382402,MA,Stop-Sell,77.62,0,-1
1405468800,VIAB,Buy,86.82,0.9914040620993841,14
1405468802,MA,Stop-Sell,77.94,0,-1
1405555201,VIAB,Stop-Sell,84.25,0,-1
1405641602,VIAB,Stop-Sell,84.29,0,-1
1405900802,VIAB,Stop-Sell,84.31,0,-1
1405987202,VIAB,Stop-Sell,84.32,0,-1
1406073600,WHR,Buy,144.13,0.9909747688182674,21
1406073602,VIAB,Stop-Sell,84.3,0,-1
1406160001,WHR,Stop-Sell,143.41,0,-1
1406160002,VIAB,Stop-Sell,84.3,0,-1
1406246402,WHR,Stop-Sell,144.84,0,-1
1406246402,VIAB,Stop-Sell,84.3,0,-1
1406505602,WHR,Stop-Sell,146.05,0,-1
1406505602,VIAB,Stop-Sell,84.3,0,-1
1406592002,VIAB,Stop-Sell,84.28,0,-1
1406764800,V,Sell,210.01,0.9962137667343842,130
1406851201,V,Stop-Buy,212.03,0,-1
1406851202,V,Stop-Buy,211.18,0,-1
1407283200,AGN,Sell,206.31,1.0,9
1407369600,CF,Sell,240.79,0.9884084289899189,13
1407369600,UNH,Sell,78.43,0.9920298123299447,24
1407369600,NXPI,Sell,60.3,1.0,34
1407369600,MA,Sell,73.75,0.9984941820670773,74
1407369601,AGN,Stop-Buy,210.33,0,-1
1407369602,AGN,Stop-Buy,206.66,0,-1
1407456001,MA,Stop-Buy,75.14,0,-1
1407456001,NXPI,Stop-Buy,62.22,0,-1
1407456001,CF,Stop-Buy,243.74,0,-1
1407456001,UNH,Stop-Buy,79.64,0,-1
1407456002,MA,Stop-Buy,74.4,0,-1
1407456002,NXPI,Stop-Buy,61.54,0,-1
1407456002,CF,Stop-Buy,242.99,0,-1
1407456002,UNH,Stop-Buy,78.97,0,-1
1407456002,AGN,Stop-Buy,209.39,0,-1
1407715202,AGN,Stop-Buy,206.46,0,-1
1407801602,AGN,Stop-Buy,203.41,0,-1
1410739200,AMZN,Sell,323.69,1.0,11
1410825601,AMZN,Stop-Buy,324.7,0,-1
1410825602,AMZN,Stop-Buy,323.91,0,-1
1411344000,AMZN,Sell,324.3,1.0,23
1411430400,V,Sell,211.86,0.9980984827476925,116
1411430401,AMZN,Stop-Buy,325.61,0,-1
1411430402,AMZN,Stop-Buy,325.06,0,-1
1411516800,VRX,Buy,124.2,1.0,4
1411516801,V,Stop-Buy,212.96,0,-1
1411516802,V,Stop-Buy,212.37,0,-1
1411603201,VRX,Stop-Sell,121.6,0,-1
1411689602,VRX,Stop-Sell,121.48,0,-1
1411948802,VRX,Stop-Sell,121.45,0,-1
1412035202,VRX,Stop-Sell,121.45,0,-1
1412121600,NFLX,Sell,438.6,1.0,22
1412121600,URI,Sell,104.23,1.0,30
1412121600,WHR,Sell,140.76,0.9958480956598759,199
1412121602,VRX,Stop-Sell,130.87,0,-1
1412208001,WHR,Stop-Buy,145.2,0,-1
1412208001,NFLX,Stop-Buy,439.2,0,-1
1412208001,URI,Stop-Buy,109.15,0,-1
1412208002,WHR,Stop-Buy,144.39,0,-1
1412208002,NFLX,Stop-Buy,439.54,0,-1
1412208002,URI,Stop-Buy,108.53,0,-1
1412294402,WHR,Stop-Buy,144.32,0,-1
1412640000,GOOGL,Sell,573.9,1.0,23
1412640000,NXPI,Sell,65.0,1.0,342
1412726401,NXPI,Stop-Buy,65.76,0,-1
1412726401,GOOGL,Stop-Buy,581.4,0,-1
1412726402,NXPI,Stop-Buy,65.12,0,-1
1412726402,GOOGL,Stop-Buy,581.25,0,-1
1412812800,FLT,Sell,132.64,1.0,526
1412899200,CP,Sell,188.83,0.9982144679114378,35
1412899200,UNP,Sell,100.71,0.995736334953526,46
1412899200,VRX,Sell,118.09,1.0,119
1412899200,ODFL,Sell,64.9,1.0,610
1412899201,FLT,Stop-Buy,135.63,0,-1
1412899202,FLT,Stop-Buy,135.03,0,-1
1413158401,UNP,Stop-Buy,101.76,0,-1
1413158401,VRX,Stop-Buy,121.96,0,-1
1413158401,ODFL,Stop-Buy,65.85,0,-1
1413158401,CP,Stop-Buy,190.79,0,-1
1413158402,UNP,Stop-Buy,102.8,0,-1
1413158402,VRX,Stop-Buy,118.83,0,-1
1413158402,ODFL,Stop-Buy,65.48,0,-1
1413158402,CP,Stop-Buy,194.41,0,-1
1413158402,FLT,Stop-Buy,129.6,0,-1
1413244800,AGN,Sell,221.87,1.0,121
1413244802,UNP,Stop-Buy,101.11,0,-1
1413244802,VRX,Stop-Buy,115.19,0,-1
1413244802,ODFL,Stop-Buy,65.17,0,-1
1413244802,CP,Stop-Buy,190.56,0,-1
1413244802,FLT,Stop-Buy,125.14,0,-1
1413331201,AGN,Stop-Buy,223.17,0,-1
1413331202,UNP,Stop-Buy,101.13,0,-1
1413331202,VRX,Stop-Buy,114.59,0,-1
1413331202,CP,Stop-Buy,190.78,0,-1
1413331202,AGN,Stop-Buy,222.5,0,-1
1413504000,CF,Sell,243.39,0.9944004778258922,14
1413763201,CF,Stop-Buy,250.8,0,-1
1413763202,CF,Stop-Buy,250.18,0,-1
1413849600,V,Buy,213.1,0.9980984827476925,64
1413849600,FLT,Buy,136.74,1.0,564
1413936001,V,Stop-Sell,212.07,0,-1
1413936001,FLT,Stop-Sell,135.36,0,-1
1414022402,V,Stop-Sell,212.08,0,-1
1414022402,FLT,Stop-Sell,135.57,0,-1
1414108800,NXPI,Buy,65.73,1.0,89
1414108802,FLT,Stop-Sell,135.69,0,-1
1414368001,NXPI,Stop-Sell,65.04,0,-1
1414368002,FLT,Stop-Sell,135.8,0,-1
1414454400,IWM,Buy,113.95,0.9962978831839567,0
1414454402,NXPI,Stop-Sell,65.1,0,-1
1414454402,FLT,Stop-Sell,138.31,0,-1
1414540800,FLT,Sell-Market,-1.0,0,-1
1414540801,IWM,Stop-Sell,112.57,0,-1
1414540802,NXPI,Stop-Sell,65.14,0,-1
1414627202,IWM,Stop-Sell,112.54,0,-1
1414713600,URI,Buy,110.26,1.0,149
1414713602,IWM,Stop-Sell,115.88,0,-1
1414972801,URI,Stop-Sell,108.97,0,-1
1417564800,AMZN,Sell,316.3,1.0,0
1417564800,URI,Buy,112.71,1.0,69
1417651201,AMZN,Stop-Buy,324.22,0,-1
1417651201,URI,Stop-Sell,110.61,0,-1
1417651202,AMZN,Stop-Buy,323.14,0,-1
1417737600,GILD,Buy,104.79,1.0,1
1417737602,AMZN,Stop-Buy,317.05,0,-1
1417737602,URI,Stop-Sell,110.73,0,-1
1417996801,GILD,Stop-Sell,101.85,0,-1
1417996802,AMZN,Stop-Buy,311.82,0,-1
1418083202,GILD,Stop-Sell,102.22,0,-1
1418169600,CF,Sell,252.26,1.0,178
1418169602,GILD,Stop-Sell,102.38,0,-1
1418256001,CF,Stop-Buy,258.76,0,-1
1418256002,GILD,Stop-Sell,102.53,0,-1
1418256002,CF,Stop-Buy,258.07,0,-1
1418342400,FLT,Sell,138.13,1.0,162
1418342402,GILD,Stop-Sell,102.67,0,-1
1418342402,CF,Stop-Buy,251.54,0,-1
1418601601,FLT,Stop-Buy,142.12,0,-1
1418601602,FLT,Stop-Buy,141.48,0,-1
1418688000,GILD,Sell,100.26,1.0,13
1418688002,FLT,Stop-Buy,141.55,0,-1
1418774401,GILD,Stop-Buy,103.6,0,-1
1418774402,GILD,Stop-Buy,103.01,0,-1
1418860800,GILD,Buy,105.74,1.0,15
1418860800,VIAB,Buy,75.94,1.0,208
1418947201,GILD,Stop-Sell,103.14,0,-1
1418947201,VIAB,Stop-Sell,75.24,0,-1
1419206402,VIAB,Stop-Sell,75.1,0,-1
1419292802,VIAB,Stop-Sell,75.05,0,-1
1419379202,VIAB,Stop-Sell,75.01,0,-1
1419552002,VIAB,Stop-Sell,74.97,0,-1
1419811202,VIAB,Stop-Sell,74.94,0,-1
1419897602,VIAB,Stop-Sell,74.91,0,-1
1419984002,VIAB,Stop-Sell,74.87,0,-1
