1190073600,UNP,Buy,25.42,0.21806177091012613,100
1190160001,UNP,Stop-Sell,24.7,0,-1
1190160002,UNP,Stop-Sell,24.7,0,-1
1192752000,IWM,Sell,73.57,0.9336459161048385,2
1193011201,IWM,Stop-Buy,77.02,0,-1
1193011202,IWM,Tightened-Stop-Buy,75.68,0,-1
1195171200,FDX,Sell,92.21,0.9580520012638141,7
1195430401,FDX,Stop-Buy,94.31,0,-1
1195430402,FDX,Stop-Buy,94.31,0,-1
1195516802,FDX,Stop-Buy,94.31,0,-1
1195603202,FDX,Stop-Buy,94.31,0,-1
1195776002,FDX,Tightened-Stop-Buy,89.96,0,-1
1199232000,WHR,Sell,65.79,0.8332797342732089,264
1199318401,WHR,Stop-Buy,68.35,0,-1
1199318402,WHR,Stop-Buy,68.35,0,-1
1199404800,AAPL,Sell,24.17,0.1352772335721434,1
1199404800,GOOGL,Sell,327.4,0.5,5
1199404802,WHR,Stop-Buy,68.35,0,-1
1199664001,AAPL,Stop-Buy,25.13,0,-1
1199664001,GOOGL,Stop-Buy,334.17,0,-1
1199664002,WHR,Tightened-Stop-Buy,63.79,0,-1
1199664002,AAPL,Stop-Buy,25.13,0,-1
1199664002,GOOGL,Stop-Buy,334.17,0,-1
1199750402,AAPL,Stop-Buy,25.13,0,-1
1199750402,GOOGL,Stop-Buy,334.17,0,-1
1199836802,AAPL,Tightened-Stop-Buy,24.34,0,-1
1199836802,GOOGL,Tightened-Stop-Buy,326.91,0,-1
1200528000,CF,Sell,83.97,0.94223532537974,28
1200614401,CF,Stop-Buy,90.81,0,-1
1200614402,CF,Stop-Buy,90.81,0,-1
1200960000,GILD,Sell,42.58,0.9874812218327491,55
1200960002,CF,Stop-Buy,90.81,0,-1
1201046401,GILD,Stop-Buy,42.4,0,-1
1201046402,GILD,Stop-Buy,42.4,0,-1
1201046402,CF,Stop-Buy,90.81,0,-1
1201737600,UNP,Buy,27.53,0.2188329884907101,74
1201824001,UNP,Stop-Sell,26.84,0,-1
1201824002,UNP,Stop-Sell,26.84,0,-1
1202083202,UNP,Stop-Sell,26.84,0,-1
1204502400,GOOGL,Sell,226.68,0.5,0
1204588801,GOOGL,Stop-Buy,232.13,0,-1
1204588802,GOOGL,Stop-Buy,232.13,0,-1
1204675200,WHR,Sell,70.15,0.8373183984496912,16
1204675202,GOOGL,Stop-Buy,232.13,0,-1
1204761600,UNP,Sell,26.4,0.21883298849071012,69
1204761601,WHR,Stop-Buy,71.43,0,-1
1204761602,WHR,Stop-Buy,71.43,0,-1
1204761602,GOOGL,Stop-Buy,232.13,0,-1
1204848001,UNP,Stop-Buy,27.12,0,-1
1204848002,UNP,Stop-Buy,27.12,0,-1
1204848002,GOOGL,Stop-Buy,232.13,0,-1
1205107202,UNP,Stop-Buy,27.12,0,-1
1205107202,GOOGL,Stop-Buy,232.13,0,-1
1205193602,GOOGL,Tightened-Stop-Buy,220.23,0,-1
1205452800,CVS,Sell,34.8,0.9183286188198884,67
1205712001,CVS,Stop-Buy,37.19,0,-1
1205712002,CVS,Stop-Buy,37.19,0,-1
1205798402,CVS,Tightened-Stop-Buy,36.21,0,-1
1206921600,GILD,Buy,51.2,0.987481221832749,15
1207008000,GOOGL,Buy,233.35,0.5,3
1207008000,VIAB,Buy,37.92,0.9169797469336981,495
1207008001,GILD,Stop-Sell,48.89,0,-1
1207008002,GILD,Stop-Sell,48.89,0,-1
1207094401,GOOGL,Stop-Sell,228.36,0,-1
1207094401,VIAB,Stop-Sell,36.03,0,-1
1207094402,GILD,Stop-Sell,48.89,0,-1
1207094402,GOOGL,Stop-Sell,228.36,0,-1
1207094402,VIAB,Stop-Sell,36.03,0,-1
1207180802,GILD,Stop-Sell,48.89,0,-1
1207180802,VIAB,Stop-Sell,36.03,0,-1
1207267200,CF,Buy,120.1,0.9429772429587795,12
1207267202,GILD,Tightened-Stop-Sell,51.26,0,-1
1207267202,VIAB,Stop-Sell,36.03,0,-1
1207526401,CF,Stop-Sell,115.02,0,-1
1207526402,CF,Stop-Sell,115.02,0,-1
1207526402,VIAB,Stop-Sell,36.03,0,-1
1207612802,CF,Stop-Sell,115.02,0,-1
1207612802,VIAB,Tightened-Stop-Sell,36.98,0,-1
1207699202,CF,Stop-Sell,115.02,0,-1
1207699202,VIAB,Tightened-Stop-Sell,37.24,0,-1
1207785602,CF,Stop-Sell,115.02,0,-1
1207872002,CF,Stop-Sell,115.02,0,-1
1208131202,CF,Stop-Sell,115.02,0,-1
1208217602,CF,Stop-Sell,115.02,0,-1
1208304000,NFLX,Buy,39.31,1.0,228
1208304002,CF,Stop-Sell,115.02,0,-1
1208390401,NFLX,Stop-Sell,36.48,0,-1
1208390402,NFLX,Stop-Sell,36.48,0,-1
1208390402,CF,Tightened-Stop-Sell,141.45,0,-1
1208476800,AMZN,Buy,81.25,1.0,11
1208476802,NFLX,Tightened-Stop-Sell,38.39,0,-1
1208736001,AMZN,Stop-Sell,77.65,0,-1
1208736002,AMZN,Stop-Sell,77.65,0,-1
1208736002,NFLX,Stop-Sell,38.39,0,-1
1209600000,FDX,Buy,95.19,0.9601079052003412,143
1209686401,FDX,Stop-Sell,92.76,0,-1
1209686402,FDX,Tightened-Stop-Sell,92.71,0,-1
1212364800,CP,Sell,63.74,0.9124548564059162,156
1212451201,CP,Stop-Buy,65.58,0,-1
1212451202,CP,Stop-Buy,65.58,0,-1
1212537602,CP,Stop-Buy,65.58,0,-1
1212624002,CP,Stop-Buy,65.58,0,-1
1212710402,CP,Stop-Buy,65.58,0,-1
1212969602,CP,Stop-Buy,65.58,0,-1
1213056002,CP,Stop-Buy,65.58,0,-1
1213142402,CP,Stop-Buy,65.58,0,-1
1213228802,CP,Stop-Buy,65.58,0,-1
1213315202,CP,Tightened-Stop-Buy,59.3,0,-1
1215388800,GD,Sell,68.98,0.848240533700908,178
1215475201,GD,Stop-Buy,71.26,0,-1
1215475202,GD,Tightened-Stop-Buy,71.2,0,-1
1216339200,GOOGL,Sell,239.0,0.5,0
1216598401,GOOGL,Stop-Buy,245.04,0,-1
1216598402,GOOGL,Stop-Buy,245.04,0,-1
1216684802,GOOGL,Stop-Buy,245.04,0,-1
1216771200,GD,Buy,76.01,0.8482405337009079,34
1216771200,UNP,Buy,34.23,0.44050087255072856,56
1216857601,GD,Stop-Sell,73.35,0,-1
1216857601,UNP,Stop-Sell,32.84,0,-1
1216857602,GD,Stop-Sell,73.35,0,-1
1216857602,UNP,Stop-Sell,32.84,0,-1
1216944002,GD,Stop-Sell,73.35,0,-1
1216944002,UNP,Stop-Sell,32.84,0,-1
1217203202,GD,Stop-Sell,73.35,0,-1
1217203202,UNP,Stop-Sell,32.84,0,-1
1217289602,GD,Stop-Sell,73.35,0,-1
1217289602,UNP,Stop-Sell,32.84,0,-1
1217376002,GD,Stop-Sell,73.35,0,-1
1217376002,UNP,Stop-Sell,32.84,0,-1
1217462402,GD,Tightened-Stop-Sell,75.36,0,-1
1217462402,UNP,Stop-Sell,32.84,0,-1
1217548802,UNP,Tightened-Stop-Sell,34.86,0,-1
1217808002,UNP,Tightened-Stop-Sell,34.89,0,-1
1217894402,UNP,Stop-Sell,34.89,0,-1
1217980802,UNP,Tightened-Stop-Sell,35.97,0,-1
1218499200,AAPL,Buy,24.11,0.13527723357214338,2
1218585601,AAPL,Stop-Sell,23.62,0,-1
1218585602,AAPL,Stop-Sell,23.62,0,-1
1218672002,AAPL,Stop-Sell,23.62,0,-1
1218758402,AAPL,Stop-Sell,23.62,0,-1
1219881600,UNP,Buy,37.23,0.44194830148572534,84
1219968001,UNP,Stop-Sell,36.28,0,-1
1219968002,UNP,Stop-Sell,36.28,0,-1
1220486400,AAPL,Sell,21.73,0.1352772335721434,6
1220572801,AAPL,Stop-Buy,22.23,0,-1
1220572802,AAPL,Stop-Buy,22.23,0,-1
1221436800,IWM,Sell,64.04,0.9336459161048385,7
1221523201,IWM,Stop-Buy,66.06,0,-1
1221523202,IWM,Tightened-Stop-Buy,66.57,0,-1
1221609602,IWM,Stop-Buy,66.57,0,-1
1225324800,UNP,Buy,28.94,0.4419483014857254,612
1225411201,UNP,Stop-Sell,28.58,0,-1
1225411202,UNP,Stop-Sell,28.58,0,-1
1225670400,CP,Buy,42.31,0.919839302124277,1120
1225756801,CP,Stop-Sell,41.66,0,-1
1225756802,CP,Stop-Sell,41.66,0,-1
1228694400,AAPL,Buy,13.59,0.1352772335721434,4
1228780801,AAPL,Stop-Sell,13.08,0,-1
1228780802,AAPL,Stop-Sell,13.08,0,-1
1229385600,GD,Buy,48.27,0.8527689685208486,305
1229385600,CP,Buy,32.49,0.9198393021242766,691
1229472001,GD,Stop-Sell,45.02,0,-1
1229472001,CP,Stop-Sell,30.28,0,-1
1229472002,GD,Stop-Sell,45.02,0,-1
1229472002,CP,Stop-Sell,30.28,0,-1
1229558402,GD,Tightened-Stop-Sell,47.39,0,-1
1229558402,CP,Tightened-Stop-Sell,30.98,0,-1
1231891200,IWM,Sell,42.03,0.9356454188199924,2
1231891200,UNP,Sell,18.21,0.44430001692524346,48
1231977600,MA,Sell,12.59,0.09810332273456103,7
1231977601,UNP,Stop-Buy,19.34,0,-1
1231977601,IWM,Stop-Buy,43.67,0,-1
1231977602,UNP,Stop-Buy,19.34,0,-1
1231977602,IWM,Stop-Buy,43.67,0,-1
1232064001,MA,Stop-Buy,13.46,0,-1
1232064002,MA,Stop-Buy,13.46,0,-1
1232064002,UNP,Stop-Buy,19.34,0,-1
1232409602,MA,Stop-Buy,13.46,0,-1
1232409602,UNP,Stop-Buy,19.34,0,-1
1232496002,MA,Tightened-Stop-Buy,13.01,0,-1
1232496002,UNP,Stop-Buy,19.34,0,-1
1232582402,MA,Stop-Buy,13.01,0,-1
1232668802,MA,Stop-Buy,13.01,0,-1
1232928002,MA,Stop-Buy,13.01,0,-1
1233014402,MA,Stop-Buy,13.01,0,-1
1233273600,AMZN,Buy,59.48,1.0,0
1233532801,AMZN,Stop-Sell,56.83,0,-1
1233532802,AMZN,Stop-Sell,56.83,0,-1
1233619202,AMZN,Stop-Sell,56.83,0,-1
1233705602,AMZN,Stop-Sell,56.83,0,-1
1233792002,AMZN,Stop-Sell,56.83,0,-1
1233878402,AMZN,Stop-Sell,56.83,0,-1
1234137602,AMZN,Stop-Sell,56.83,0,-1
1234224002,AMZN,Tightened-Stop-Sell,63.01,0,-1
1235001600,UNP,Sell,17.21,0.44430001692524346,42
1235088001,UNP,Stop-Buy,17.86,0,-1
1235088002,UNP,Stop-Buy,17.86,0,-1
1235606400,GILD,Sell,46.21,0.9874812218327491,26
1235692801,GILD,Stop-Buy,49.24,0,-1
1235692802,GILD,Stop-Buy,49.24,0,-1
1235952002,GILD,Stop-Buy,49.24,0,-1
1236038402,GILD,Stop-Buy,49.24,0,-1
1236124802,GILD,Tightened-Stop-Buy,44.97,0,-1
1236211202,GILD,Tightened-Stop-Buy,44.31,0,-1
1236297602,GILD,Tightened-Stop-Buy,43.63,0,-1
1236729600,AMZN,Buy,69.57,1.0,17
1236816001,AMZN,Stop-Sell,65.64,0,-1
1236816002,AMZN,Stop-Sell,65.64,0,-1
1236902402,AMZN,Stop-Sell,65.64,0,-1
1237161602,AMZN,Tightened-Stop-Sell,66.68,0,-1
1237248000,AAPL,Buy,13.51,0.1352772335721434,7
1237248002,AMZN,Stop-Sell,66.68,0,-1
1237334401,AAPL,Stop-Sell,13.08,0,-1
1237334402,AAPL,Stop-Sell,13.08,0,-1
1237334402,AMZN,Stop-Sell,66.68,0,-1
1237420802,AAPL,Stop-Sell,13.08,0,-1
1237420802,AMZN,Tightened-Stop-Sell,69.8,0,-1
1237507202,AAPL,Stop-Sell,13.08,0,-1
1237766400,UNP,Buy,18.91,0.4473965838991674,140
1237766402,AAPL,Stop-Sell,13.08,0,-1
1237852801,UNP,Stop-Sell,17.52,0,-1
1237852802,AAPL,Stop-Sell,13.08,0,-1
1237852802,UNP,Stop-Sell,17.52,0,-1
1237939202,AAPL,Stop-Sell,13.08,0,-1
1237939202,UNP,Stop-Sell,17.52,0,-1
1238025602,AAPL,Stop-Sell,13.08,0,-1
1238025602,UNP,Stop-Sell,17.52,0,-1
1238112002,AAPL,Tightened-Stop-Sell,14.39,0,-1
1238112002,UNP,Stop-Sell,17.52,0,-1
1238371202,UNP,Tightened-Stop-Sell,18.26,0,-1
1238716800,GILD,Buy,47.27,0.987481221832749,23
1238976001,GILD,Stop-Sell,47.36,0,-1
1238976002,GILD,Stop-Sell,47.36,0,-1
1239235200,NFLX,Buy,47.19,1.0,338
1239580801,NFLX,Stop-Sell,44.19,0,-1
1239580802,NFLX,Stop-Sell,44.19,0,-1
1239667202,NFLX,Tightened-Stop-Sell,47.63,0,-1
1241568000,NFLX,Sell,42.17,1.0,50
1241654401,NFLX,Stop-Buy,45.49,0,-1
1241654402,NFLX,Stop-Buy,45.49,0,-1
1241740802,NFLX,Stop-Buy,45.49,0,-1
1242000002,NFLX,Tightened-Stop-Buy,39.77,0,-1
1242172800,AMZN,Sell,73.81,1.0,48
1242259201,AMZN,Stop-Buy,76.85,0,-1
1242259202,AMZN,Stop-Buy,76.85,0,-1
1242345602,AMZN,Stop-Buy,76.85,0,-1
1242604802,AMZN,Stop-Buy,76.85,0,-1
1243814400,AMZN,Buy,85.0,1.0,17
1243900801,AMZN,Stop-Sell,79.82,0,-1
1243900802,AMZN,Stop-Sell,79.82,0,-1
1243987202,AMZN,Stop-Sell,79.82,0,-1
1244073602,AMZN,Stop-Sell,79.82,0,-1
1244160002,AMZN,Stop-Sell,79.82,0,-1
1244419202,AMZN,Stop-Sell,79.82,0,-1
1244505602,AMZN,Stop-Sell,79.82,0,-1
1244592002,AMZN,Tightened-Stop-Sell,86.29,0,-1
1247616000,MA,Buy,16.99,0.0982829190402657,88
1247702401,MA,Stop-Sell,16.69,0,-1
1247702402,MA,Stop-Sell,16.69,0,-1
1247788802,MA,Stop-Sell,16.69,0,-1
1248048002,MA,Stop-Sell,16.69,0,-1
1248134402,MA,Tightened-Stop-Sell,17.73,0,-1
1248998400,GD,Buy,48.7,0.8716765598660522,373
1249257601,GD,Stop-Sell,47.6,0,-1
1249257602,GD,Stop-Sell,47.6,0,-1
1249344002,GD,Tightened-Stop-Sell,48.48,0,-1
1252022400,UNP,Buy,28.31,0.45206915138380577,54
1252368001,UNP,Stop-Sell,26.65,0,-1
1252368002,UNP,Tightened-Stop-Sell,27.74,0,-1
1252454402,UNP,Stop-Sell,27.74,0,-1
1252540802,UNP,Stop-Sell,27.74,0,-1
1252627202,UNP,Stop-Sell,27.74,0,-1
1252886402,UNP,Stop-Sell,27.74,0,-1
1252972802,UNP,Tightened-Stop-Sell,28.31,0,-1
1255478400,FDX,Buy,78.26,0.9709765459968627,152
1255564800,UNP,Buy,28.66,0.4520691513838057,2434
1255564801,FDX,Stop-Sell,76.29,0,-1
1255564802,FDX,Stop-Sell,76.29,0,-1
1255651201,UNP,Stop-Sell,27.98,0,-1
1255651202,FDX,Stop-Sell,76.29,0,-1
1255651202,UNP,Stop-Sell,27.98,0,-1
1255910402,FDX,Stop-Sell,76.29,0,-1
1255910402,UNP,Stop-Sell,27.98,0,-1
1255996800,UNP,Sell-Market,-1.0,0,-1
1255996802,FDX,Stop-Sell,76.29,0,-1
1256083202,FDX,Tightened-Stop-Sell,77.01,0,-1
1256860800,FDX,Sell,70.11,0.9709765459968632,252
1257120000,CF,Sell,78.67,0.9502493660866018,2602
1257120001,FDX,Stop-Buy,73.15,0,-1
1257120002,FDX,Stop-Buy,73.15,0,-1
1257206401,CF,Stop-Buy,78.71,0,-1
1257206402,FDX,Stop-Buy,73.15,0,-1
1257206402,CF,Stop-Buy,78.71,0,-1
1259884800,AAPL,Sell,25.92,0.1352772335721434,4
1260144001,AAPL,Stop-Buy,26.58,0,-1
1260144002,AAPL,Stop-Buy,26.58,0,-1
1260230402,AAPL,Stop-Buy,26.58,0,-1
1261526400,UNP,Buy,30.01,0.4539615338779706,173
1261612800,AAPL,Buy,28.35,0.13527723357214338,0
1261612801,UNP,Stop-Sell,29.38,0,-1
1261612802,UNP,Stop-Sell,29.38,0,-1
1261958401,AAPL,Stop-Sell,27.91,0,-1
1261958402,AAPL,Stop-Sell,27.91,0,-1
1261958402,UNP,Tightened-Stop-Sell,29.67,0,-1
1262044802,AAPL,Stop-Sell,27.91,0,-1
1262131202,AAPL,Stop-Sell,27.91,0,-1
1262217602,AAPL,Stop-Sell,27.91,0,-1
1262563202,AAPL,Stop-Sell,27.91,0,-1
1262649602,AAPL,Tightened-Stop-Sell,28.92,0,-1
1264032000,WHR,Sell,69.51,0.8923603359264651,306
1264118401,WHR,Stop-Buy,73.04,0,-1
1264118402,WHR,Stop-Buy,73.04,0,-1
1264377602,WHR,Stop-Buy,73.04,0,-1
1264464002,WHR,Stop-Buy,73.04,0,-1
1264550402,WHR,Stop-Buy,73.04,0,-1
1264636800,NFLX,Buy,63.65,1.0,0
1264636802,WHR,Stop-Buy,73.04,0,-1
1264723201,NFLX,Stop-Sell,61.09,0,-1
1264723202,WHR,Stop-Buy,73.04,0,-1
1264723202,NFLX,Stop-Sell,61.09,0,-1
1264982402,WHR,Stop-Buy,73.04,0,-1
1266364800,GILD,Buy,48.58,0.987481221832749,6
1266451200,GD,Buy,63.63,0.8814205940003061,80
1266451201,GILD,Stop-Sell,46.03,0,-1
1266451202,GILD,Stop-Sell,46.03,0,-1
1266537601,GD,Stop-Sell,61.05,0,-1
1266537602,GD,Stop-Sell,61.05,0,-1
1266537602,GILD,Tightened-Stop-Sell,48.06,0,-1
1266796802,GD,Stop-Sell,61.05,0,-1
1266883202,GD,Tightened-Stop-Sell,63.03,0,-1
1266969602,GD,Stop-Sell,63.03,0,-1
1267747200,MA,Buy,23.62,0.09841054936921333,24
1268006401,MA,Stop-Sell,23.28,0,-1
1268006402,MA,Stop-Sell,23.28,0,-1
1268092802,MA,Stop-Sell,23.28,0,-1
1268179202,MA,Stop-Sell,23.28,0,-1
1268265602,MA,Stop-Sell,23.28,0,-1
1268352002,MA,Stop-Sell,23.28,0,-1
1268611202,MA,Tightened-Stop-Sell,24.55,0,-1
1271808000,AAPL,Buy,35.16,0.13527723357214344,0
1271894401,AAPL,Stop-Sell,34.84,0,-1
1271894402,AAPL,Stop-Sell,34.84,0,-1
1271980802,AAPL,Stop-Sell,34.84,0,-1
1272240002,AAPL,Tightened-Stop-Sell,36.37,0,-1
1272931200,AMZN,Sell,128.18,1.0,10
1272931200,GD,Sell,66.04,0.8862616643478954,406
1273017600,CP,Sell,51.72,0.935107312832725,468
1273017601,AMZN,Stop-Buy,132.73,0,-1
1273017601,GD,Stop-Buy,68.61,0,-1
1273017602,AMZN,Stop-Buy,132.73,0,-1
1273017602,GD,Stop-Buy,68.61,0,-1
1273104000,IWM,Sell,61.09,0.9380001424466093,2
1273104001,CP,Stop-Buy,53.39,0,-1
1273104002,AMZN,Stop-Buy,132.73,0,-1
1273104002,GD,Stop-Buy,68.61,0,-1
1273104002,CP,Stop-Buy,53.39,0,-1
1273190400,AGN,Sell,41.45,1.0,737
1273190401,IWM,Stop-Buy,65.68,0,-1
1273190402,AMZN,Stop-Buy,132.73,0,-1
1273190402,GD,Stop-Buy,68.61,0,-1
1273190402,CP,Stop-Buy,53.39,0,-1
1273190402,IWM,Stop-Buy,65.68,0,-1
1273449601,AGN,Stop-Buy,43.05,0,-1
1273449602,AMZN,Stop-Buy,132.73,0,-1
1273449602,GD,Stop-Buy,68.61,0,-1
1273449602,IWM,Stop-Buy,65.68,0,-1
1273449602,AGN,Stop-Buy,43.05,0,-1
1273536002,GD,Stop-Buy,68.61,0,-1
1273622402,GD,Tightened-Stop-Buy,65.93,0,-1
1274313600,WHR,Sell,83.27,0.9008245843073828,152
1274400001,WHR,Stop-Buy,85.79,0,-1
1274400002,WHR,Stop-Buy,85.79,0,-1
1276473600,CP,Buy,54.99,0.935107312832725,564
1276560000,UNP,Buy,34.54,0.457939280407237,155
1276560001,CP,Stop-Sell,54.09,0,-1
1276560002,CP,Stop-Sell,54.09,0,-1
1276646401,UNP,Stop-Sell,33.41,0,-1
1276646402,UNP,Stop-Sell,33.41,0,-1
1276646402,CP,Stop-Sell,54.09,0,-1
1276732802,UNP,Stop-Sell,33.41,0,-1
1276732802,CP,Stop-Sell,54.09,0,-1
1276819202,UNP,Tightened-Stop-Sell,34.79,0,-1
1276819202,CP,Tightened-Stop-Sell,55.59,0,-1
1277078402,UNP,Tightened-Stop-Sell,35.05,0,-1
1277078402,CP,Tightened-Stop-Sell,56.36,0,-1
1282176000,GOOGL,Sell,233.53,0.5,2
1282262401,GOOGL,Stop-Buy,237.25,0,-1
1282262402,GOOGL,Stop-Buy,237.25,0,-1
1282521602,GOOGL,Stop-Buy,237.25,0,-1
1282608002,GOOGL,Stop-Buy,237.25,0,-1
1282694402,GOOGL,Stop-Buy,237.25,0,-1
1282780802,GOOGL,Stop-Buy,237.25,0,-1
1282867202,GOOGL,Stop-Buy,237.25,0,-1
1283126402,GOOGL,Tightened-Stop-Buy,229.89,0,-1
1283212802,GOOGL,Tightened-Stop-Buy,225.37,0,-1
1283299200,AMZN,Buy,132.8,1.0,14
1283385601,AMZN,Stop-Sell,129.43,0,-1
1283385602,AMZN,Stop-Sell,129.43,0,-1
1283472002,AMZN,Stop-Sell,129.43,0,-1
1283817602,AMZN,Stop-Sell,129.43,0,-1
1283904000,AAPL,Buy,35.69,0.13527723357214338,1
1283904002,AMZN,Stop-Sell,129.43,0,-1
1283990401,AAPL,Stop-Sell,35.28,0,-1
1283990402,AAPL,Stop-Sell,35.28,0,-1
1283990402,AMZN,Stop-Sell,129.43,0,-1
1284076802,AAPL,Stop-Sell,35.28,0,-1
1284076802,AMZN,Stop-Sell,129.43,0,-1
1284336002,AAPL,Stop-Sell,35.28,0,-1
1284336002,AMZN,Stop-Sell,129.43,0,-1
1284422402,AAPL,Stop-Sell,35.28,0,-1
1284422402,AMZN,Stop-Sell,129.43,0,-1
1284508802,AAPL,Stop-Sell,35.28,0,-1
1284508802,AMZN,Stop-Sell,129.43,0,-1
1284595202,AAPL,Stop-Sell,35.28,0,-1
1284595202,AMZN,Stop-Sell,129.43,0,-1
1284681600,GOOGL,Buy,245.7,0.5,1
1284681600,MA,Buy,21.14,0.09854115599029363,21
1284681602,AAPL,Stop-Sell,35.28,0,-1
1284681602,AMZN,Tightened-Stop-Sell,147.82,0,-1
1284940801,MA,Stop-Sell,20.72,0,-1
1284940801,GOOGL,Stop-Sell,243.47,0,-1
1284940802,AAPL,Stop-Sell,35.28,0,-1
1284940802,MA,Stop-Sell,20.72,0,-1
1284940802,GOOGL,Stop-Sell,243.47,0,-1
1285027202,AAPL,Tightened-Stop-Sell,38.3,0,-1
1285027202,MA,Stop-Sell,20.72,0,-1
1285027202,GOOGL,Stop-Sell,243.47,0,-1
1285113602,MA,Stop-Sell,20.72,0,-1
1285113602,GOOGL,Stop-Sell,243.47,0,-1
1285200002,MA,Stop-Sell,20.72,0,-1
1285200002,GOOGL,Tightened-Stop-Sell,256.43,0,-1
1285286402,MA,Stop-Sell,20.72,0,-1
1285286402,GOOGL,Tightened-Stop-Sell,260.56,0,-1
1285545602,MA,Stop-Sell,20.72,0,-1
1285545602,GOOGL,Tightened-Stop-Sell,264.11,0,-1
1285632002,MA,Stop-Sell,20.72,0,-1
1285718402,MA,Tightened-Stop-Sell,21.85,0,-1
1285804802,MA,Tightened-Stop-Sell,21.99,0,-1
1286496000,CF,Buy,106.43,0.9548000459814469,3
1286755201,CF,Stop-Sell,102.18,0,-1
1286755202,CF,Stop-Sell,102.18,0,-1
1286841602,CF,Stop-Sell,102.18,0,-1
1286928002,CF,Stop-Sell,102.18,0,-1
1287014402,CF,Stop-Sell,102.18,0,-1
1287100800,GOOGL,Buy,300.92,0.5,0
1287100802,CF,Stop-Sell,102.18,0,-1
1287360001,GOOGL,Stop-Sell,299.01,0,-1
1287360002,GOOGL,Stop-Sell,299.01,0,-1
1287360002,CF,Stop-Sell,102.18,0,-1
1287446402,GOOGL,Stop-Sell,299.01,0,-1
1287446402,CF,Tightened-Stop-Sell,109.07,0,-1
1287532802,GOOGL,Stop-Sell,299.01,0,-1
1287532802,CF,Tightened-Stop-Sell,109.6,0,-1
1287619202,GOOGL,Tightened-Stop-Sell,305.44,0,-1
1287619202,CF,Tightened-Stop-Sell,112.51,0,-1
1290556800,AMZN,Buy,178.09,1.0,1
1290729601,AMZN,Stop-Sell,174.39,0,-1
1290729602,AMZN,Stop-Sell,174.39,0,-1
1290988802,AMZN,Stop-Sell,174.39,0,-1
1291075202,AMZN,Tightened-Stop-Sell,174.9,0,-1
1291161602,AMZN,Tightened-Stop-Sell,176.05,0,-1
1291939200,V,Buy,77.97,0.9693146518862583,58
1292198401,V,Stop-Sell,76.02,0,-1
1292198402,V,Stop-Sell,76.02,0,-1
1292284802,V,Stop-Sell,76.02,0,-1
1294012800,AAPL,Buy,44.7,0.13527723357214338,4
1294099201,AAPL,Stop-Sell,44.23,0,-1
1294099202,AAPL,Stop-Sell,44.23,0,-1
1294185602,AAPL,Stop-Sell,44.23,0,-1
1294272002,AAPL,Stop-Sell,44.23,0,-1
1294358402,AAPL,Stop-Sell,44.23,0,-1
1294617600,FDX,Buy,92.6,0.9775691229963202,79
1294617602,AAPL,Stop-Sell,44.23,0,-1
1294704001,FDX,Stop-Sell,90.34,0,-1
1294704002,AAPL,Stop-Sell,44.23,0,-1
1294704002,FDX,Tightened-Stop-Sell,90.92,0,-1
1294790402,AAPL,Stop-Sell,44.23,0,-1
1294790402,FDX,Stop-Sell,90.92,0,-1
1294876802,AAPL,Tightened-Stop-Sell,46.61,0,-1
1294876802,FDX,Stop-Sell,90.92,0,-1
1294963200,MA,Buy,23.4,0.09867207950017642,108
1294963202,FDX,Stop-Sell,90.92,0,-1
1295308801,MA,Stop-Sell,23.16,0,-1
1295308802,FDX,Stop-Sell,90.92,0,-1
1295308802,MA,Stop-Sell,23.16,0,-1
1295395202,FDX,Tightened-Stop-Sell,91.93,0,-1
1295395202,MA,Tightened-Stop-Sell,23.16,0,-1
1296086400,WHR,Buy,83.4,0.9111471904389605,85
1296172801,WHR,Stop-Sell,80.47,0,-1
1296172802,WHR,Stop-Sell,80.47,0,-1
1296691200,MA,Buy,24.36,0.09867207950017642,40
1296777601,MA,Stop-Sell,23.9,0,-1
1296777602,MA,Stop-Sell,23.9,0,-1
1297036800,V,Buy,72.06,0.9693146518862583,57
1297036802,MA,Stop-Sell,23.9,0,-1
1297123201,V,Stop-Sell,70.16,0,-1
1297123202,MA,Tightened-Stop-Sell,24.57,0,-1
1297123202,V,Stop-Sell,70.16,0,-1
1297209602,V,Stop-Sell,70.16,0,-1
1297296002,V,Stop-Sell,70.16,0,-1
1297382402,V,Stop-Sell,70.16,0,-1
1297641602,V,Stop-Sell,70.16,0,-1
1297728000,FDX,Buy,94.37,0.9775691229963202,13
1297728002,V,Stop-Sell,70.16,0,-1
1297814401,FDX,Stop-Sell,92.29,0,-1
1297814402,FDX,Stop-Sell,92.29,0,-1
1297814402,V,Tightened-Stop-Sell,73.27,0,-1
1297900802,FDX,Stop-Sell,92.29,0,-1
1297900802,V,Tightened-Stop-Sell,73.28,0,-1
1297987202,FDX,Stop-Sell,92.29,0,-1
1297987202,V,Tightened-Stop-Sell,73.36,0,-1
1298419200,UNP,Sell,42.42,0.46193005761064454,106
1298505601,UNP,Stop-Buy,43.76,0,-1
1298505602,UNP,Stop-Buy,43.76,0,-1
1300838400,NFLX,Buy,230.2,1.0,2
1300924801,NFLX,Stop-Sell,225.56,0,-1
1300924802,NFLX,Stop-Sell,225.56,0,-1
1301011202,NFLX,Stop-Sell,225.56,0,-1
1301270402,NFLX,Stop-Sell,225.56,0,-1
1301356802,NFLX,Stop-Sell,225.56,0,-1
1301443202,NFLX,Tightened-Stop-Sell,237.32,0,-1
1301875200,V,Buy,73.28,0.9712987839520733,48
1301961601,V,Stop-Sell,71.48,0,-1
1301961602,V,Stop-Sell,71.48,0,-1
1302048002,V,Stop-Sell,71.48,0,-1
1302134402,V,Stop-Sell,71.48,0,-1
1302220802,V,Stop-Sell,71.48,0,-1
1302480002,V,Stop-Sell,71.48,0,-1
1302566402,V,Tightened-Stop-Sell,74.42,0,-1
1302652802,V,Tightened-Stop-Sell,74.85,0,-1
1305504000,GOOGL,Sell,258.1,0.5,6
1305590401,GOOGL,Stop-Buy,261.18,0,-1
1305590402,GOOGL,Tightened-Stop-Buy,265.54,0,-1
1305676802,GOOGL,Tightened-Stop-Buy,265.22,0,-1
1306108800,GD,Sell,64.74,0.909495757222181,156
1306195200,MA,Sell,26.56,0.09872783063745617,123
1306195201,GD,Stop-Buy,66.23,0,-1
1306195202,GD,Stop-Buy,66.23,0,-1
1306281601,MA,Stop-Buy,26.87,0,-1
1306281602,MA,Stop-Buy,26.87,0,-1
1306281602,GD,Stop-Buy,66.23,0,-1
1306368002,GD,Stop-Buy,66.23,0,-1
1306454402,GD,Stop-Buy,66.23,0,-1
1308614400,GD,Buy,67.09,0.9094957572221808,599
1308700801,GD,Stop-Sell,65.87,0,-1
1308700802,GD,Stop-Sell,65.87,0,-1
1309132800,AMZN,Buy,202.78,1.0,6
1309219201,AMZN,Stop-Sell,197.88,0,-1
1309219202,AMZN,Stop-Sell,197.88,0,-1
1309305600,IWM,Buy,77.8,0.9430757643136439,15
1309305600,UNP,Buy,48.37,0.46593713938290854,150
1309305602,AMZN,Stop-Sell,197.88,0,-1
1309392000,WHR,Buy,75.3,0.9214436307187537,435
1309392001,UNP,Stop-Sell,47.26,0,-1
1309392001,IWM,Stop-Sell,76.86,0,-1
1309392002,AMZN,Stop-Sell,197.88,0,-1
1309392002,UNP,Stop-Sell,47.26,0,-1
1309392002,IWM,Stop-Sell,76.86,0,-1
1309478401,WHR,Stop-Sell,73.89,0,-1
1309478402,WHR,Stop-Sell,73.89,0,-1
1309478402,AMZN,Stop-Sell,197.88,0,-1
1309478402,UNP,Stop-Sell,47.26,0,-1
1309478402,IWM,Stop-Sell,76.86,0,-1
1309824000,NFLX,Buy,291.43,1.0,0
1309824000,GOOGL,Buy,267.06,0.5,1
1309824002,WHR,Stop-Sell,73.89,0,-1
1309824002,AMZN,Stop-Sell,197.88,0,-1
1309824002,UNP,Stop-Sell,47.26,0,-1
1309824002,IWM,Stop-Sell,76.86,0,-1
1309910401,NFLX,Stop-Sell,282.81,0,-1
1309910401,GOOGL,Stop-Sell,264.44,0,-1
1309910402,WHR,Tightened-Stop-Sell,74.3,0,-1
1309910402,AMZN,Stop-Sell,197.88,0,-1
1309910402,NFLX,Stop-Sell,282.81,0,-1
1309910402,UNP,Stop-Sell,47.26,0,-1
1309910402,GOOGL,Stop-Sell,264.44,0,-1
1309910402,IWM,Stop-Sell,76.86,0,-1
1309996802,WHR,Tightened-Stop-Sell,75.16,0,-1
1309996802,AMZN,Stop-Sell,197.88,0,-1
1309996802,NFLX,Stop-Sell,282.81,0,-1
1309996802,UNP,Tightened-Stop-Sell,49.27,0,-1
1309996802,GOOGL,Stop-Sell,264.44,0,-1
1309996802,IWM,Stop-Sell,76.86,0,-1
1310083202,AMZN,Stop-Sell,197.88,0,-1
1310083202,NFLX,Stop-Sell,282.81,0,-1
1310083202,IWM,Stop-Sell,76.86,0,-1
1310342402,AMZN,Tightened-Stop-Sell,211.93,0,-1
1310342402,NFLX,Stop-Sell,282.81,0,-1
1310342402,IWM,Tightened-Stop-Sell,78.53,0,-1
1310428802,NFLX,Tightened-Stop-Sell,290.64,0,-1
1310515202,NFLX,Stop-Sell,290.64,0,-1
1310601600,CF,Buy,145.48,0.9569132428608992,2443
1310688001,CF,Stop-Sell,143.63,0,-1
1310688002,CF,Stop-Sell,143.63,0,-1
1310947202,CF,Tightened-Stop-Sell,144.55,0,-1
1311033602,CF,Tightened-Stop-Sell,146.74,0,-1
1311120002,CF,Stop-Sell,146.74,0,-1
1311206402,CF,Stop-Sell,146.74,0,-1
1311292802,CF,Stop-Sell,146.74,0,-1
1311552002,CF,Tightened-Stop-Sell,152.02,0,-1
1311811200,AGN,Sell,67.52,1.0,397
1311897601,AGN,Stop-Buy,69.02,0,-1
1311897602,AGN,Stop-Buy,69.02,0,-1
1312156800,NFLX,Sell,260.87,1.0,40
1312156802,AGN,Stop-Buy,69.02,0,-1
1312243201,NFLX,Stop-Buy,265.96,0,-1
1312243202,NFLX,Stop-Buy,265.96,0,-1
1312243202,AGN,Stop-Buy,69.02,0,-1
1312329602,NFLX,Tightened-Stop-Buy,260.63,0,-1
1312329602,AGN,Tightened-Stop-Buy,66.23,0,-1
1312416000,CF,Sell,134.98,0.9569132428608992,102
1312416002,NFLX,Stop-Buy,260.63,0,-1
1312416002,AGN,Stop-Buy,66.23,0,-1
1312502401,CF,Stop-Buy,141.02,0,-1
1312502402,NFLX,Tightened-Stop-Buy,249.16,0,-1
1312502402,CF,Stop-Buy,141.02,0,-1
1312502402,AGN,Stop-Buy,66.23,0,-1
1312761602,NFLX,Stop-Buy,249.16,0,-1
1312761602,CF,Stop-Buy,141.02,0,-1
1312761602,AGN,Stop-Buy,66.23,0,-1
1312848002,NFLX,Tightened-Stop-Buy,238.43,0,-1
1312848002,AGN,Stop-Buy,66.23,0,-1
1312934402,AGN,Stop-Buy,66.23,0,-1
1313020802,AGN,Tightened-Stop-Buy,64.1,0,-1
1314662400,AGN,Buy,68.07,1.0,352
1314748800,AMZN,Buy,216.37,1.0,3
1314748801,AGN,Stop-Sell,65.59,0,-1
1314748802,AGN,Stop-Sell,65.59,0,-1
1314835201,AMZN,Stop-Sell,211.02,0,-1
1314835202,AMZN,Stop-Sell,211.02,0,-1
1314835202,AGN,Stop-Sell,65.59,0,-1
1314921602,AGN,Tightened-Stop-Sell,65.56,0,-1
1316044800,NFLX,Sell,167.93,1.0,0
1316131201,NFLX,Stop-Buy,172.99,0,-1
1316131202,NFLX,Stop-Buy,172.99,0,-1
1316390402,NFLX,Stop-Buy,172.99,0,-1
1316476802,NFLX,Stop-Buy,172.99,0,-1
1316563200,UNP,Sell,38.79,0.4683735125798138,44
1316563200,VRX,Sell,37.19,1.0,160
1316563200,GD,Sell,52.19,0.9152801010096561,289
1316563202,NFLX,Stop-Buy,172.99,0,-1
1316649600,GOOGL,Sell,258.56,0.5,9
1316649600,VIAB,Sell,38.18,0.9421832034654596,59
1316649601,GD,Stop-Buy,55.28,0,-1
1316649601,UNP,Stop-Buy,40.08,0,-1
1316649601,VRX,Stop-Buy,40.03,0,-1
1316649602,NFLX,Stop-Buy,172.99,0,-1
1316649602,GD,Stop-Buy,55.28,0,-1
1316649602,UNP,Stop-Buy,40.08,0,-1
1316649602,VRX,Stop-Buy,40.03,0,-1
1316736001,GOOGL,Stop-Buy,261.73,0,-1
1316736001,VIAB,Stop-Buy,41.56,0,-1
1316736002,NFLX,Stop-Buy,172.99,0,-1
1316736002,GD,Stop-Buy,55.28,0,-1
1316736002,UNP,Stop-Buy,40.08,0,-1
1316736002,VRX,Stop-Buy,40.03,0,-1
1316736002,GOOGL,Tightened-Stop-Buy,263.07,0,-1
1316736002,VIAB,Stop-Buy,41.56,0,-1
1316995202,NFLX,Tightened-Stop-Buy,136.72,0,-1
1316995202,GD,Tightened-Stop-Buy,52.31,0,-1
1316995202,UNP,Stop-Buy,40.08,0,-1
1316995202,VRX,Tightened-Stop-Buy,39.16,0,-1
1316995202,VIAB,Stop-Buy,41.56,0,-1
1317081602,NFLX,Tightened-Stop-Buy,134.88,0,-1
1317081602,VIAB,Tightened-Stop-Buy,39.21,0,-1
1317168002,NFLX,Tightened-Stop-Buy,129.04,0,-1
1317254402,NFLX,Tightened-Stop-Buy,128.57,0,-1
1317340802,NFLX,Tightened-Stop-Buy,113.77,0,-1
1317686400,AAPL,Sell,49.13,0.13527723357214338,4
1317772801,AAPL,Stop-Buy,50.84,0,-1
1317772802,AAPL,Stop-Buy,50.84,0,-1
1319500800,NFLX,Sell,75.61,1.0,0
1319587200,VRX,Buy,39.28,1.0,571
1319587201,NFLX,Stop-Buy,75.5,0,-1
1319587202,NFLX,Stop-Buy,75.5,0,-1
1319673601,VRX,Stop-Sell,38.17,0,-1
1319673602,VRX,Stop-Sell,38.17,0,-1
1319760002,VRX,Stop-Sell,38.17,0,-1
1320019202,VRX,Tightened-Stop-Sell,39.39,0,-1
1321833600,IWM,Sell,66.22,0.9495296494616142,3
1321833600,GOOGL,Sell,288.16,0.5,7
1321833600,FDX,Sell,77.19,0.9821157202962226,234
1321833600,CP,Sell,54.87,0.9622977443873381,618
1321920000,NFLX,Sell,69.52,1.0,1
1321920001,FDX,Stop-Buy,78.69,0,-1
1321920001,GOOGL,Stop-Buy,292.18,0,-1
1321920001,CP,Stop-Buy,56.76,0,-1
1321920001,IWM,Stop-Buy,67.55,0,-1
1321920002,FDX,Stop-Buy,78.69,0,-1
1321920002,GOOGL,Stop-Buy,292.18,0,-1
1321920002,CP,Stop-Buy,56.76,0,-1
1321920002,IWM,Stop-Buy,67.55,0,-1
1322006400,V,Sell,86.97,0.9771539008767308,119
1322006400,UNP,Sell,44.76,0.4683735125798139,190
1322006401,NFLX,Stop-Buy,69.81,0,-1
1322006402,FDX,Stop-Buy,78.69,0,-1
1322006402,NFLX,Stop-Buy,69.81,0,-1
1322006402,GOOGL,Stop-Buy,292.18,0,-1
1322006402,CP,Stop-Buy,56.76,0,-1
1322006402,IWM,Stop-Buy,67.55,0,-1
1322179201,UNP,Stop-Buy,45.77,0,-1
1322179201,V,Stop-Buy,88.88,0,-1
1322179202,FDX,Tightened-Stop-Buy,75.43,0,-1
1322179202,NFLX,Stop-Buy,69.81,0,-1
1322179202,UNP,Stop-Buy,45.77,0,-1
1322179202,V,Stop-Buy,88.88,0,-1
1322179202,GOOGL,Stop-Buy,292.18,0,-1
1322179202,CP,Stop-Buy,56.76,0,-1
1322179202,IWM,Stop-Buy,67.55,0,-1
1322438402,CP,Tightened-Stop-Buy,55.93,0,-1
1322438402,IWM,Tightened-Stop-Buy,66.55,0,-1
1322611200,V,Buy,95.01,0.977153900876731,104
1322697600,MA,Buy,37.77,0.09882244589894534,20
1322697601,V,Stop-Sell,92.1,0,-1
1322697602,V,Stop-Sell,92.1,0,-1
1322784001,MA,Stop-Sell,37.22,0,-1
1322784002,MA,Stop-Sell,37.22,0,-1
1322784002,V,Stop-Sell,92.1,0,-1
1323043202,V,Tightened-Stop-Sell,93.57,0,-1
1325548800,CF,Buy,148.71,0.961554795847189,58
1325635200,NFLX,Buy,81.17,1.0,0
1325635201,CF,Stop-Sell,145.19,0,-1
1325635202,CF,Stop-Sell,145.19,0,-1
1325721601,NFLX,Stop-Sell,76.4,0,-1
1325721602,NFLX,Stop-Sell,76.4,0,-1
1325721602,CF,Stop-Sell,145.19,0,-1
1325808002,NFLX,Stop-Sell,76.4,0,-1
1325808002,CF,Stop-Sell,145.19,0,-1
1326067202,NFLX,Stop-Sell,76.4,0,-1
1326067202,CF,Stop-Sell,145.19,0,-1
1326153602,NFLX,Stop-Sell,76.4,0,-1
1326153602,CF,Stop-Sell,145.19,0,-1
1326240002,NFLX,Stop-Sell,76.4,0,-1
1326240002,CF,Stop-Sell,145.19,0,-1
1326326402,NFLX,Stop-Sell,76.4,0,-1
1326326402,CF,Tightened-Stop-Sell,155.68,0,-1
1326412802,NFLX,Tightened-Stop-Sell,91.17,0,-1
1326412802,CF,Tightened-Stop-Sell,158.0,0,-1
1326758402,NFLX,Tightened-Stop-Sell,94.42,0,-1
1326758402,CF,Tightened-Stop-Sell,164.9,0,-1
1328054400,WHR,Buy,59.72,0.9383012707737486,3
1328140800,MA,Buy,38.01,0.09886450874303275,2
1328140800,V,Buy,104.35,0.977153900876731,8
1328140801,WHR,Stop-Sell,54.92,0,-1
1328140802,WHR,Stop-Sell,54.92,0,-1
1328227201,MA,Stop-Sell,37.01,0,-1
1328227201,V,Stop-Sell,100.43,0,-1
1328227202,WHR,Stop-Sell,54.92,0,-1
1328227202,MA,Stop-Sell,37.01,0,-1
1328227202,V,Stop-Sell,100.43,0,-1
1328486402,WHR,Stop-Sell,54.92,0,-1
1328486402,MA,Stop-Sell,37.01,0,-1
1328486402,V,Stop-Sell,100.43,0,-1
1328572800,V,Sell-Market,-1.0,0,-1
1328572802,WHR,Stop-Sell,54.92,0,-1
1328572802,MA,Stop-Sell,37.01,0,-1
1328659202,WHR,Stop-Sell,54.92,0,-1
1328659202,MA,Stop-Sell,37.01,0,-1
1328745602,WHR,Tightened-Stop-Sell,64.96,0,-1
1328745602,MA,Tightened-Stop-Sell,39.13,0,-1
1329177600,AGN,Buy,60.5,1.0,24
1329264001,AGN,Stop-Sell,58.4,0,-1
1329264002,AGN,Tightened-Stop-Sell,59.39,0,-1
1329350402,AGN,Stop-Sell,59.39,0,-1
1329436802,AGN,Stop-Sell,59.39,0,-1
1330041600,GD,Buy,67.73,0.9287896602460529,84
1330300801,GD,Stop-Sell,65.2,0,-1
1330300802,GD,Stop-Sell,65.2,0,-1
1330387202,GD,Tightened-Stop-Sell,67.13,0,-1
1330473602,GD,Tightened-Stop-Sell,67.52,0,-1
1332288000,NFLX,Buy,121.09,1.0,3
1332374401,NFLX,Stop-Sell,117.37,0,-1
1332374402,NFLX,Stop-Sell,117.37,0,-1
1332979200,UNH,Buy,56.02,0.957258357353331,1
1333065601,UNH,Stop-Sell,53.64,0,-1
1333065602,UNH,Stop-Sell,53.64,0,-1
1333324800,URI,Buy,44.61,1.0,195
1333324802,UNH,Stop-Sell,53.64,0,-1
1333411201,URI,Stop-Sell,42.56,0,-1
1333411202,URI,Stop-Sell,42.56,0,-1
1333411202,UNH,Stop-Sell,53.64,0,-1
1333497602,UNH,Tightened-Stop-Sell,56.25,0,-1
1333929600,WHR,Sell,69.2,0.9445094305644969,276
1333929600,CP,Sell,72.1,0.9704903883470793,1135
1334016000,GILD,Sell,44.9,0.987481221832749,166
1334016001,WHR,Stop-Buy,70.45,0,-1
1334016001,CP,Stop-Buy,72.62,0,-1
1334016002,WHR,Stop-Buy,70.45,0,-1
1334016002,CP,Stop-Buy,72.62,0,-1
1334102401,GILD,Stop-Buy,46.17,0,-1
1334102402,WHR,Stop-Buy,70.45,0,-1
1334102402,GILD,Stop-Buy,46.17,0,-1
1334102402,CP,Stop-Buy,72.62,0,-1
1334188802,WHR,Tightened-Stop-Buy,68.26,0,-1
1334188802,GILD,Stop-Buy,46.17,0,-1
1334275202,GILD,Stop-Buy,46.17,0,-1
1334534400,AAPL,Sell,78.2,0.13527723357214338,0
1334534402,GILD,Stop-Buy,46.17,0,-1
1334620801,AAPL,Stop-Buy,80.5,0,-1
1334620802,AAPL,Tightened-Stop-Buy,82.56,0,-1
1335484800,AMZN,Buy,227.97,1.0,0
1335744001,AMZN,Stop-Sell,223.58,0,-1
1335744002,AMZN,Stop-Sell,223.58,0,-1
1335830402,AMZN,Stop-Sell,223.58,0,-1
1335916802,AMZN,Stop-Sell,223.58,0,-1
1336003202,AMZN,Stop-Sell,223.58,0,-1
1336089602,AMZN,Tightened-Stop-Sell,223.37,0,-1
1336521600,MA,Sell,41.72,0.09893333352751064,46
1336521600,FDX,Sell,85.4,0.9850549067592529,85
1336608001,FDX,Stop-Buy,87.04,0,-1
1336608001,MA,Stop-Buy,42.25,0,-1
1336608002,FDX,Stop-Buy,87.04,0,-1
1336608002,MA,Stop-Buy,42.25,0,-1
1336694402,FDX,Stop-Buy,87.04,0,-1
1336953602,FDX,Stop-Buy,87.04,0,-1
1337040000,URI,Sell,38.64,1.0,50
1337126401,URI,Stop-Buy,41.45,0,-1
1337126402,URI,Stop-Buy,41.45,0,-1
1337212802,URI,Stop-Buy,41.45,0,-1
1337299202,URI,Stop-Buy,41.45,0,-1
1337558402,URI,Stop-Buy,41.45,0,-1
1337644802,URI,Tightened-Stop-Buy,36.14,0,-1
1339977600,AMZN,Buy,223.96,1.0,11
1340064000,CF,Buy,174.94,0.9659286012634583,17
1340064001,AMZN,Stop-Sell,219.97,0,-1
1340064002,AMZN,Stop-Sell,219.97,0,-1
1340150401,CF,Stop-Sell,170.81,0,-1
1340150402,AMZN,Stop-Sell,219.97,0,-1
1340150402,CF,Tightened-Stop-Sell,172.86,0,-1
1340236802,AMZN,Stop-Sell,219.97,0,-1
1340841600,AGN,Buy,72.42,1.0,183
1340928001,AGN,Stop-Sell,70.47,0,-1
1340928002,AGN,Stop-Sell,70.47,0,-1
1341187202,AGN,Stop-Sell,70.47,0,-1
1341273602,AGN,Stop-Sell,70.47,0,-1
1341446402,AGN,Stop-Sell,70.47,0,-1
1341532802,AGN,Tightened-Stop-Sell,74.71,0,-1
1341792002,AGN,Stop-Sell,74.71,0,-1
1342396800,AMZN,Sell,215.04,1.0,25
1342483201,AMZN,Stop-Buy,217.85,0,-1
1342483202,AMZN,Stop-Buy,217.85,0,-1
1342656000,GOOGL,Buy,297.99,0.5,4
1342742401,GOOGL,Stop-Sell,294.8,0,-1
1342742402,GOOGL,Stop-Sell,294.8,0,-1
1343001602,GOOGL,Stop-Sell,294.8,0,-1
1343088002,GOOGL,Tightened-Stop-Sell,303.47,0,-1
1343174400,NFLX,Sell,59.0,1.0,1
1343260801,NFLX,Stop-Buy,62.9,0,-1
1343260802,NFLX,Stop-Buy,62.9,0,-1
1343347202,NFLX,Stop-Buy,62.9,0,-1
1343606402,NFLX,Stop-Buy,62.9,0,-1
1343692802,NFLX,Stop-Buy,62.9,0,-1
1343779202,NFLX,Stop-Buy,62.9,0,-1
1343865602,NFLX,Stop-Buy,62.9,0,-1
1343952002,NFLX,Tightened-Stop-Buy,55.16,0,-1
1344211200,VIAB,Buy,47.08,0.9582687782237284,19
1344297601,VIAB,Stop-Sell,44.68,0,-1
1344297602,VIAB,Stop-Sell,44.68,0,-1
1344384002,VIAB,Stop-Sell,44.68,0,-1
1344470402,VIAB,Stop-Sell,44.68,0,-1
1344556802,VIAB,Stop-Sell,44.68,0,-1
1344816002,VIAB,Stop-Sell,44.68,0,-1
1344902402,VIAB,Stop-Sell,44.68,0,-1
1344988802,VIAB,Stop-Sell,44.68,0,-1
1345075202,VIAB,Tightened-Stop-Sell,47.33,0,-1
1345161602,VIAB,Stop-Sell,47.33,0,-1
1345420802,VIAB,Tightened-Stop-Sell,48.43,0,-1
1345766400,AMZN,Buy,247.07,1.0,2
1346025601,AMZN,Stop-Sell,243.03,0,-1
1346025602,AMZN,Stop-Sell,243.03,0,-1
1346716800,NFLX,Sell,54.33,1.0,1
1346803201,NFLX,Stop-Buy,58.6,0,-1
1346803202,NFLX,Stop-Buy,58.6,0,-1
1346889600,MA,Buy,42.85,0.09900017284753826,77
1346889602,NFLX,Stop-Buy,58.6,0,-1
1346976001,MA,Stop-Sell,42.45,0,-1
1346976002,MA,Stop-Sell,42.45,0,-1
1346976002,NFLX,Stop-Buy,58.6,0,-1
1347235202,MA,Stop-Sell,42.45,0,-1
1347235202,NFLX,Stop-Buy,58.6,0,-1
1347321600,V,Buy,130.32,0.9825262054716213,14
1347321602,MA,Stop-Sell,42.45,0,-1
1347321602,NFLX,Stop-Buy,58.6,0,-1
1347408001,V,Stop-Sell,125.65,0,-1
1347408002,MA,Stop-Sell,42.45,0,-1
1347408002,NFLX,Tightened-Stop-Buy,57.8,0,-1
1347408002,V,Stop-Sell,125.65,0,-1
1347494402,MA,Stop-Sell,42.45,0,-1
1347494402,V,Stop-Sell,125.65,0,-1
1347580802,MA,Stop-Sell,42.45,0,-1
1347580802,V,Stop-Sell,125.65,0,-1
1347840002,MA,Stop-Sell,42.45,0,-1
1347840002,V,Stop-Sell,125.65,0,-1
1347926402,MA,Stop-Sell,42.45,0,-1
1347926402,V,Stop-Sell,125.65,0,-1
1348012802,MA,Tightened-Stop-Sell,44.68,0,-1
1348012802,V,Tightened-Stop-Sell,131.04,0,-1
1348099202,V,Tightened-Stop-Sell,131.45,0,-1
1348185602,V,Tightened-Stop-Sell,132.15,0,-1
1349740800,IWM,Sell,79.4,0.9655211544567219,7
1349827201,IWM,Stop-Buy,81.32,0,-1
1349827202,IWM,Stop-Buy,81.32,0,-1
1349913602,IWM,Tightened-Stop-Buy,80.52,0,-1
1350000002,IWM,Tightened-Stop-Buy,80.18,0,-1
1350259202,IWM,Tightened-Stop-Buy,80.08,0,-1
1351728000,ALL,Sell,36.87,0.9565387816265969,23
1351814401,ALL,Stop-Buy,39.3,0,-1
1351814402,ALL,Stop-Buy,39.3,0,-1
1352073602,ALL,Stop-Buy,39.3,0,-1
1352160002,ALL,Stop-Buy,39.3,0,-1
1352246402,ALL,Stop-Buy,39.3,0,-1
1352332802,ALL,Stop-Buy,39.3,0,-1
1352419202,ALL,Stop-Buy,39.3,0,-1
1352678402,ALL,Tightened-Stop-Buy,37.22,0,-1
1352764802,ALL,Stop-Buy,37.22,0,-1
1352851200,UNP,Sell,55.98,0.4785854662589898,57
1352851200,FDX,Sell,85.72,0.9882208805960822,77
1352937601,FDX,Stop-Buy,88.31,0,-1
1352937601,UNP,Stop-Buy,57.5,0,-1
1352937602,FDX,Stop-Buy,88.31,0,-1
1352937602,UNP,Stop-Buy,57.5,0,-1
1353024002,FDX,Stop-Buy,88.31,0,-1
1353024002,UNP,Stop-Buy,57.5,0,-1
1353283202,FDX,Tightened-Stop-Buy,86.32,0,-1
1353283202,UNP,Tightened-Stop-Buy,57.53,0,-1
1354579200,VRX,Buy,57.4,1.0,24
1354665601,VRX,Stop-Sell,55.01,0,-1
1354665602,VRX,Stop-Sell,55.01,0,-1
1354752002,VRX,Tightened-Stop-Sell,57.41,0,-1
1354838402,VRX,Tightened-Stop-Sell,57.49,0,-1
1355184000,GILD,Buy,76.0,0.987481221832749,13
1355270401,GILD,Stop-Sell,73.19,0,-1
1355270402,GILD,Tightened-Stop-Sell,74.98,0,-1
1355788800,URI,Buy,44.95,1.0,122
1355875201,URI,Stop-Sell,42.56,0,-1
1355875202,URI,Tightened-Stop-Sell,44.61,0,-1
1357084800,WHR,Buy,103.5,0.9635910436632664,124
1357171201,WHR,Stop-Sell,101.06,0,-1
1357171202,WHR,Stop-Sell,101.06,0,-1
1357257602,WHR,Tightened-Stop-Sell,101.65,0,-1
1357689600,CF,Buy,209.52,0.9697693658652503,14
1357776001,CF,Stop-Sell,204.26,0,-1
1357776002,CF,Stop-Sell,204.26,0,-1
1357862400,NFLX,Buy,102.12,1.0,11
1357862402,CF,Stop-Sell,204.26,0,-1
1358121600,AAPL,Sell,68.24,0.1364999408207515,1
1358121601,NFLX,Stop-Sell,99.22,0,-1
1358121602,NFLX,Stop-Sell,99.22,0,-1
1358121602,CF,Stop-Sell,204.26,0,-1
1358208001,AAPL,Stop-Buy,68.79,0,-1
1358208002,AAPL,Stop-Buy,68.79,0,-1
1358208002,NFLX,Stop-Sell,99.22,0,-1
1358208002,CF,Stop-Sell,204.26,0,-1
1358294402,CF,Stop-Sell,204.26,0,-1
1358380802,CF,Tightened-Stop-Sell,210.22,0,-1
1361923200,UNP,Buy,66.5,0.4837541217813125,89
1362009601,UNP,Stop-Sell,64.32,0,-1
1362009602,UNP,Tightened-Stop-Sell,66.09,0,-1
1364256000,NFLX,Buy,192.84,1.0,1
1364342401,NFLX,Stop-Sell,187.31,0,-1
1364342402,NFLX,Stop-Sell,187.31,0,-1
1364428802,NFLX,Stop-Sell,187.31,0,-1
1364947200,URI,Sell,50.37,1.0,189
1365033601,URI,Stop-Buy,53.3,0,-1
1365033602,URI,Stop-Buy,53.3,0,-1
1365120002,URI,Stop-Buy,53.3,0,-1
1367539200,URI,Buy,55.48,1.0,35
1367798401,URI,Stop-Sell,51.82,0,-1
1367798402,URI,Stop-Sell,51.82,0,-1
1367884802,URI,Stop-Sell,51.82,0,-1
1367971202,URI,Stop-Sell,51.82,0,-1
1368057600,CF,Buy,190.8,0.9715499026611104,38
1368057602,URI,Stop-Sell,51.82,0,-1
1368144001,CF,Stop-Sell,186.94,0,-1
1368144002,CF,Stop-Sell,186.94,0,-1
1368144002,URI,Stop-Sell,51.82,0,-1
1368403202,URI,Tightened-Stop-Sell,57.19,0,-1
1368489600,CVS,Buy,59.02,0.978171921185243,28
1368576001,CVS,Stop-Sell,56.64,0,-1
1368576002,CVS,Stop-Sell,56.64,0,-1
1368662402,CVS,Tightened-Stop-Sell,57.78,0,-1
1369958400,VIAB,Sell,63.87,0.9726182042439316,73
1370217600,GILD,Sell,52.03,1.0,7
1370217601,VIAB,Stop-Buy,66.57,0,-1
1370217602,VIAB,Stop-Buy,66.57,0,-1
1370304001,GILD,Stop-Buy,55.16,0,-1
1370304002,GILD,Stop-Buy,55.16,0,-1
1370390400,CP,Sell,119.22,0.9852501913129396,54
1370390400,WHR,Sell,115.68,0.9725953326172317,312
1370390402,GILD,Stop-Buy,55.16,0,-1
1370476801,WHR,Stop-Buy,119.58,0,-1
1370476801,CP,Stop-Buy,121.95,0,-1
1370476802,WHR,Stop-Buy,119.58,0,-1
1370476802,GILD,Stop-Buy,55.16,0,-1
1370476802,CP,Stop-Buy,121.95,0,-1
1370563200,AMZN,Buy,278.69,1.0,6
1370563202,GILD,Tightened-Stop-Buy,53.19,0,-1
1370822401,AMZN,Stop-Sell,273.31,0,-1
1370822402,AMZN,Stop-Sell,273.31,0,-1
1370908802,AMZN,Tightened-Stop-Sell,274.15,0,-1
1370995200,IWM,Sell,94.17,0.9765976565597402,3
1371081601,IWM,Stop-Buy,96.61,0,-1
1371081602,IWM,Stop-Buy,96.61,0,-1
1371168002,IWM,Tightened-Stop-Buy,96.27,0,-1
1371513600,V,Buy,182.74,0.9887347406607967,101
1371600001,V,Stop-Sell,178.68,0,-1
1371600002,V,Stop-Sell,178.68,0,-1
1371686400,IWM,Sell,92.86,0.9765976565597401,3
1371686400,WHR,Sell,115.79,0.9725953326172319,202
1371772801,WHR,Stop-Buy,120.15,0,-1
1371772801,IWM,Stop-Buy,95.03,0,-1
1371772802,WHR,Stop-Buy,120.15,0,-1
1371772802,IWM,Stop-Buy,95.03,0,-1
1372032002,WHR,Stop-Buy,120.15,0,-1
1372032002,IWM,Stop-Buy,95.03,0,-1
1372118402,WHR,Tightened-Stop-Buy,111.36,0,-1
1372118402,IWM,Tightened-Stop-Buy,93.68,0,-1
1373328000,FDX,Buy,104.17,0.9925996157237097,3
1373414401,FDX,Stop-Sell,99.97,0,-1
1373414402,FDX,Stop-Sell,99.97,0,-1
1373500802,FDX,Stop-Sell,99.97,0,-1
1373587202,FDX,Stop-Sell,99.97,0,-1
1373846402,FDX,Stop-Sell,99.97,0,-1
1373932802,FDX,Stop-Sell,99.97,0,-1
1374019202,FDX,Stop-Sell,99.97,0,-1
1374105602,FDX,Stop-Sell,99.97,0,-1
1374192000,WHR,Buy,126.62,0.9725953326172316,9
1374192002,FDX,Tightened-Stop-Sell,106.73,0,-1
1374451201,WHR,Stop-Sell,121.62,0,-1
1374451202,WHR,Stop-Sell,121.62,0,-1
1374451202,FDX,Tightened-Stop-Sell,106.46,0,-1
1374537602,WHR,Tightened-Stop-Sell,126.96,0,-1
1374710400,AGN,Buy,130.01,1.0,97
1374796801,AGN,Stop-Sell,125.32,0,-1
1374796802,AGN,Stop-Sell,125.32,0,-1
1375056002,AGN,Stop-Sell,125.32,0,-1
1375142402,AGN,Stop-Sell,125.32,0,-1
1375228802,AGN,Stop-Sell,125.32,0,-1
1375315202,AGN,Stop-Sell,125.32,0,-1
1375401602,AGN,Stop-Sell,125.32,0,-1
1375660802,AGN,Stop-Sell,125.32,0,-1
1375747202,AGN,Tightened-Stop-Sell,135.12,0,-1
1376956800,NFLX,Buy,273.74,1.0,4
1377043201,NFLX,Stop-Sell,268.11,0,-1
1377043202,NFLX,Tightened-Stop-Sell,269.75,0,-1
1378684800,MA,Buy,63.68,0.09933180100562966,230
1378771200,V,Buy,183.11,0.9905641909799335,10
1378771200,IWM,Buy,103.17,0.9808807362759597,12
1378771200,GD,Buy,84.52,0.9718848553963688,225
1378771200,GOOGL,Buy,445.27,0.5,277
1378771201,MA,Stop-Sell,63.25,0,-1
1378771202,MA,Stop-Sell,63.25,0,-1
1378857600,AAPL,Sell,64.83,0.13910335301036286,0
1378857601,GD,Stop-Sell,82.61,0,-1
1378857601,V,Stop-Sell,179.7,0,-1
1378857601,GOOGL,Stop-Sell,444.38,0,-1
1378857601,IWM,Stop-Sell,101.6,0,-1
1378857602,MA,Stop-Sell,63.25,0,-1
1378857602,GD,Stop-Sell,82.61,0,-1
1378857602,V,Stop-Sell,179.7,0,-1
1378857602,GOOGL,Stop-Sell,444.38,0,-1
1378857602,IWM,Stop-Sell,101.6,0,-1
1378944001,AAPL,Stop-Buy,65.14,0,-1
1378944002,AAPL,Stop-Buy,65.14,0,-1
1378944002,MA,Stop-Sell,63.25,0,-1
1378944002,GD,Stop-Sell,82.61,0,-1
1378944002,V,Stop-Sell,179.7,0,-1
1378944002,GOOGL,Stop-Sell,444.38,0,-1
1378944002,IWM,Stop-Sell,101.6,0,-1
1379030402,MA,Stop-Sell,63.25,0,-1
1379030402,GD,Stop-Sell,82.61,0,-1
1379030402,V,Stop-Sell,179.7,0,-1
1379030402,IWM,Stop-Sell,101.6,0,-1
1379289602,MA,Stop-Sell,63.25,0,-1
1379289602,GD,Stop-Sell,82.61,0,-1
1379289602,V,Stop-Sell,179.7,0,-1
1379289602,IWM,Stop-Sell,101.6,0,-1
1379376000,VRX,Buy,103.29,1.0,132
1379376002,MA,Stop-Sell,63.25,0,-1
1379376002,GD,Stop-Sell,82.61,0,-1
1379376002,V,Stop-Sell,179.7,0,-1
1379376002,IWM,Tightened-Stop-Sell,102.56,0,-1
1379462401,VRX,Stop-Sell,100.81,0,-1
1379462402,MA,Stop-Sell,63.25,0,-1
1379462402,GD,Stop-Sell,82.61,0,-1
1379462402,VRX,Stop-Sell,100.81,0,-1
1379462402,V,Stop-Sell,179.7,0,-1
1379462402,IWM,Stop-Sell,102.56,0,-1
1379548802,MA,Stop-Sell,63.25,0,-1
1379548802,GD,Stop-Sell,82.61,0,-1
1379548802,VRX,Stop-Sell,100.81,0,-1
1379548802,V,Stop-Sell,179.7,0,-1
1379548802,IWM,Tightened-Stop-Sell,104.44,0,-1
1379635202,MA,Tightened-Stop-Sell,68.05,0,-1
1379635202,GD,Tightened-Stop-Sell,85.38,0,-1
1379635202,VRX,Stop-Sell,100.81,0,-1
1379635202,V,Stop-Sell,179.7,0,-1
1379635202,IWM,Stop-Sell,104.44,0,-1
1379894402,VRX,Tightened-Stop-Sell,102.58,0,-1
1379894402,V,Stop-Sell,179.7,0,-1
1379980802,V,Tightened-Stop-Sell,191.02,0,-1
1381190400,V,Sell,180.59,0.9905641909799335,44
1381190400,FLT,Sell,104.08,1.0,73
1381190400,GD,Sell,82.34,0.9718848553963688,433
1381276801,GD,Stop-Buy,84.47,0,-1
1381276801,V,Stop-Buy,183.26,0,-1
1381276801,FLT,Stop-Buy,108.16,0,-1
1381276802,GD,Stop-Buy,84.47,0,-1
1381276802,V,Stop-Buy,183.26,0,-1
1381276802,FLT,Stop-Buy,108.16,0,-1
1381363202,FLT,Stop-Buy,108.16,0,-1
1381881600,URI,Buy,60.81,1.0,34
1381968000,CVS,Buy,59.17,0.9817681414837179,120
1381968001,URI,Stop-Sell,57.52,0,-1
1381968002,URI,Stop-Sell,57.52,0,-1
1382054400,GOOGL,Buy,507.83,0.5,0
1382054401,CVS,Stop-Sell,56.88,0,-1
1382054402,CVS,Stop-Sell,56.88,0,-1
1382054402,URI,Stop-Sell,57.52,0,-1
1382313601,GOOGL,Stop-Sell,497.0,0,-1
1382313602,CVS,Stop-Sell,56.88,0,-1
1382313602,GOOGL,Stop-Sell,497.0,0,-1
1382313602,URI,Stop-Sell,57.52,0,-1
1382400002,CVS,Stop-Sell,56.88,0,-1
1382400002,GOOGL,Stop-Sell,497.0,0,-1
1382400002,URI,Stop-Sell,57.52,0,-1
1382486402,CVS,Stop-Sell,56.88,0,-1
1382486402,GOOGL,Stop-Sell,497.0,0,-1
1382486402,URI,Tightened-Stop-Sell,63.91,0,-1
1382572802,CVS,Stop-Sell,56.88,0,-1
1382572802,GOOGL,Stop-Sell,497.0,0,-1
1382572802,URI,Tightened-Stop-Sell,64.48,0,-1
1382659202,CVS,Tightened-Stop-Sell,60.22,0,-1
1382659202,GOOGL,Tightened-Stop-Sell,507.29,0,-1
1382918402,CVS,Tightened-Stop-Sell,60.49,0,-1
1383004802,CVS,Tightened-Stop-Sell,60.67,0,-1
1383091202,CVS,Tightened-Stop-Sell,61.02,0,-1
1385078400,AMZN,Buy,373.6,1.0,32
1385337601,AMZN,Stop-Sell,368.75,0,-1
1385337602,AMZN,Stop-Sell,368.75,0,-1
1385424000,AAPL,Buy,75.04,0.1399178067204942,0
1385424002,AMZN,Stop-Sell,368.75,0,-1
1385510400,V,Buy,203.09,0.9925475010029187,249
1385510401,AAPL,Stop-Sell,73.98,0,-1
1385510402,AAPL,Stop-Sell,73.98,0,-1
1385510402,AMZN,Stop-Sell,368.75,0,-1
1385683201,V,Stop-Sell,200.74,0,-1
1385683202,AAPL,Stop-Sell,73.98,0,-1
1385683202,AMZN,Stop-Sell,368.75,0,-1
1385683202,V,Tightened-Stop-Sell,201.32,0,-1
1385942402,AAPL,Stop-Sell,73.98,0,-1
1385942402,AMZN,Stop-Sell,368.75,0,-1
1385942402,V,Stop-Sell,201.32,0,-1
1386028802,AAPL,Stop-Sell,73.98,0,-1
1386028802,AMZN,Tightened-Stop-Sell,384.04,0,-1
1386115202,AAPL,Stop-Sell,73.98,0,-1
1386201602,AAPL,Stop-Sell,73.98,0,-1
1386288002,AAPL,Tightened-Stop-Sell,78.27,0,-1
1386547202,AAPL,Tightened-Stop-Sell,78.39,0,-1
1386633602,AAPL,Tightened-Stop-Sell,78.77,0,-1
1386720000,AGN,Sell,159.92,1.0,170
1386806401,AGN,Stop-Buy,162.83,0,-1
1386806402,AGN,Stop-Buy,162.83,0,-1
1386892802,AGN,Stop-Buy,162.83,0,-1
1387324800,CVS,Buy,68.87,0.9854497720142817,20
1387411201,CVS,Stop-Sell,65.55,0,-1
1387411202,CVS,Stop-Sell,65.55,0,-1
1387497600,IWM,Buy,112.53,0.983486585217263,4
1387497602,CVS,Stop-Sell,65.55,0,-1
1387756801,IWM,Stop-Sell,109.27,0,-1
1387756802,CVS,Stop-Sell,65.55,0,-1
1387756802,IWM,Stop-Sell,109.27,0,-1
1387843202,CVS,Stop-Sell,65.55,0,-1
1387843202,IWM,Stop-Sell,109.27,0,-1
1388016002,CVS,Tightened-Stop-Sell,69.67,0,-1
1388016002,IWM,Stop-Sell,109.27,0,-1
1388102402,CVS,Stop-Sell,69.67,0,-1
1388102402,IWM,Stop-Sell,109.27,0,-1
1388361602,CVS,Tightened-Stop-Sell,70.06,0,-1
1388361602,IWM,Stop-Sell,109.27,0,-1
1388448002,CVS,Tightened-Stop-Sell,70.23,0,-1
1388448002,IWM,Stop-Sell,109.27,0,-1
1388620802,IWM,Tightened-Stop-Sell,112.16,0,-1
1388707202,IWM,Tightened-Stop-Sell,112.54,0,-1
1389052800,NFLX,Sell,336.87,1.0,1
1389052800,VRX,Buy,126.15,1.0,7
1389139200,CF,Buy,230.83,0.980152784706762,89
1389139201,NFLX,Stop-Buy,343.64,0,-1
1389139201,VRX,Stop-Sell,120.88,0,-1
1389139202,NFLX,Stop-Buy,343.64,0,-1
1389139202,VRX,Stop-Sell,120.88,0,-1
1389225601,CF,Stop-Sell,226.03,0,-1
1389225602,VRX,Stop-Sell,120.88,0,-1
1389225602,CF,Stop-Sell,226.03,0,-1
1389312002,VRX,Stop-Sell,120.88,0,-1
1389312002,CF,Stop-Sell,226.03,0,-1
1389571202,VRX,Tightened-Stop-Sell,130.12,0,-1
1389571202,CF,Stop-Sell,226.03,0,-1
1389657602,CF,Tightened-Stop-Sell,238.5,0,-1
1389744002,CF,Stop-Sell,238.5,0,-1
1389830402,CF,Stop-Sell,238.5,0,-1
1389916800,V,Buy,230.73,0.9925475010029187,0
1389916802,CF,Tightened-Stop-Sell,240.32,0,-1
1390262401,V,Stop-Sell,225.42,0,-1
1390262402,V,Stop-Sell,225.42,0,-1
1390262402,CF,Tightened-Stop-Sell,241.0,0,-1
1390348800,GD,Buy,99.19,0.9840740385362369,11
1390348802,V,Stop-Sell,225.42,0,-1
1390435201,GD,Stop-Sell,95.75,0,-1
1390435202,GD,Stop-Sell,95.75,0,-1
1390435202,V,Tightened-Stop-Sell,225.93,0,-1
1390521600,AMZN,Sell,387.07,1.0,18
1390521602,GD,Tightened-Stop-Sell,96.45,0,-1
1390780801,AMZN,Stop-Buy,392.88,0,-1
1390780802,AMZN,Tightened-Stop-Buy,391.13,0,-1
1390867200,AAPL,Sell,70.53,0.13991780672049423,0
1390953601,AAPL,Stop-Buy,71.36,0,-1
1390953602,AAPL,Stop-Buy,71.36,0,-1
1391040002,AAPL,Stop-Buy,71.36,0,-1
1391126402,AAPL,Stop-Buy,71.36,0,-1
1391385602,AAPL,Stop-Buy,71.36,0,-1
1391472002,AAPL,Tightened-Stop-Buy,71.28,0,-1
1392336000,VIAB,Buy,84.76,0.9842926017885093,212
1392681601,VIAB,Stop-Sell,82.5,0,-1
1392681602,VIAB,Stop-Sell,82.5,0,-1
1392768002,VIAB,Stop-Sell,82.5,0,-1
1392854402,VIAB,Stop-Sell,82.5,0,-1
1392940802,VIAB,Stop-Sell,82.5,0,-1
1393200000,IWM,Buy,115.61,0.9872287182570634,7
1393200002,VIAB,Tightened-Stop-Sell,85.26,0,-1
1393286401,IWM,Stop-Sell,113.37,0,-1
1393286402,IWM,Stop-Sell,113.37,0,-1
1393372802,IWM,Stop-Sell,113.37,0,-1
1393459200,WHR,Buy,143.63,0.9858589161433383,155
1393459202,IWM,Stop-Sell,113.37,0,-1
1393545601,WHR,Stop-Sell,139.08,0,-1
1393545602,WHR,Tightened-Stop-Sell,142.09,0,-1
1393545602,IWM,Stop-Sell,113.37,0,-1
1393804802,IWM,Tightened-Stop-Sell,114.54,0,-1
1393891202,IWM,Tightened-Stop-Sell,116.2,0,-1
1393977602,IWM,Tightened-Stop-Sell,117.74,0,-1
1394064002,IWM,Tightened-Stop-Sell,117.72,0,-1
1394668800,V,Sell,218.98,0.9943185631450481,41
1394755200,NFLX,Sell,423.55,1.0,17
1394755201,V,Stop-Buy,222.45,0,-1
1394755202,V,Stop-Buy,222.45,0,-1
1395014401,NFLX,Stop-Buy,426.65,0,-1
1395014402,NFLX,Stop-Buy,426.65,0,-1
1395100802,NFLX,Stop-Buy,426.65,0,-1
1395187202,NFLX,Stop-Buy,426.65,0,-1
1395619200,VIAB,Sell,84.18,0.9876405358081982,198
1395705601,VIAB,Stop-Buy,86.4,0,-1
1395705602,VIAB,Stop-Buy,86.4,0,-1
1395792000,IWM,Sell,113.28,0.9897792434492894,3
1395792000,FDX,Sell,131.38,0.9961388381959292,103
1395792002,VIAB,Stop-Buy,86.4,0,-1
1395878401,FDX,Stop-Buy,134.96,0,-1
1395878401,IWM,Stop-Buy,117.42,0,-1
1395878402,FDX,Stop-Buy,134.96,0,-1
1395878402,IWM,Stop-Buy,117.42,0,-1
1395878402,VIAB,Stop-Buy,86.4,0,-1
1395964802,FDX,Stop-Buy,134.96,0,-1
1395964802,IWM,Stop-Buy,117.42,0,-1
1395964802,VIAB,Stop-Buy,86.4,0,-1
1396224002,FDX,Stop-Buy,134.96,0,-1
1396224002,IWM,Stop-Buy,117.42,0,-1
1396224002,VIAB,Stop-Buy,86.4,0,-1
1396310400,NXPI,Buy,61.48,1.0,73
1396310402,FDX,Tightened-Stop-Buy,134.09,0,-1
1396310402,IWM,Tightened-Stop-Buy,117.16,0,-1
1396310402,VIAB,Stop-Buy,86.4,0,-1
1396396801,NXPI,Stop-Sell,58.39,0,-1
1396396802,NXPI,Stop-Sell,58.39,0,-1
1396483202,NXPI,Stop-Sell,58.39,0,-1
1396828800,AAPL,Sell,73.43,0.14075047205482424,3
1396915201,AAPL,Stop-Buy,74.11,0,-1
1396915202,AAPL,Stop-Buy,74.11,0,-1
1398297600,AAPL,Buy,80.1,0.14075047205482424,0
1398384000,AMZN,Sell,302.51,1.0,0
1398384001,AAPL,Stop-Sell,79.8,0,-1
1398384002,AAPL,Stop-Sell,79.8,0,-1
1398643201,AMZN,Stop-Buy,310.04,0,-1
1398643202,AAPL,Stop-Sell,79.8,0,-1
1398643202,AMZN,Stop-Buy,310.04,0,-1
1398729602,AAPL,Stop-Sell,79.8,0,-1
1398729602,AMZN,Tightened-Stop-Buy,301.0,0,-1
1398816002,AAPL,Stop-Sell,79.8,0,-1
1398902402,AAPL,Stop-Sell,79.8,0,-1
1398988800,FLT,Buy,121.59,1.0,20
1398988802,AAPL,Stop-Sell,79.8,0,-1
1399248001,FLT,Stop-Sell,118.81,0,-1
1399248002,AAPL,Stop-Sell,79.8,0,-1
1399248002,FLT,Stop-Sell,118.81,0,-1
1399334402,AAPL,Tightened-Stop-Sell,83.58,0,-1
1399334402,FLT,Stop-Sell,118.81,0,-1
1400630400,GOOGL,Buy,549.95,1.0,22
1400716801,GOOGL,Stop-Sell,546.3,0,-1
1400716802,GOOGL,Stop-Sell,546.3,0,-1
1400803200,VIAB,Buy,84.46,0.9876405358081981,299
1400803202,GOOGL,Stop-Sell,546.3,0,-1
1401148801,VIAB,Stop-Sell,82.44,0,-1
1401148802,GOOGL,Stop-Sell,546.3,0,-1
1401148802,VIAB,Stop-Sell,82.44,0,-1
1401235202,GOOGL,Stop-Sell,546.3,0,-1
1401235202,VIAB,Stop-Sell,82.44,0,-1
1401321602,GOOGL,Stop-Sell,546.3,0,-1
1401321602,VIAB,Stop-Sell,82.44,0,-1
1401408002,GOOGL,Stop-Sell,546.3,0,-1
1401408002,VIAB,Tightened-Stop-Sell,83.98,0,-1
1401667202,GOOGL,Tightened-Stop-Sell,563.72,0,-1
1401667202,VIAB,Stop-Sell,83.98,0,-1
1401753602,VIAB,Stop-Sell,83.98,0,-1
1401840002,VIAB,Tightened-Stop-Sell,85.18,0,-1
1401926402,VIAB,Tightened-Stop-Sell,85.52,0,-1
1402012802,VIAB,Stop-Sell,85.52,0,-1
1402272002,VIAB,Tightened-Stop-Sell,86.25,0,-1
1403654400,GOOGL,Buy,587.5,1.0,10
1403740801,GOOGL,Stop-Sell,579.74,0,-1
1403740802,GOOGL,Stop-Sell,579.74,0,-1
1403827202,GOOGL,Stop-Sell,579.74,0,-1
1404086402,GOOGL,Stop-Sell,579.74,0,-1
1404172800,V,Buy,214.19,0.9962137667343841,42
1404172802,GOOGL,Tightened-Stop-Sell,587.02,0,-1
1404259201,V,Stop-Sell,209.9,0,-1
1404259202,V,Stop-Sell,209.9,0,-1
1404259202,GOOGL,Tightened-Stop-Sell,590.15,0,-1
1404345602,V,Stop-Sell,209.9,0,-1
1404691202,V,Stop-Sell,209.9,0,-1
1404777602,V,Stop-Sell,209.9,0,-1
1404864002,V,Stop-Sell,209.9,0,-1
1404950402,V,Stop-Sell,209.9,0,-1
1405036800,AMZN,Buy,347.2,1.0,0
1405036802,V,Stop-Sell,209.9,0,-1
1405296001,AMZN,Stop-Sell,340.45,0,-1
1405296002,AMZN,Stop-Sell,340.45,0,-1
1405296002,V,Stop-Sell,209.9,0,-1
1405382402,AMZN,Stop-Sell,340.45,0,-1
1405382402,V,Stop-Sell,209.9,0,-1
1405468802,AMZN,Stop-Sell,340.45,0,-1
1405468802,V,Stop-Sell,209.9,0,-1
1405555202,AMZN,Stop-Sell,340.45,0,-1
1405555202,V,Tightened-Stop-Sell,216.43,0,-1
1405641602,AMZN,Stop-Sell,340.45,0,-1
1405641602,V,Tightened-Stop-Sell,217.73,0,-1
1405900802,AMZN,Tightened-Stop-Sell,357.48,0,-1
1407196800,AGN,Sell,211.44,1.0,88
1407283201,AGN,Stop-Buy,213.53,0,-1
1407283202,AGN,Stop-Buy,213.53,0,-1
1407369602,AGN,Stop-Buy,213.53,0,-1
1407456002,AGN,Stop-Buy,213.53,0,-1
1407715202,AGN,Stop-Buy,213.53,0,-1
1407801602,AGN,Stop-Buy,213.53,0,-1
1407888002,AGN,Tightened-Stop-Buy,207.59,0,-1
1408492800,CP,Buy,200.04,0.9966465984911583,148
1408579201,CP,Stop-Sell,195.61,0,-1
1408579202,CP,Stop-Sell,195.61,0,-1
1408665600,NXPI,Buy,65.84,1.0,33
1408665600,V,Buy,216.31,0.9980984827476925,164
1408665602,CP,Stop-Sell,195.61,0,-1
1408924801,NXPI,Stop-Sell,64.3,0,-1
1408924801,V,Stop-Sell,214.54,0,-1
1408924802,NXPI,Stop-Sell,64.3,0,-1
1408924802,V,Stop-Sell,214.54,0,-1
1408924802,CP,Stop-Sell,195.61,0,-1
1409011202,NXPI,Tightened-Stop-Sell,64.44,0,-1
1409011202,V,Stop-Sell,214.54,0,-1
1409011202,CP,Tightened-Stop-Sell,198.76,0,-1
1409097602,V,Stop-Sell,214.54,0,-1
1410739200,NFLX,Sell,456.65,1.0,5
1410825601,NFLX,Stop-Buy,467.64,0,-1
1410825602,NFLX,Stop-Buy,467.64,0,-1
1410912000,WHR,Buy,154.2,0.9958480956598759,202
1410912002,NFLX,Stop-Buy,467.64,0,-1
1410998401,WHR,Stop-Sell,151.19,0,-1
1410998402,WHR,Stop-Sell,151.19,0,-1
1410998402,NFLX,Stop-Buy,467.64,0,-1
1411084802,WHR,Stop-Sell,151.19,0,-1
1411084802,NFLX,Stop-Buy,467.64,0,-1
1411344000,URI,Sell,114.37,1.0,173
1411344002,WHR,Tightened-Stop-Sell,152.47,0,-1
1411344002,NFLX,Stop-Buy,467.64,0,-1
1411430401,URI,Stop-Buy,117.97,0,-1
1411430402,NFLX,Stop-Buy,467.64,0,-1
1411430402,URI,Stop-Buy,117.97,0,-1
1411516800,VRX,Buy,125.89,1.0,4
1411516802,NFLX,Tightened-Stop-Buy,451.19,0,-1
1411516802,URI,Stop-Buy,117.97,0,-1
1411603200,WHR,Sell,149.46,0.9958480956598759,360
1411603201,VRX,Stop-Sell,121.1,0,-1
1411603202,VRX,Stop-Sell,121.1,0,-1
1411603202,URI,Stop-Buy,117.97,0,-1
1411689601,WHR,Stop-Buy,153.43,0,-1
1411689602,WHR,Stop-Buy,153.43,0,-1
1411689602,VRX,Stop-Sell,121.1,0,-1
1411689602,URI,Stop-Buy,117.97,0,-1
1411948802,WHR,Stop-Buy,153.43,0,-1
1411948802,VRX,Stop-Sell,121.1,0,-1
1411948802,URI,Tightened-Stop-Buy,113.02,0,-1
1412035200,NXPI,Sell,67.57,1.0,59
1412035202,WHR,Stop-Buy,153.43,0,-1
1412035202,VRX,Stop-Sell,121.1,0,-1
1412121600,UNP,Sell,104.76,0.995736334953526,90
1412121600,UNH,Sell,84.1,0.9962935507783544,214
1412121601,NXPI,Stop-Buy,70.81,0,-1
1412121602,WHR,Stop-Buy,153.43,0,-1
1412121602,NXPI,Stop-Buy,70.81,0,-1
1412121602,VRX,Stop-Sell,121.1,0,-1
1412208001,UNP,Stop-Buy,108.02,0,-1
1412208001,UNH,Stop-Buy,86.28,0,-1
1412208002,WHR,Stop-Buy,153.43,0,-1
1412208002,NXPI,Stop-Buy,70.81,0,-1
1412208002,UNP,Stop-Buy,108.02,0,-1
1412208002,VRX,Tightened-Stop-Sell,126.49,0,-1
1412208002,UNH,Stop-Buy,86.28,0,-1
1412294402,WHR,Stop-Buy,153.43,0,-1
1412294402,NXPI,Stop-Buy,70.81,0,-1
1412294402,VRX,Tightened-Stop-Sell,127.21,0,-1
1412294402,UNH,Tightened-Stop-Buy,86.0,0,-1
1412553602,WHR,Stop-Buy,153.43,0,-1
1412553602,NXPI,Stop-Buy,70.81,0,-1
1412553602,VRX,Tightened-Stop-Sell,127.91,0,-1
1412640000,GOOGL,Sell,573.9,1.0,23
1412640002,WHR,Stop-Buy,153.43,0,-1
1412640002,NXPI,Stop-Buy,70.81,0,-1
1412726401,GOOGL,Stop-Buy,579.5,0,-1
1412726402,WHR,Tightened-Stop-Buy,143.83,0,-1
1412726402,NXPI,Tightened-Stop-Buy,66.46,0,-1
1412726402,GOOGL,Tightened-Stop-Buy,584.37,0,-1
1412812802,NXPI,Stop-Buy,66.46,0,-1
1412812802,GOOGL,Stop-Buy,584.37,0,-1
1412899202,NXPI,Stop-Buy,66.46,0,-1
1412899202,GOOGL,Stop-Buy,584.37,0,-1
1413158400,AGN,Sell,221.35,1.0,11
1413158402,NXPI,Stop-Buy,66.46,0,-1
1413158402,GOOGL,Stop-Buy,584.37,0,-1
1413244800,CF,Sell,246.63,0.9944004778258922,539
1413244801,AGN,Stop-Buy,229.63,0,-1
1413244802,NXPI,Stop-Buy,66.46,0,-1
1413244802,GOOGL,Stop-Buy,584.37,0,-1
1413244802,AGN,Stop-Buy,229.63,0,-1
1413331200,GOOGL,Buy-Market,-1.0,0,-1
1413331201,CF,Stop-Buy,251.38,0,-1
1413331202,NXPI,Tightened-Stop-Buy,58.91,0,-1
1413331202,CF,Stop-Buy,251.38,0,-1
1413331202,AGN,Stop-Buy,229.63,0,-1
1413417602,AGN,Stop-Buy,229.63,0,-1
1413849600,WHR,Buy,154.94,0.9958480956598759,660
1413936000,AAPL,Buy,103.3,0.9956947879454062,5
1413936001,WHR,Stop-Sell,152.36,0,-1
1413936002,WHR,Stop-Sell,152.36,0,-1
1414022400,GD,Buy,131.09,1.0,92
1414022401,AAPL,Stop-Sell,101.4,0,-1
1414022402,WHR,Stop-Sell,152.36,0,-1
1414022402,AAPL,Stop-Sell,101.4,0,-1
1414108801,GD,Stop-Sell,127.59,0,-1
1414108802,WHR,Stop-Sell,152.36,0,-1
1414108802,AAPL,Stop-Sell,101.4,0,-1
1414108802,GD,Stop-Sell,127.59,0,-1
1414368002,WHR,Stop-Sell,152.36,0,-1
1414368002,AAPL,Stop-Sell,101.4,0,-1
1414368002,GD,Stop-Sell,127.59,0,-1
1414454400,IWM,Buy,113.99,0.9962978831839567,0
1414454402,WHR,Stop-Sell,152.36,0,-1
1414454402,AAPL,Stop-Sell,101.4,0,-1
1414454402,GD,Stop-Sell,127.59,0,-1
1414540801,IWM,Stop-Sell,110.1,0,-1
1414540802,WHR,Stop-Sell,152.36,0,-1
1414540802,AAPL,Stop-Sell,101.4,0,-1
1414540802,GD,Stop-Sell,127.59,0,-1
1414540802,IWM,Stop-Sell,110.1,0,-1
1414627202,WHR,Stop-Sell,152.36,0,-1
1414627202,AAPL,Stop-Sell,101.4,0,-1
1414627202,GD,Stop-Sell,127.59,0,-1
1414627202,IWM,Stop-Sell,110.1,0,-1
1414713602,WHR,Stop-Sell,152.36,0,-1
1414713602,AAPL,Stop-Sell,101.4,0,-1
1414713602,GD,Stop-Sell,127.59,0,-1
1414713602,IWM,Stop-Sell,110.1,0,-1
1414972802,WHR,Tightened-Stop-Sell,170.35,0,-1
1414972802,AAPL,Stop-Sell,101.4,0,-1
1414972802,GD,Stop-Sell,127.59,0,-1
1414972802,IWM,Stop-Sell,110.1,0,-1
1415059202,AAPL,Tightened-Stop-Sell,107.63,0,-1
1415059202,GD,Tightened-Stop-Sell,139.15,0,-1
1415059202,IWM,Tightened-Stop-Sell,114.89,0,-1
1415145602,AAPL,Tightened-Stop-Sell,107.89,0,-1
1415145602,GD,Tightened-Stop-Sell,140.64,0,-1
1415145602,IWM,Stop-Sell,114.89,0,-1
1415232002,GD,Tightened-Stop-Sell,141.06,0,-1
1415232002,IWM,Tightened-Stop-Sell,115.05,0,-1
1415318402,IWM,Tightened-Stop-Sell,115.46,0,-1
1415577602,IWM,Tightened-Stop-Sell,115.75,0,-1
1415664002,IWM,Tightened-Stop-Sell,116.19,0,-1
1415750402,IWM,Tightened-Stop-Sell,115.76,0,-1
1415836802,IWM,Tightened-Stop-Sell,115.97,0,-1
1416268800,AGN,Buy,269.86,1.0,1
1416355200,NFLX,Sell,362.46,1.0,4
1416355201,AGN,Stop-Sell,259.73,0,-1
1416355202,AGN,Tightened-Stop-Sell,265.42,0,-1
1416441601,NFLX,Stop-Buy,373.15,0,-1
1416441602,NFLX,Stop-Buy,373.15,0,-1
1418342400,AAPL,Sell,109.38,1.0,1
1418342400,GD,Sell,137.14,1.0,52
1418601600,NXPI,Sell,71.23,1.0,167
1418601601,AAPL,Stop-Buy,111.46,0,-1
1418601601,GD,Stop-Buy,139.81,0,-1
1418601602,AAPL,Stop-Buy,111.46,0,-1
1418601602,GD,Stop-Buy,139.81,0,-1
1418688000,WHR,Sell,173.82,1.0,22
1418688001,NXPI,Stop-Buy,74.86,0,-1
1418688002,AAPL,Stop-Buy,111.46,0,-1
1418688002,GD,Stop-Buy,139.81,0,-1
1418688002,NXPI,Stop-Buy,74.86,0,-1
1418774401,WHR,Stop-Buy,177.52,0,-1
1418774402,WHR,Stop-Buy,177.52,0,-1
1418774402,AAPL,Stop-Buy,111.46,0,-1
1418774402,GD,Stop-Buy,139.81,0,-1
1418860800,ALL,Buy,69.99,1.0,311
1418947201,ALL,Stop-Sell,68.57,0,-1
1418947202,ALL,Tightened-Stop-Sell,69.59,0,-1
1419206402,ALL,Stop-Sell,69.59,0,-1
1419292802,ALL,Stop-Sell,69.59,0,-1
1419379202,ALL,Tightened-Stop-Sell,70.39,0,-1
1419552002,ALL,Tightened-Stop-Sell,70.51,0,-1
1419811202,ALL,Stop-Sell,70.51,0,-1
1419897602,ALL,Tightened-Stop-Sell,70.64,0,-1
