1188518400,AAPL,Buy,19.11,0.1352772335721434,3
1188518400,AMZN,Buy,81.59,1.0,76
1188864001,AAPL,Stop-Sell,18.73,0,-1
1188864001,AMZN,Stop-Sell,79.4,0,-1
1188864002,AAPL,Stop-Sell,18.73,0,-1
1188864002,AMZN,Stop-Sell,79.4,0,-1
1188950402,AMZN,Stop-Sell,79.4,0,-1
1189036802,AMZN,Stop-Sell,79.4,0,-1
1189123202,AMZN,Tightened-Stop-Sell,84.22,0,-1
1190073600,UNP,Buy,25.42,0.21806177091012613,100
1190160001,UNP,Stop-Sell,24.7,0,-1
1190160002,UNP,Stop-Sell,24.7,0,-1
1192579200,UNP,Buy,26.38,0.2180617709101261,42
1192665601,UNP,Stop-Sell,25.64,0,-1
1192665602,UNP,Stop-Sell,25.64,0,-1
1192752000,IWM,Sell,73.57,0.9336459161048385,2
1192752000,FDX,Sell,98.54,0.9580520012638138,263
1192752002,UNP,Tightened-Stop-Sell,26.63,0,-1
1193011201,FDX,Stop-Buy,101.44,0,-1
1193011201,IWM,Stop-Buy,77.02,0,-1
1193011202,FDX,Tightened-Stop-Buy,99.19,0,-1
1193011202,IWM,Tightened-Stop-Buy,75.68,0,-1
1194566400,AAPL,Sell,22.18,0.13527723357214338,2
1194825601,AAPL,Stop-Buy,22.76,0,-1
1194825602,AAPL,Stop-Buy,22.76,0,-1
1195171200,FDX,Sell,92.21,0.9580520012638141,7
1195430401,FDX,Stop-Buy,94.31,0,-1
1195430402,FDX,Stop-Buy,94.31,0,-1
1195516802,FDX,Stop-Buy,94.31,0,-1
1195603202,FDX,Stop-Buy,94.31,0,-1
1195776002,FDX,Tightened-Stop-Buy,89.96,0,-1
1196208000,AMZN,Buy,91.0,1.0,29
1196294400,WHR,Buy,67.44,0.8332797342732088,2049
1196294401,AMZN,Stop-Sell,86.95,0,-1
1196294402,AMZN,Stop-Sell,86.95,0,-1
1196380801,WHR,Stop-Sell,65.78,0,-1
1196380802,WHR,Stop-Sell,65.78,0,-1
1196380802,AMZN,Stop-Sell,86.95,0,-1
1196640002,WHR,Stop-Sell,65.78,0,-1
1196640002,AMZN,Stop-Sell,86.95,0,-1
1196726402,WHR,Stop-Sell,65.78,0,-1
1196726402,AMZN,Stop-Sell,86.95,0,-1
1196812802,WHR,Stop-Sell,65.78,0,-1
1196812802,AMZN,Stop-Sell,86.95,0,-1
1196899200,AAPL,Buy,25.81,0.1352772335721434,4
1196899200,GILD,Buy,47.2,0.987481221832749,127
1196899200,CP,Buy,62.18,0.9124548564059157,809
1196899202,WHR,Stop-Sell,65.78,0,-1
1196899202,AMZN,Stop-Sell,86.95,0,-1
1196985600,GOOGL,Buy,362.08,0.5,2489
1196985601,AAPL,Stop-Sell,25.36,0,-1
1196985601,GILD,Stop-Sell,45.79,0,-1
1196985601,CP,Stop-Sell,59.5,0,-1
1196985602,WHR,Tightened-Stop-Sell,71.12,0,-1
1196985602,AAPL,Stop-Sell,25.36,0,-1
1196985602,AMZN,Stop-Sell,86.95,0,-1
1196985602,GILD,Stop-Sell,45.79,0,-1
1196985602,CP,Stop-Sell,59.5,0,-1
1197244801,GOOGL,Stop-Sell,356.87,0,-1
1197244802,WHR,Stop-Sell,71.12,0,-1
1197244802,AAPL,Tightened-Stop-Sell,26.12,0,-1
1197244802,AMZN,Tightened-Stop-Sell,92.72,0,-1
1197244802,GILD,Stop-Sell,45.79,0,-1
1197244802,GOOGL,Stop-Sell,356.87,0,-1
1197244802,CP,Stop-Sell,59.5,0,-1
1197331202,CP,Tightened-Stop-Sell,60.3,0,-1
1199404800,AAPL,Sell,24.17,0.1352772335721434,1
1199404800,GOOGL,Sell,327.4,0.5,5
1199664001,AAPL,Stop-Buy,25.13,0,-1
1199664001,GOOGL,Stop-Buy,334.17,0,-1
1199664002,AAPL,Stop-Buy,25.13,0,-1
1199664002,GOOGL,Stop-Buy,334.17,0,-1
1199750402,AAPL,Stop-Buy,25.13,0,-1
1199750402,GOOGL,Stop-Buy,334.17,0,-1
1199836802,AAPL,Tightened-Stop-Buy,24.34,0,-1
1199836802,GOOGL,Tightened-Stop-Buy,326.91,0,-1
1200528000,CF,Sell,83.97,0.94223532537974,28
1200614401,CF,Stop-Buy,90.81,0,-1
1200614402,CF,Stop-Buy,90.81,0,-1
1200960000,GILD,Sell,42.58,0.9874812218327491,55
1200960002,CF,Stop-Buy,90.81,0,-1
1201046401,GILD,Stop-Buy,42.4,0,-1
1201046402,GILD,Stop-Buy,42.4,0,-1
1201046402,CF,Stop-Buy,90.81,0,-1
1201737600,UNP,Buy,27.62,0.2188329884907101,74
1201824001,UNP,Stop-Sell,26.84,0,-1
1201824002,UNP,Stop-Sell,26.84,0,-1
1202083202,UNP,Stop-Sell,26.84,0,-1
1202860800,CF,Buy,111.59,0.9422353253797401,99
1202947201,CF,Stop-Sell,108.98,0,-1
1202947202,CF,Stop-Sell,108.98,0,-1
1204502400,GOOGL,Sell,228.0,0.5,0
1204588801,GOOGL,Stop-Buy,232.13,0,-1
1204588802,GOOGL,Stop-Buy,232.13,0,-1
1204675202,GOOGL,Stop-Buy,232.13,0,-1
1204761600,UNP,Sell,26.4,0.21883298849071012,69
1204761602,GOOGL,Stop-Buy,232.13,0,-1
1204848000,CP,Sell,61.01,0.9124548564059164,440
1204848001,UNP,Stop-Buy,27.12,0,-1
1204848002,UNP,Stop-Buy,27.12,0,-1
1204848002,GOOGL,Stop-Buy,232.13,0,-1
1205107201,CP,Stop-Buy,63.5,0,-1
1205107202,UNP,Stop-Buy,27.12,0,-1
1205107202,GOOGL,Stop-Buy,232.13,0,-1
1205107202,CP,Stop-Buy,63.5,0,-1
1205193602,GOOGL,Tightened-Stop-Buy,220.23,0,-1
1205193602,CP,Stop-Buy,63.5,0,-1
1205452800,CVS,Sell,34.8,0.9183286188198884,67
1205452800,ALL,Sell,37.39,0.8280200988288099,200
1205712000,AAPL,Buy,17.58,0.1352772335721434,45
1205712001,CVS,Stop-Buy,37.19,0,-1
1205712001,ALL,Stop-Buy,39.36,0,-1
1205712002,CVS,Stop-Buy,37.19,0,-1
1205712002,ALL,Tightened-Stop-Buy,38.21,0,-1
1205798401,AAPL,Stop-Sell,16.77,0,-1
1205798402,AAPL,Stop-Sell,16.77,0,-1
1205798402,CVS,Tightened-Stop-Buy,36.21,0,-1
1205884802,AAPL,Stop-Sell,16.77,0,-1
1205971200,AMZN,Buy,74.86,1.0,29
1205971202,AAPL,Stop-Sell,16.77,0,-1
1206316801,AMZN,Stop-Sell,71.18,0,-1
1206316802,AAPL,Stop-Sell,16.77,0,-1
1206316802,AMZN,Stop-Sell,71.18,0,-1
1206403202,AAPL,Stop-Sell,16.77,0,-1
1206403202,AMZN,Stop-Sell,71.18,0,-1
1206489602,AAPL,Stop-Sell,16.77,0,-1
1206489602,AMZN,Stop-Sell,71.18,0,-1
1206576002,AAPL,Tightened-Stop-Sell,18.9,0,-1
1206662402,AAPL,Stop-Sell,18.9,0,-1
1206921600,GILD,Buy,51.2,0.987481221832749,15
1206921600,ALL,Buy,40.59,0.8280200988288101,244
1206921602,AAPL,Tightened-Stop-Sell,19.31,0,-1
1207008000,GOOGL,Buy,233.35,0.5,3
1207008000,IWM,Buy,66.53,0.9336459161048387,9
1207008000,VIAB,Buy,37.58,0.9169797469336981,495
1207008001,GILD,Stop-Sell,48.89,0,-1
1207008001,ALL,Stop-Sell,39.24,0,-1
1207008002,AAPL,Tightened-Stop-Sell,19.72,0,-1
1207008002,GILD,Stop-Sell,48.89,0,-1
1207008002,ALL,Stop-Sell,39.24,0,-1
1207094401,GOOGL,Stop-Sell,228.36,0,-1
1207094401,IWM,Stop-Sell,64.23,0,-1
1207094401,VIAB,Stop-Sell,36.03,0,-1
1207094402,AAPL,Tightened-Stop-Sell,19.88,0,-1
1207094402,GILD,Stop-Sell,48.89,0,-1
1207094402,ALL,Stop-Sell,39.24,0,-1
1207094402,GOOGL,Stop-Sell,228.36,0,-1
1207094402,IWM,Stop-Sell,64.23,0,-1
1207094402,VIAB,Stop-Sell,36.03,0,-1
1207180802,AAPL,Tightened-Stop-Sell,19.83,0,-1
1207180802,GILD,Stop-Sell,48.89,0,-1
1207180802,ALL,Stop-Sell,39.24,0,-1
1207180802,IWM,Stop-Sell,64.23,0,-1
1207180802,VIAB,Stop-Sell,36.03,0,-1
1207267202,AAPL,Tightened-Stop-Sell,20.52,0,-1
1207267202,GILD,Tightened-Stop-Sell,51.26,0,-1
1207267202,ALL,Tightened-Stop-Sell,40.41,0,-1
1207267202,IWM,Tightened-Stop-Sell,66.16,0,-1
1207267202,VIAB,Stop-Sell,36.03,0,-1
1207526402,AAPL,Tightened-Stop-Sell,21.02,0,-1
1207526402,ALL,Tightened-Stop-Sell,40.71,0,-1
1207526402,VIAB,Stop-Sell,36.03,0,-1
1207612802,VIAB,Tightened-Stop-Sell,36.98,0,-1
1207699202,VIAB,Tightened-Stop-Sell,37.24,0,-1
1207872000,WHR,Sell,67.79,0.8373183984496916,110
1208131201,WHR,Stop-Buy,69.15,0,-1
1208131202,WHR,Stop-Buy,69.15,0,-1
1208217602,WHR,Stop-Buy,69.15,0,-1
1208304000,NFLX,Buy,39.31,1.0,228
1208304002,WHR,Stop-Buy,69.15,0,-1
1208390401,NFLX,Stop-Sell,36.48,0,-1
1208390402,WHR,Stop-Buy,69.15,0,-1
1208390402,NFLX,Stop-Sell,36.48,0,-1
1208476800,AMZN,Buy,81.25,1.0,11
1208476802,NFLX,Tightened-Stop-Sell,38.39,0,-1
1208736001,AMZN,Stop-Sell,77.65,0,-1
1208736002,AMZN,Stop-Sell,77.65,0,-1
1208736002,NFLX,Stop-Sell,38.39,0,-1
1209600000,GILD,Buy,52.54,0.987481221832749,128
1209686401,GILD,Stop-Sell,50.88,0,-1
1209686402,GILD,Stop-Sell,50.88,0,-1
1209945602,GILD,Stop-Sell,50.88,0,-1
1210032002,GILD,Stop-Sell,50.88,0,-1
1210118402,GILD,Tightened-Stop-Sell,52.27,0,-1
1210204802,GILD,Stop-Sell,52.27,0,-1
1210291202,GILD,Tightened-Stop-Sell,52.54,0,-1
1210550402,GILD,Tightened-Stop-Sell,52.45,0,-1
1210636802,GILD,Tightened-Stop-Sell,52.5,0,-1
1212364800,CP,Sell,63.74,0.9124548564059162,156
1212451200,GD,Sell,75.18,0.8447045143250707,152
1212451201,CP,Stop-Buy,65.58,0,-1
1212451202,CP,Stop-Buy,65.58,0,-1
1212537601,GD,Stop-Buy,77.77,0,-1
1212537602,GD,Stop-Buy,77.77,0,-1
1212537602,CP,Stop-Buy,65.58,0,-1
1212624002,GD,Stop-Buy,77.77,0,-1
1212624002,CP,Stop-Buy,65.58,0,-1
1212710402,GD,Stop-Buy,77.77,0,-1
1212710402,CP,Stop-Buy,65.58,0,-1
1212969602,GD,Stop-Buy,77.77,0,-1
1212969602,CP,Stop-Buy,65.58,0,-1
1213056002,GD,Stop-Buy,77.77,0,-1
1213056002,CP,Stop-Buy,65.58,0,-1
1213142402,GD,Stop-Buy,77.77,0,-1
1213142402,CP,Stop-Buy,65.58,0,-1
1213228802,GD,Tightened-Stop-Buy,72.87,0,-1
1213228802,CP,Stop-Buy,65.58,0,-1
1213315202,CP,Tightened-Stop-Buy,59.3,0,-1
1213920000,AAPL,Sell,23.32,0.1352772335721434,2
1214179201,AAPL,Stop-Buy,24.02,0,-1
1214179202,AAPL,Stop-Buy,24.02,0,-1
1214265602,AAPL,Tightened-Stop-Buy,23.5,0,-1
1215388800,GD,Sell,69.01,0.848240533700908,178
1215475201,GD,Stop-Buy,71.26,0,-1
1215475202,GD,Tightened-Stop-Buy,71.2,0,-1
1216339200,GOOGL,Sell,268.84,0.5,0
1216598401,GOOGL,Stop-Buy,245.04,0,-1
1216598402,GOOGL,Stop-Buy,245.04,0,-1
1216684800,FDX,Buy,78.45,0.9613278644191466,126
1216684802,GOOGL,Stop-Buy,245.04,0,-1
1216771200,GD,Buy,76.01,0.8482405337009079,34
1216771200,UNP,Buy,34.23,0.44050087255072856,56
1216771201,FDX,Stop-Sell,75.2,0,-1
1216771202,FDX,Stop-Sell,75.2,0,-1
1216857601,GD,Stop-Sell,73.35,0,-1
1216857601,UNP,Stop-Sell,32.84,0,-1
1216857602,FDX,Stop-Sell,75.2,0,-1
1216857602,GD,Stop-Sell,73.35,0,-1
1216857602,UNP,Stop-Sell,32.84,0,-1
1216944002,FDX,Stop-Sell,75.2,0,-1
1216944002,GD,Stop-Sell,73.35,0,-1
1216944002,UNP,Stop-Sell,32.84,0,-1
1217203202,GD,Stop-Sell,73.35,0,-1
1217203202,UNP,Stop-Sell,32.84,0,-1
1217289602,GD,Stop-Sell,73.35,0,-1
1217289602,UNP,Stop-Sell,32.84,0,-1
1217376002,GD,Stop-Sell,73.35,0,-1
1217376002,UNP,Stop-Sell,32.84,0,-1
1217462402,GD,Tightened-Stop-Sell,75.36,0,-1
1217462402,UNP,Stop-Sell,32.84,0,-1
1217548802,UNP,Tightened-Stop-Sell,34.86,0,-1
1217808002,UNP,Tightened-Stop-Sell,34.89,0,-1
1217894402,UNP,Stop-Sell,34.89,0,-1
1217980802,UNP,Tightened-Stop-Sell,35.97,0,-1
1218499200,AAPL,Buy,24.11,0.13527723357214338,2
1218585601,AAPL,Stop-Sell,23.62,0,-1
1218585602,AAPL,Stop-Sell,23.62,0,-1
1218672002,AAPL,Stop-Sell,23.62,0,-1
1218758402,AAPL,Stop-Sell,23.62,0,-1
1219881600,UNP,Buy,37.2,0.44194830148572534,84
1219968000,MA,Buy,24.07,0.09791684017424428,241
1219968001,UNP,Stop-Sell,36.28,0,-1
1219968002,UNP,Stop-Sell,36.28,0,-1
1220313601,MA,Stop-Sell,23.48,0,-1
1220313602,MA,Tightened-Stop-Sell,23.36,0,-1
1220400000,GOOGL,Sell,228.85,0.5,102
1220486400,AAPL,Sell,21.73,0.1352772335721434,6
1220486401,GOOGL,Stop-Buy,233.47,0,-1
1220486402,GOOGL,Stop-Buy,233.47,0,-1
1220572801,AAPL,Stop-Buy,22.23,0,-1
1220572802,AAPL,Stop-Buy,22.23,0,-1
1220572802,GOOGL,Stop-Buy,233.47,0,-1
1220832000,IWM,Sell,66.31,0.9336459161048386,2644
1220832002,GOOGL,Stop-Buy,233.47,0,-1
1220918401,IWM,Stop-Buy,69.67,0,-1
1220918402,GOOGL,Stop-Buy,233.47,0,-1
1220918402,IWM,Tightened-Stop-Buy,68.66,0,-1
1221004802,GOOGL,Stop-Buy,233.47,0,-1
1221004802,IWM,Tightened-Stop-Buy,67.1,0,-1
1221091202,GOOGL,Tightened-Stop-Buy,217.19,0,-1
1221436800,IWM,Sell,64.04,0.9336459161048385,7
1221523201,IWM,Stop-Buy,66.06,0,-1
1221523202,IWM,Tightened-Stop-Buy,66.57,0,-1
1221609602,IWM,Stop-Buy,66.57,0,-1
1222387200,FDX,Sell,76.07,0.9625739882122902,385
1222646401,FDX,Stop-Buy,78.12,0,-1
1222646402,FDX,Stop-Buy,78.12,0,-1
1222732800,WHR,Sell,66.76,0.846816341509824,19
1222819201,WHR,Stop-Buy,69.8,0,-1
1222819202,WHR,Stop-Buy,69.8,0,-1
1225324800,UNP,Buy,28.77,0.4419483014857254,612
1225411201,UNP,Stop-Sell,28.58,0,-1
1225411202,UNP,Stop-Sell,28.58,0,-1
1225670400,CP,Buy,42.31,0.919839302124277,1120
1225756801,CP,Stop-Sell,41.66,0,-1
1225756802,CP,Stop-Sell,41.66,0,-1
1226016000,GOOGL,Sell,162.01,0.5,120
1226275201,GOOGL,Stop-Buy,167.19,0,-1
1226275202,GOOGL,Tightened-Stop-Buy,164.31,0,-1
1226361602,GOOGL,Stop-Buy,164.31,0,-1
1226448002,GOOGL,Stop-Buy,164.31,0,-1
1226534402,GOOGL,Stop-Buy,164.31,0,-1
1226620802,GOOGL,Tightened-Stop-Buy,155.32,0,-1
1226880002,GOOGL,Tightened-Stop-Buy,151.81,0,-1
1228694400,AAPL,Buy,13.63,0.1352772335721434,4
1228780801,AAPL,Stop-Sell,13.08,0,-1
1228780802,AAPL,Stop-Sell,13.08,0,-1
1229385600,GILD,Buy,47.62,0.9874812218327491,42
1229385600,CF,Buy,52.39,0.9461530268378331,140
1229385600,GD,Buy,48.27,0.8527689685208486,305
1229385600,CP,Buy,32.49,0.9198393021242766,691
1229472001,GD,Stop-Sell,45.02,0,-1
1229472001,GILD,Stop-Sell,44.31,0,-1
1229472001,CF,Stop-Sell,48.01,0,-1
1229472001,CP,Stop-Sell,30.28,0,-1
1229472002,GD,Stop-Sell,45.02,0,-1
1229472002,GILD,Stop-Sell,44.31,0,-1
1229472002,CF,Stop-Sell,48.01,0,-1
1229472002,CP,Stop-Sell,30.28,0,-1
1229558402,GD,Tightened-Stop-Sell,47.39,0,-1
1229558402,GILD,Stop-Sell,44.31,0,-1
1229558402,CP,Tightened-Stop-Sell,30.98,0,-1
1229644802,GILD,Tightened-Stop-Sell,48.73,0,-1
1231804800,FDX,Sell,56.91,0.9643092084466943,2184
1231891200,IWM,Sell,42.03,0.9356454188199924,2
1231891200,UNP,Sell,18.21,0.44430001692524346,48
1231891201,FDX,Stop-Buy,58.65,0,-1
1231891202,FDX,Stop-Buy,58.65,0,-1
1231977600,MA,Sell,14.94,0.09810332273456103,7
1231977601,UNP,Stop-Buy,19.34,0,-1
1231977601,IWM,Stop-Buy,43.67,0,-1
1231977602,FDX,Stop-Buy,58.65,0,-1
1231977602,UNP,Stop-Buy,19.34,0,-1
1231977602,IWM,Stop-Buy,43.67,0,-1
1232064001,MA,Stop-Buy,13.46,0,-1
1232064002,FDX,Tightened-Stop-Buy,57.55,0,-1
1232064002,MA,Stop-Buy,13.46,0,-1
1232064002,UNP,Stop-Buy,19.34,0,-1
1232409602,FDX,Stop-Buy,57.55,0,-1
1232409602,MA,Stop-Buy,13.46,0,-1
1232409602,UNP,Stop-Buy,19.34,0,-1
1232496002,FDX,Tightened-Stop-Buy,55.14,0,-1
1232496002,MA,Tightened-Stop-Buy,13.01,0,-1
1232496002,UNP,Stop-Buy,19.34,0,-1
1232582402,MA,Stop-Buy,13.01,0,-1
1232668802,MA,Stop-Buy,13.01,0,-1
1232928002,MA,Stop-Buy,13.01,0,-1
1233014402,MA,Stop-Buy,13.01,0,-1
1235001600,UNP,Sell,22.22,0.44430001692524346,42
1235088001,UNP,Stop-Buy,17.86,0,-1
1235088002,UNP,Stop-Buy,17.86,0,-1
1235606400,GILD,Sell,45.85,0.9874812218327491,26
1235692801,GILD,Stop-Buy,49.24,0,-1
1235692802,GILD,Stop-Buy,49.24,0,-1
1235952002,GILD,Stop-Buy,49.24,0,-1
1236038402,GILD,Stop-Buy,49.24,0,-1
1236124802,GILD,Tightened-Stop-Buy,44.97,0,-1
1236211202,GILD,Tightened-Stop-Buy,44.31,0,-1
1236297602,GILD,Tightened-Stop-Buy,43.63,0,-1
1237766400,UNP,Buy,18.91,0.4473965838991674,140
1237766400,MA,Buy,16.36,0.098103322734561,173
1237852801,MA,Stop-Sell,15.69,0,-1
1237852801,UNP,Stop-Sell,17.52,0,-1
1237852802,MA,Stop-Sell,15.69,0,-1
1237852802,UNP,Stop-Sell,17.52,0,-1
1237939202,UNP,Stop-Sell,17.52,0,-1
1238025602,UNP,Stop-Sell,17.52,0,-1
1238112002,UNP,Stop-Sell,17.52,0,-1
1238371202,UNP,Tightened-Stop-Sell,18.26,0,-1
1238716800,GILD,Buy,47.27,0.987481221832749,23
1238976001,GILD,Stop-Sell,47.36,0,-1
1238976002,GILD,Stop-Sell,47.36,0,-1
1241568000,NFLX,Sell,42.18,1.0,50
1241654401,NFLX,Stop-Buy,45.49,0,-1
1241654402,NFLX,Stop-Buy,45.49,0,-1
1241740802,NFLX,Stop-Buy,45.49,0,-1
1242000002,NFLX,Tightened-Stop-Buy,39.77,0,-1
1245715200,GD,Sell,48.09,0.8657372180559547,48
1245801601,GD,Stop-Buy,49.93,0,-1
1245801602,GD,Stop-Buy,49.93,0,-1
1245888002,GD,Stop-Buy,49.93,0,-1
1245974402,GD,Stop-Buy,49.93,0,-1
1246233602,GD,Tightened-Stop-Buy,49.61,0,-1
1246320002,GD,Tightened-Stop-Buy,49.39,0,-1
1246406402,GD,Tightened-Stop-Buy,48.8,0,-1
1246492802,GD,Stop-Buy,48.8,0,-1
1246838402,GD,Tightened-Stop-Buy,47.27,0,-1
1246924802,GD,Tightened-Stop-Buy,47.09,0,-1
1247011202,GD,Tightened-Stop-Buy,45.71,0,-1
1247097602,GD,Tightened-Stop-Buy,45.56,0,-1
1247184002,GD,Tightened-Stop-Buy,45.23,0,-1
1247529600,UNP,Buy,24.38,0.4500625975308774,15
1247616000,AMZN,Buy,85.87,1.0,75
1247616000,MA,Buy,16.99,0.0982829190402657,88
1247616001,UNP,Stop-Sell,23.27,0,-1
1247616002,UNP,Stop-Sell,23.27,0,-1
1247702401,AMZN,Stop-Sell,82.4,0,-1
1247702401,MA,Stop-Sell,16.69,0,-1
1247702402,AMZN,Stop-Sell,82.4,0,-1
1247702402,MA,Stop-Sell,16.69,0,-1
1247702402,UNP,Stop-Sell,23.27,0,-1
1247788802,AMZN,Stop-Sell,82.4,0,-1
1247788802,MA,Stop-Sell,16.69,0,-1
1247788802,UNP,Stop-Sell,23.27,0,-1
1248048002,AMZN,Stop-Sell,82.4,0,-1
1248048002,MA,Stop-Sell,16.69,0,-1
1248048002,UNP,Stop-Sell,23.27,0,-1
1248134400,UNP,Sell-Market,-1.0,0,-1
1248134402,AMZN,Stop-Sell,82.4,0,-1
1248134402,MA,Tightened-Stop-Sell,17.73,0,-1
1248220800,AMZN,Sell-Market,-1.0,0,-1
1248998400,GD,Buy,48.86,0.8716765598660522,373
1249257601,GD,Stop-Sell,47.6,0,-1
1249257602,GD,Stop-Sell,47.6,0,-1
1249344002,GD,Tightened-Stop-Sell,48.48,0,-1
1252022400,UNP,Buy,28.31,0.45206915138380577,54
1252368001,UNP,Stop-Sell,26.65,0,-1
1252368002,UNP,Tightened-Stop-Sell,27.74,0,-1
1252454402,UNP,Stop-Sell,27.74,0,-1
1252540802,UNP,Stop-Sell,27.74,0,-1
1252627202,UNP,Stop-Sell,27.74,0,-1
1252886402,UNP,Stop-Sell,27.74,0,-1
1252972802,UNP,Tightened-Stop-Sell,28.31,0,-1
1254441600,GILD,Sell,45.15,0.987481221832749,30
1254700801,GILD,Stop-Buy,45.08,0,-1
1254700802,GILD,Stop-Buy,45.08,0,-1
1255478400,NFLX,Buy,48.32,1.0,441
1255564800,UNP,Buy,28.65,0.4520691513838057,2434
1255564801,NFLX,Stop-Sell,46.57,0,-1
1255564802,NFLX,Stop-Sell,46.57,0,-1
1255651201,UNP,Stop-Sell,27.98,0,-1
1255651202,NFLX,Stop-Sell,46.57,0,-1
1255651202,UNP,Stop-Sell,27.98,0,-1
1255910402,NFLX,Stop-Sell,46.57,0,-1
1255910402,UNP,Stop-Sell,27.98,0,-1
1255996800,UNP,Sell-Market,-1.0,0,-1
1255996802,NFLX,Stop-Sell,46.57,0,-1
1256083200,NFLX,Sell-Market,-1.0,0,-1
1256515200,CP,Sell,41.5,0.9309969510180754,434
1256601601,CP,Stop-Buy,44.02,0,-1
1256601602,CP,Stop-Buy,44.02,0,-1
1256688002,CP,Stop-Buy,44.02,0,-1
1256774402,CP,Stop-Buy,44.02,0,-1
1256860800,FDX,Sell,70.24,0.9709765459968632,252
1256860802,CP,Stop-Buy,44.02,0,-1
1257120001,FDX,Stop-Buy,73.15,0,-1
1257120002,FDX,Stop-Buy,73.15,0,-1
1257120002,CP,Stop-Buy,44.02,0,-1
1257206402,FDX,Stop-Buy,73.15,0,-1
1257206402,CP,Tightened-Stop-Buy,42.55,0,-1
1258070400,FDX,Buy,82.11,0.9709765459968629,158
1258329601,FDX,Stop-Sell,78.09,0,-1
1258329602,FDX,Stop-Sell,78.09,0,-1
1258416002,FDX,Stop-Sell,78.09,0,-1
1258502402,FDX,Stop-Sell,78.09,0,-1
1258588802,FDX,Stop-Sell,78.09,0,-1
1258675202,FDX,Tightened-Stop-Sell,79.12,0,-1
1258934402,FDX,Tightened-Stop-Sell,79.92,0,-1
1259884800,AAPL,Sell,26.12,0.1352772335721434,4
1259884800,NFLX,Sell,55.92,1.0,102
1260144001,AAPL,Stop-Buy,26.58,0,-1
1260144001,NFLX,Stop-Buy,58.66,0,-1
1260144002,AAPL,Stop-Buy,26.58,0,-1
1260144002,NFLX,Tightened-Stop-Buy,57.28,0,-1
1260230402,AAPL,Stop-Buy,26.58,0,-1
1260230402,NFLX,Stop-Buy,57.28,0,-1
1260316802,NFLX,Stop-Buy,57.28,0,-1
1260403202,NFLX,Tightened-Stop-Buy,57.04,0,-1
1260489602,NFLX,Stop-Buy,57.04,0,-1
1260748802,NFLX,Tightened-Stop-Buy,56.71,0,-1
1261526400,UNP,Buy,29.98,0.4539615338779706,173
1261612800,AAPL,Buy,28.35,0.13527723357214338,0
1261612801,UNP,Stop-Sell,29.38,0,-1
1261612802,UNP,Stop-Sell,29.38,0,-1
1261958401,AAPL,Stop-Sell,27.91,0,-1
1261958402,AAPL,Stop-Sell,27.91,0,-1
1261958402,UNP,Tightened-Stop-Sell,29.67,0,-1
1262044802,AAPL,Stop-Sell,27.91,0,-1
1262131202,AAPL,Stop-Sell,27.91,0,-1
1262217602,AAPL,Stop-Sell,27.91,0,-1
1262563202,AAPL,Stop-Sell,27.91,0,-1
1262649602,AAPL,Tightened-Stop-Sell,28.92,0,-1
1264636800,NFLX,Buy,63.65,1.0,0
1264723201,NFLX,Stop-Sell,61.09,0,-1
1264723202,NFLX,Stop-Sell,61.09,0,-1
1266364800,GILD,Buy,48.47,0.987481221832749,6
1266451200,UNP,Buy,30.08,0.4539615338779706,311
1266451201,GILD,Stop-Sell,46.03,0,-1
1266451202,GILD,Stop-Sell,46.03,0,-1
1266537600,FDX,Buy,80.64,0.9721897152387946,34
1266537601,UNP,Stop-Sell,29.14,0,-1
1266537602,UNP,Stop-Sell,29.14,0,-1
1266537602,GILD,Tightened-Stop-Sell,48.06,0,-1
1266796801,FDX,Stop-Sell,77.29,0,-1
1266796802,FDX,Stop-Sell,77.29,0,-1
1266796802,UNP,Stop-Sell,29.14,0,-1
1266883202,FDX,Stop-Sell,77.29,0,-1
1266883202,UNP,Stop-Sell,29.14,0,-1
1266969602,FDX,Stop-Sell,77.29,0,-1
1266969602,UNP,Stop-Sell,29.14,0,-1
1267056002,FDX,Stop-Sell,77.29,0,-1
1267056002,UNP,Stop-Sell,29.14,0,-1
1267142400,AAPL,Buy,27.89,0.1352772335721434,2
1267142400,NFLX,Buy,67.52,1.0,340
1267142402,FDX,Stop-Sell,77.29,0,-1
1267142402,UNP,Tightened-Stop-Sell,30.57,0,-1
1267401601,AAPL,Stop-Sell,27.21,0,-1
1267401601,NFLX,Stop-Sell,65.06,0,-1
1267401602,AAPL,Tightened-Stop-Sell,27.75,0,-1
1267401602,FDX,Stop-Sell,77.29,0,-1
1267401602,NFLX,Stop-Sell,65.06,0,-1
1267488002,AAPL,Tightened-Stop-Sell,28.17,0,-1
1267488002,FDX,Stop-Sell,77.29,0,-1
1267488002,NFLX,Tightened-Stop-Sell,68.68,0,-1
1267574402,FDX,Stop-Sell,77.29,0,-1
1267660802,FDX,Stop-Sell,77.29,0,-1
1267747200,MA,Buy,22.6,0.09841054936921333,24
1267747202,FDX,Tightened-Stop-Sell,84.24,0,-1
1268006401,MA,Stop-Sell,23.28,0,-1
1268006402,MA,Stop-Sell,23.28,0,-1
1268092802,MA,Stop-Sell,23.28,0,-1
1268179202,MA,Stop-Sell,23.28,0,-1
1268265602,MA,Stop-Sell,23.28,0,-1
1268352002,MA,Stop-Sell,23.28,0,-1
1268611202,MA,Tightened-Stop-Sell,24.55,0,-1
1271808000,AAPL,Buy,35.16,0.13527723357214344,0
1271894401,AAPL,Stop-Sell,34.84,0,-1
1271894402,AAPL,Stop-Sell,34.84,0,-1
1271980802,AAPL,Stop-Sell,34.84,0,-1
1272240002,AAPL,Tightened-Stop-Sell,36.37,0,-1
1272931200,GD,Sell,66.53,0.8862616643478954,406
1273017600,CP,Sell,51.72,0.935107312832725,468
1273017601,GD,Stop-Buy,68.61,0,-1
1273017602,GD,Stop-Buy,68.61,0,-1
1273104001,CP,Stop-Buy,53.39,0,-1
1273104002,GD,Stop-Buy,68.61,0,-1
1273104002,CP,Stop-Buy,53.39,0,-1
1273190400,AGN,Sell,41.67,1.0,737
1273190402,GD,Stop-Buy,68.61,0,-1
1273190402,CP,Stop-Buy,53.39,0,-1
1273449601,AGN,Stop-Buy,43.05,0,-1
1273449602,GD,Stop-Buy,68.61,0,-1
1273449602,AGN,Stop-Buy,43.05,0,-1
1273536002,GD,Stop-Buy,68.61,0,-1
1273622402,GD,Tightened-Stop-Buy,65.93,0,-1
1274227200,AAPL,Sell,32.62,0.13527723357214344,1
1274313601,AAPL,Stop-Buy,33.92,0,-1
1274313602,AAPL,Stop-Buy,33.92,0,-1
1274400002,AAPL,Tightened-Stop-Buy,32.86,0,-1
1275609600,FDX,Sell,76.27,0.9734210436058214,106
1275868801,FDX,Stop-Buy,80.61,0,-1
1275868802,FDX,Stop-Buy,80.61,0,-1
1275955202,FDX,Tightened-Stop-Buy,76.88,0,-1
1276473600,CP,Buy,54.93,0.935107312832725,564
1276560000,V,Buy,74.53,0.9657562861359881,37
1276560000,UNP,Buy,34.54,0.457939280407237,155
1276560001,CP,Stop-Sell,54.09,0,-1
1276560002,CP,Stop-Sell,54.09,0,-1
1276646400,GOOGL,Buy,252.88,0.5,6
1276646400,MA,Buy,21.05,0.09846828848524784,85
1276646401,UNP,Stop-Sell,33.41,0,-1
1276646401,V,Stop-Sell,71.34,0,-1
1276646402,UNP,Stop-Sell,33.41,0,-1
1276646402,V,Tightened-Stop-Sell,73.28,0,-1
1276646402,CP,Stop-Sell,54.09,0,-1
1276732801,MA,Stop-Sell,20.51,0,-1
1276732801,GOOGL,Stop-Sell,249.36,0,-1
1276732802,MA,Stop-Sell,20.51,0,-1
1276732802,UNP,Stop-Sell,33.41,0,-1
1276732802,V,Stop-Sell,73.28,0,-1
1276732802,GOOGL,Stop-Sell,249.36,0,-1
1276732802,CP,Stop-Sell,54.09,0,-1
1276819202,MA,Stop-Sell,20.51,0,-1
1276819202,UNP,Tightened-Stop-Sell,34.79,0,-1
1276819202,V,Tightened-Stop-Sell,74.11,0,-1
1276819202,CP,Tightened-Stop-Sell,55.59,0,-1
1277078402,MA,Stop-Sell,20.51,0,-1
1277078402,UNP,Tightened-Stop-Sell,35.05,0,-1
1277078402,CP,Tightened-Stop-Sell,56.36,0,-1
1277164802,MA,Stop-Sell,20.51,0,-1
1277251202,MA,Stop-Sell,20.51,0,-1
1277337600,GOOGL,Sell,236.12,0.5,25
1277337602,MA,Tightened-Stop-Sell,21.1,0,-1
1277424001,GOOGL,Stop-Buy,239.07,0,-1
1277424002,GOOGL,Stop-Buy,239.07,0,-1
1277683202,GOOGL,Stop-Buy,239.07,0,-1
1277769602,GOOGL,Stop-Buy,239.07,0,-1
1277856000,NFLX,Sell,105.71,1.0,28
1277856002,GOOGL,Stop-Buy,239.07,0,-1
1277942401,NFLX,Stop-Buy,110.99,0,-1
1277942402,NFLX,Stop-Buy,110.99,0,-1
1277942402,GOOGL,Stop-Buy,239.07,0,-1
1278028802,GOOGL,Stop-Buy,239.07,0,-1
1278374402,GOOGL,Stop-Buy,239.07,0,-1
1278460802,GOOGL,Tightened-Stop-Buy,225.41,0,-1
1279756800,CP,Buy,55.51,0.9394807577394432,734
1279843200,IWM,Buy,61.79,0.9411252415504141,2
1279843200,UNP,Buy,34.17,0.457939280407237,87
1279843201,CP,Stop-Sell,52.8,0,-1
1279843202,CP,Stop-Sell,52.8,0,-1
1280102400,CP,Sell-Market,-1.0,0,-1
1280102401,UNP,Stop-Sell,33.0,0,-1
1280102401,IWM,Stop-Sell,58.83,0,-1
1280102402,UNP,Stop-Sell,33.0,0,-1
1280102402,IWM,Stop-Sell,58.83,0,-1
1280188802,UNP,Stop-Sell,33.0,0,-1
1280188802,IWM,Stop-Sell,58.83,0,-1
1280275202,UNP,Stop-Sell,33.0,0,-1
1280275202,IWM,Tightened-Stop-Sell,61.03,0,-1
1280361602,UNP,Tightened-Stop-Sell,33.91,0,-1
1281657600,AAPL,Sell,33.43,0.13527723357214344,2
1281916801,AAPL,Stop-Buy,34.21,0,-1
1281916802,AAPL,Tightened-Stop-Buy,33.58,0,-1
1282176000,IWM,Sell,56.78,0.9411252415504142,1
1282176000,GOOGL,Sell,233.53,0.5,2
1282176000,CP,Sell,52.48,0.9394807577394433,669
1282262401,GOOGL,Stop-Buy,237.25,0,-1
1282262401,CP,Stop-Buy,55.31,0,-1
1282262401,IWM,Stop-Buy,59.47,0,-1
1282262402,GOOGL,Stop-Buy,237.25,0,-1
1282262402,CP,Stop-Buy,55.31,0,-1
1282262402,IWM,Stop-Buy,59.47,0,-1
1282521600,UNP,Sell,32.95,0.4579392804072372,55
1282521600,FDX,Sell,77.29,0.974828229791012,2768
1282521602,GOOGL,Stop-Buy,237.25,0,-1
1282521602,CP,Stop-Buy,55.31,0,-1
1282521602,IWM,Tightened-Stop-Buy,58.26,0,-1
1282608001,FDX,Stop-Buy,80.78,0,-1
1282608001,UNP,Stop-Buy,34.41,0,-1
1282608002,FDX,Stop-Buy,80.78,0,-1
1282608002,UNP,Stop-Buy,34.41,0,-1
1282608002,GOOGL,Stop-Buy,237.25,0,-1
1282608002,CP,Stop-Buy,55.31,0,-1
1282608002,IWM,Tightened-Stop-Buy,56.4,0,-1
1282694402,FDX,Stop-Buy,80.78,0,-1
1282694402,UNP,Stop-Buy,34.41,0,-1
1282694402,GOOGL,Stop-Buy,237.25,0,-1
1282694402,CP,Stop-Buy,55.31,0,-1
1282780802,FDX,Stop-Buy,80.78,0,-1
1282780802,UNP,Stop-Buy,34.41,0,-1
1282780802,GOOGL,Stop-Buy,237.25,0,-1
1282780802,CP,Tightened-Stop-Buy,54.87,0,-1
1282867202,FDX,Stop-Buy,80.78,0,-1
1282867202,UNP,Tightened-Stop-Buy,33.88,0,-1
1282867202,GOOGL,Stop-Buy,237.25,0,-1
1283126402,FDX,Tightened-Stop-Buy,77.96,0,-1
1283126402,GOOGL,Tightened-Stop-Buy,229.89,0,-1
1283212802,FDX,Stop-Buy,77.96,0,-1
1283212802,GOOGL,Tightened-Stop-Buy,225.37,0,-1
1283299200,AMZN,Buy,129.29,1.0,14
1283385601,AMZN,Stop-Sell,129.43,0,-1
1283385602,AMZN,Stop-Sell,129.43,0,-1
1283472002,AMZN,Stop-Sell,129.43,0,-1
1283817602,AMZN,Stop-Sell,129.43,0,-1
1283904002,AMZN,Stop-Sell,129.43,0,-1
1283990402,AMZN,Stop-Sell,129.43,0,-1
1284076802,AMZN,Stop-Sell,129.43,0,-1
1284336002,AMZN,Stop-Sell,129.43,0,-1
1284422402,AMZN,Stop-Sell,129.43,0,-1
1284508802,AMZN,Stop-Sell,129.43,0,-1
1284595202,AMZN,Stop-Sell,129.43,0,-1
1284681600,GOOGL,Buy,245.52,0.5,1
1284681600,MA,Buy,21.11,0.09854115599029363,21
1284681602,AMZN,Tightened-Stop-Sell,147.82,0,-1
1284940801,MA,Stop-Sell,20.72,0,-1
1284940801,GOOGL,Stop-Sell,243.47,0,-1
1284940802,MA,Stop-Sell,20.72,0,-1
1284940802,GOOGL,Stop-Sell,243.47,0,-1
1285027202,MA,Stop-Sell,20.72,0,-1
1285027202,GOOGL,Stop-Sell,243.47,0,-1
1285113602,MA,Stop-Sell,20.72,0,-1
1285113602,GOOGL,Stop-Sell,243.47,0,-1
1285200002,MA,Stop-Sell,20.72,0,-1
1285200002,GOOGL,Tightened-Stop-Sell,256.43,0,-1
1285286402,MA,Stop-Sell,20.72,0,-1
1285286402,GOOGL,Tightened-Stop-Sell,260.56,0,-1
1285545602,MA,Stop-Sell,20.72,0,-1
1285545602,GOOGL,Tightened-Stop-Sell,264.11,0,-1
1285632002,MA,Stop-Sell,20.72,0,-1
1285718402,MA,Tightened-Stop-Sell,21.85,0,-1
1285804802,MA,Tightened-Stop-Sell,21.99,0,-1
1287100800,GOOGL,Buy,300.92,0.5,0
1287360000,WHR,Buy,79.12,0.9059093122051538,71
1287360001,GOOGL,Stop-Sell,299.01,0,-1
1287360002,GOOGL,Stop-Sell,299.01,0,-1
1287446401,WHR,Stop-Sell,76.07,0,-1
1287446402,WHR,Tightened-Stop-Sell,76.06,0,-1
1287446402,GOOGL,Stop-Sell,299.01,0,-1
1287532802,GOOGL,Stop-Sell,299.01,0,-1
1287619202,GOOGL,Tightened-Stop-Sell,305.44,0,-1
1290556800,AMZN,Buy,178.09,1.0,1
1290729601,AMZN,Stop-Sell,174.39,0,-1
1290729602,AMZN,Stop-Sell,174.39,0,-1
1290988802,AMZN,Stop-Sell,174.39,0,-1
1291075202,AMZN,Tightened-Stop-Sell,174.9,0,-1
1291161602,AMZN,Tightened-Stop-Sell,176.05,0,-1
1291939200,MA,Buy,25.33,0.0986080815241094,120
1292198401,MA,Stop-Sell,24.91,0,-1
1292198402,MA,Stop-Sell,24.91,0,-1
1292284802,MA,Stop-Sell,24.91,0,-1
1294012800,AAPL,Buy,43.95,0.13527723357214338,4
1294099201,AAPL,Stop-Sell,44.23,0,-1
1294099202,AAPL,Stop-Sell,44.23,0,-1
1294185602,AAPL,Stop-Sell,44.23,0,-1
1294272002,AAPL,Stop-Sell,44.23,0,-1
1294358402,AAPL,Stop-Sell,44.23,0,-1
1294617600,FDX,Buy,92.36,0.9775691229963202,79
1294617602,AAPL,Stop-Sell,44.23,0,-1
1294704001,FDX,Stop-Sell,90.34,0,-1
1294704002,AAPL,Stop-Sell,44.23,0,-1
1294704002,FDX,Tightened-Stop-Sell,90.92,0,-1
1294790402,AAPL,Stop-Sell,44.23,0,-1
1294790402,FDX,Stop-Sell,90.92,0,-1
1294876802,AAPL,Tightened-Stop-Sell,46.61,0,-1
1294876802,FDX,Stop-Sell,90.92,0,-1
1294963200,MA,Buy,23.4,0.09867207950017642,108
1294963202,FDX,Stop-Sell,90.92,0,-1
1295308801,MA,Stop-Sell,23.16,0,-1
1295308802,FDX,Stop-Sell,90.92,0,-1
1295308802,MA,Stop-Sell,23.16,0,-1
1295395202,FDX,Tightened-Stop-Sell,91.93,0,-1
1295395202,MA,Tightened-Stop-Sell,23.16,0,-1
1296086400,WHR,Buy,83.4,0.9111471904389605,85
1296172801,WHR,Stop-Sell,80.47,0,-1
1296172802,WHR,Stop-Sell,80.47,0,-1
1296691200,MA,Buy,24.36,0.09867207950017642,40
1296777601,MA,Stop-Sell,23.9,0,-1
1296777602,MA,Stop-Sell,23.9,0,-1
1297036800,V,Buy,70.97,0.9693146518862583,57
1297036802,MA,Stop-Sell,23.9,0,-1
1297123201,V,Stop-Sell,70.16,0,-1
1297123202,MA,Tightened-Stop-Sell,24.57,0,-1
1297123202,V,Stop-Sell,70.16,0,-1
1297209602,V,Stop-Sell,70.16,0,-1
1297296002,V,Stop-Sell,70.16,0,-1
1297382402,V,Stop-Sell,70.16,0,-1
1297641602,V,Stop-Sell,70.16,0,-1
1297728000,FDX,Buy,94.35,0.9775691229963202,13
1297728002,V,Stop-Sell,70.16,0,-1
1297814401,FDX,Stop-Sell,92.29,0,-1
1297814402,FDX,Stop-Sell,92.29,0,-1
1297814402,V,Tightened-Stop-Sell,73.27,0,-1
1297900802,FDX,Stop-Sell,92.29,0,-1
1297900802,V,Tightened-Stop-Sell,73.28,0,-1
1297987202,FDX,Stop-Sell,92.29,0,-1
1297987202,V,Tightened-Stop-Sell,73.36,0,-1
1298937600,GD,Sell,67.46,0.903812164536442,435
1299024001,GD,Stop-Buy,69.55,0,-1
1299024002,GD,Stop-Buy,69.55,0,-1
1301356800,IWM,Buy,79.04,0.9430757643136436,3
1301356800,AMZN,Buy,175.34,1.0,8
1301443201,AMZN,Stop-Sell,172.03,0,-1
1301443201,IWM,Stop-Sell,76.85,0,-1
1301443202,AMZN,Stop-Sell,172.03,0,-1
1301443202,IWM,Stop-Sell,76.85,0,-1
1301529602,AMZN,Stop-Sell,172.03,0,-1
1301529602,IWM,Stop-Sell,76.85,0,-1
1301616002,AMZN,Stop-Sell,172.03,0,-1
1301616002,IWM,Stop-Sell,76.85,0,-1
1301875200,V,Buy,73.28,0.9712987839520733,48
1301875202,AMZN,Stop-Sell,172.03,0,-1
1301875202,IWM,Stop-Sell,76.85,0,-1
1301961601,V,Stop-Sell,71.48,0,-1
1301961602,AMZN,Stop-Sell,172.03,0,-1
1301961602,V,Stop-Sell,71.48,0,-1
1301961602,IWM,Stop-Sell,76.85,0,-1
1302048002,AMZN,Stop-Sell,172.03,0,-1
1302048002,V,Stop-Sell,71.48,0,-1
1302048002,IWM,Stop-Sell,76.85,0,-1
1302134402,AMZN,Tightened-Stop-Sell,182.28,0,-1
1302134402,V,Stop-Sell,71.48,0,-1
1302134402,IWM,Tightened-Stop-Sell,79.76,0,-1
1302220802,AMZN,Tightened-Stop-Sell,184.21,0,-1
1302220802,V,Stop-Sell,71.48,0,-1
1302480002,V,Stop-Sell,71.48,0,-1
1302566402,V,Tightened-Stop-Sell,74.42,0,-1
1302652802,V,Tightened-Stop-Sell,74.85,0,-1
1302739200,AAPL,Sell,44.25,0.13527723357214344,3
1302825601,AAPL,Stop-Buy,45.46,0,-1
1302825602,AAPL,Stop-Buy,45.46,0,-1
1303084802,AAPL,Stop-Buy,45.46,0,-1
1304899200,CF,Buy,137.6,0.9562051525524329,34
1304985601,CF,Stop-Sell,133.5,0,-1
1304985602,CF,Stop-Sell,133.5,0,-1
1305504000,IWM,Sell,76.82,0.9430757643136435,4
1305504000,GOOGL,Sell,299.5,0.5,6
1305590401,GOOGL,Stop-Buy,261.18,0,-1
1305590401,IWM,Stop-Buy,78.8,0,-1
1305590402,GOOGL,Tightened-Stop-Buy,265.54,0,-1
1305590402,IWM,Stop-Buy,78.8,0,-1
1305676802,GOOGL,Tightened-Stop-Buy,265.22,0,-1
1305676802,IWM,Tightened-Stop-Buy,78.83,0,-1
1305763200,AAPL,Sell,45.4,0.1352772335721434,2980
1305849600,GOOGL,Sell,260.62,0.5,7
1305849600,FDX,Sell,90.4,0.978944689304476,307
1305849601,AAPL,Stop-Buy,46.44,0,-1
1305849602,AAPL,Stop-Buy,46.44,0,-1
1306108800,GD,Sell,68.33,0.909495757222181,156
1306108801,FDX,Stop-Buy,93.06,0,-1
1306108801,GOOGL,Stop-Buy,263.96,0,-1
1306108802,AAPL,Tightened-Stop-Buy,45.32,0,-1
1306108802,FDX,Stop-Buy,93.06,0,-1
1306108802,GOOGL,Stop-Buy,263.96,0,-1
1306195200,MA,Sell,26.56,0.09872783063745617,123
1306195201,GD,Stop-Buy,66.23,0,-1
1306195202,FDX,Stop-Buy,93.06,0,-1
1306195202,GD,Stop-Buy,66.23,0,-1
1306195202,GOOGL,Stop-Buy,263.96,0,-1
1306281601,MA,Stop-Buy,26.87,0,-1
1306281602,FDX,Stop-Buy,93.06,0,-1
1306281602,MA,Stop-Buy,26.87,0,-1
1306281602,GD,Stop-Buy,66.23,0,-1
1306281602,GOOGL,Tightened-Stop-Buy,260.15,0,-1
1306368002,FDX,Tightened-Stop-Buy,89.73,0,-1
1306368002,GD,Stop-Buy,66.23,0,-1
1306454402,GD,Stop-Buy,66.23,0,-1
1308614400,GD,Buy,66.99,0.9094957572221808,599
1308700801,GD,Stop-Sell,65.87,0,-1
1308700802,GD,Stop-Sell,65.87,0,-1
1309132800,AMZN,Buy,197.51,1.0,6
1309219201,AMZN,Stop-Sell,197.88,0,-1
1309219202,AMZN,Stop-Sell,197.88,0,-1
1309305600,IWM,Buy,77.88,0.9430757643136439,15
1309305600,UNP,Buy,48.18,0.46593713938290854,150
1309305600,CP,Buy,59.6,0.9564698134124459,556
1309305602,AMZN,Stop-Sell,197.88,0,-1
1309392000,WHR,Buy,73.15,0.9214436307187537,435
1309392001,UNP,Stop-Sell,47.26,0,-1
1309392001,CP,Stop-Sell,57.76,0,-1
1309392001,IWM,Stop-Sell,76.86,0,-1
1309392002,AMZN,Stop-Sell,197.88,0,-1
1309392002,UNP,Stop-Sell,47.26,0,-1
1309392002,CP,Stop-Sell,57.76,0,-1
1309392002,IWM,Stop-Sell,76.86,0,-1
1309478401,WHR,Stop-Sell,73.89,0,-1
1309478402,WHR,Stop-Sell,73.89,0,-1
1309478402,AMZN,Stop-Sell,197.88,0,-1
1309478402,UNP,Stop-Sell,47.26,0,-1
1309478402,CP,Stop-Sell,57.76,0,-1
1309478402,IWM,Stop-Sell,76.86,0,-1
1309824000,GOOGL,Buy,267.06,0.5,1
1309824002,WHR,Stop-Sell,73.89,0,-1
1309824002,AMZN,Stop-Sell,197.88,0,-1
1309824002,UNP,Stop-Sell,47.26,0,-1
1309824002,CP,Stop-Sell,57.76,0,-1
1309824002,IWM,Stop-Sell,76.86,0,-1
1309910401,GOOGL,Stop-Sell,264.44,0,-1
1309910402,WHR,Tightened-Stop-Sell,74.3,0,-1
1309910402,AMZN,Stop-Sell,197.88,0,-1
1309910402,UNP,Stop-Sell,47.26,0,-1
1309910402,GOOGL,Stop-Sell,264.44,0,-1
1309910402,CP,Stop-Sell,57.76,0,-1
1309910402,IWM,Stop-Sell,76.86,0,-1
1309996802,WHR,Tightened-Stop-Sell,75.16,0,-1
1309996802,AMZN,Stop-Sell,197.88,0,-1
1309996802,UNP,Tightened-Stop-Sell,49.27,0,-1
1309996802,GOOGL,Stop-Sell,264.44,0,-1
1309996802,CP,Stop-Sell,57.76,0,-1
1309996802,IWM,Stop-Sell,76.86,0,-1
1310083202,AMZN,Stop-Sell,197.88,0,-1
1310083202,CP,Tightened-Stop-Sell,59.48,0,-1
1310083202,IWM,Stop-Sell,76.86,0,-1
1310342402,AMZN,Tightened-Stop-Sell,211.93,0,-1
1310342402,IWM,Tightened-Stop-Sell,78.53,0,-1
1310601600,CF,Buy,145.53,0.9569132428608992,2443
1310688001,CF,Stop-Sell,143.63,0,-1
1310688002,CF,Stop-Sell,143.63,0,-1
1310947202,CF,Tightened-Stop-Sell,144.55,0,-1
1311033602,CF,Tightened-Stop-Sell,146.74,0,-1
1311120002,CF,Stop-Sell,146.74,0,-1
1311206402,CF,Stop-Sell,146.74,0,-1
1311292802,CF,Stop-Sell,146.74,0,-1
1311552002,CF,Tightened-Stop-Sell,152.02,0,-1
1311724800,UNH,Sell,52.62,0.9479172664940588,85
1311811200,AGN,Sell,67.65,1.0,397
1311811201,UNH,Stop-Buy,48.5,0,-1
1311811202,UNH,Stop-Buy,48.5,0,-1
1311897601,AGN,Stop-Buy,69.02,0,-1
1311897602,UNH,Stop-Buy,48.5,0,-1
1311897602,AGN,Stop-Buy,69.02,0,-1
1312156800,NFLX,Sell,260.46,1.0,40
1312156802,UNH,Stop-Buy,48.5,0,-1
1312156802,AGN,Stop-Buy,69.02,0,-1
1312243201,NFLX,Stop-Buy,265.96,0,-1
1312243202,NFLX,Stop-Buy,265.96,0,-1
1312243202,UNH,Stop-Buy,48.5,0,-1
1312243202,AGN,Stop-Buy,69.02,0,-1
1312329602,NFLX,Tightened-Stop-Buy,260.63,0,-1
1312329602,UNH,Stop-Buy,48.5,0,-1
1312329602,AGN,Tightened-Stop-Buy,66.23,0,-1
1312416000,CF,Sell,134.98,0.9569132428608992,102
1312416002,NFLX,Stop-Buy,260.63,0,-1
1312416002,UNH,Stop-Buy,48.5,0,-1
1312416002,AGN,Stop-Buy,66.23,0,-1
1312502401,CF,Stop-Buy,141.02,0,-1
1312502402,NFLX,Tightened-Stop-Buy,249.16,0,-1
1312502402,CF,Stop-Buy,141.02,0,-1
1312502402,UNH,Stop-Buy,48.5,0,-1
1312502402,AGN,Stop-Buy,66.23,0,-1
1312761602,NFLX,Stop-Buy,249.16,0,-1
1312761602,CF,Stop-Buy,141.02,0,-1
1312761602,UNH,Stop-Buy,48.5,0,-1
1312761602,AGN,Stop-Buy,66.23,0,-1
1312848002,NFLX,Tightened-Stop-Buy,238.43,0,-1
1312848002,UNH,Tightened-Stop-Buy,42.57,0,-1
1312848002,AGN,Stop-Buy,66.23,0,-1
1312934402,UNH,Stop-Buy,42.57,0,-1
1312934402,AGN,Stop-Buy,66.23,0,-1
1313020802,UNH,Tightened-Stop-Buy,41.81,0,-1
1313020802,AGN,Tightened-Stop-Buy,64.1,0,-1
1314662400,UNH,Buy,45.54,0.9479172664940588,121
1314662400,VIAB,Buy,45.57,0.9369465249224104,200
1314662400,AGN,Buy,67.96,1.0,352
1314748800,AMZN,Buy,216.34,1.0,3
1314748801,UNH,Stop-Sell,43.78,0,-1
1314748801,VIAB,Stop-Sell,43.62,0,-1
1314748801,AGN,Stop-Sell,65.59,0,-1
1314748802,UNH,Stop-Sell,43.78,0,-1
1314748802,VIAB,Stop-Sell,43.62,0,-1
1314748802,AGN,Stop-Sell,65.59,0,-1
1314835201,AMZN,Stop-Sell,211.02,0,-1
1314835202,AMZN,Stop-Sell,211.02,0,-1
1314835202,UNH,Stop-Sell,43.78,0,-1
1314835202,VIAB,Tightened-Stop-Sell,43.85,0,-1
1314835202,AGN,Stop-Sell,65.59,0,-1
1314921602,AGN,Tightened-Stop-Sell,65.56,0,-1
1315353600,MA,Buy,34.05,0.09877515941532651,31
1315440001,MA,Stop-Sell,32.95,0,-1
1315440002,MA,Tightened-Stop-Sell,33.25,0,-1
1315958400,MA,Buy,34.01,0.09877515941532646,34
1316044800,NFLX,Sell,167.93,1.0,0
1316044801,MA,Stop-Sell,32.95,0,-1
1316044802,MA,Stop-Sell,32.95,0,-1
1316131201,NFLX,Stop-Buy,172.99,0,-1
1316131202,MA,Tightened-Stop-Sell,34.21,0,-1
1316131202,NFLX,Stop-Buy,172.99,0,-1
1316390402,NFLX,Stop-Buy,172.99,0,-1
1316476802,NFLX,Stop-Buy,172.99,0,-1
1316563200,IWM,Sell,62.49,0.9459017372994494,1
1316563200,UNP,Sell,38.79,0.4683735125798138,44
1316563200,VRX,Sell,38.15,1.0,160
1316563200,FDX,Sell,70.72,0.9821157202962226,161
1316563200,GD,Sell,52.19,0.9152801010096561,289
1316563202,NFLX,Stop-Buy,172.99,0,-1
1316649600,GOOGL,Sell,258.2,0.5,9
1316649600,VIAB,Sell,38.18,0.9421832034654596,59
1316649601,FDX,Stop-Buy,74.25,0,-1
1316649601,GD,Stop-Buy,55.28,0,-1
1316649601,UNP,Stop-Buy,40.08,0,-1
1316649601,VRX,Stop-Buy,40.03,0,-1
1316649601,IWM,Stop-Buy,65.87,0,-1
1316649602,FDX,Stop-Buy,74.25,0,-1
1316649602,NFLX,Stop-Buy,172.99,0,-1
1316649602,GD,Stop-Buy,55.28,0,-1
1316649602,UNP,Stop-Buy,40.08,0,-1
1316649602,VRX,Stop-Buy,40.03,0,-1
1316649602,IWM,Stop-Buy,65.87,0,-1
1316736001,GOOGL,Stop-Buy,261.73,0,-1
1316736001,VIAB,Stop-Buy,41.56,0,-1
1316736002,FDX,Stop-Buy,74.25,0,-1
1316736002,NFLX,Stop-Buy,172.99,0,-1
1316736002,GD,Stop-Buy,55.28,0,-1
1316736002,UNP,Stop-Buy,40.08,0,-1
1316736002,VRX,Stop-Buy,40.03,0,-1
1316736002,GOOGL,Tightened-Stop-Buy,263.07,0,-1
1316736002,IWM,Stop-Buy,65.87,0,-1
1316736002,VIAB,Stop-Buy,41.56,0,-1
1316995202,FDX,Stop-Buy,74.25,0,-1
1316995202,NFLX,Tightened-Stop-Buy,136.72,0,-1
1316995202,GD,Tightened-Stop-Buy,52.31,0,-1
1316995202,UNP,Stop-Buy,40.08,0,-1
1316995202,VRX,Tightened-Stop-Buy,39.16,0,-1
1316995202,IWM,Stop-Buy,65.87,0,-1
1316995202,VIAB,Stop-Buy,41.56,0,-1
1317081602,FDX,Tightened-Stop-Buy,70.53,0,-1
1317081602,NFLX,Tightened-Stop-Buy,134.88,0,-1
1317081602,VIAB,Tightened-Stop-Buy,39.21,0,-1
1317168002,FDX,Tightened-Stop-Buy,69.97,0,-1
1317168002,NFLX,Tightened-Stop-Buy,129.04,0,-1
1317254402,FDX,Tightened-Stop-Buy,69.49,0,-1
1317254402,NFLX,Tightened-Stop-Buy,128.57,0,-1
1317340802,FDX,Tightened-Stop-Buy,68.04,0,-1
1317340802,NFLX,Tightened-Stop-Buy,113.77,0,-1
1317600002,FDX,Stop-Buy,68.04,0,-1
1317686400,AAPL,Sell,49.73,0.13527723357214338,4
1317686402,FDX,Tightened-Stop-Buy,66.94,0,-1
1317772801,AAPL,Stop-Buy,50.84,0,-1
1317772802,AAPL,Stop-Buy,50.84,0,-1
1317859200,WHR,Buy,52.14,0.9293394630299687,539
1317945601,WHR,Stop-Sell,49.75,0,-1
1317945602,WHR,Stop-Sell,49.75,0,-1
1318204802,WHR,Stop-Sell,49.75,0,-1
1318291202,WHR,Stop-Sell,49.75,0,-1
1318377602,WHR,Stop-Sell,49.75,0,-1
1318464002,WHR,Stop-Sell,49.75,0,-1
1318550402,WHR,Stop-Sell,49.75,0,-1
1318809602,WHR,Tightened-Stop-Sell,50.82,0,-1
1319500800,NFLX,Sell,75.61,1.0,0
1319587200,VRX,Buy,39.3,1.0,571
1319587200,UNH,Buy,47.4,0.9512856582676273,2408
1319587201,NFLX,Stop-Buy,75.5,0,-1
1319587202,NFLX,Stop-Buy,75.5,0,-1
1319673600,MA,Buy,34.58,0.09882244589894536,78
1319673601,VRX,Stop-Sell,38.17,0,-1
1319673601,UNH,Stop-Sell,46.69,0,-1
1319673602,VRX,Stop-Sell,38.17,0,-1
1319673602,UNH,Stop-Sell,46.69,0,-1
1319760001,MA,Stop-Sell,33.85,0,-1
1319760002,MA,Stop-Sell,33.85,0,-1
1319760002,VRX,Stop-Sell,38.17,0,-1
1320019200,MA,Sell-Market,-1.0,0,-1
1320019202,VRX,Tightened-Stop-Sell,39.39,0,-1
1320969600,GOOGL,Buy,306.3,0.5,2
1321228801,GOOGL,Stop-Sell,302.41,0,-1
1321228802,GOOGL,Tightened-Stop-Sell,303.69,0,-1
1321315202,GOOGL,Stop-Sell,303.69,0,-1
1321401600,AAPL,Sell,51.46,0.1352772335721434,14
1321401602,GOOGL,Tightened-Stop-Sell,305.42,0,-1
1321488001,AAPL,Stop-Buy,52.45,0,-1
1321488002,AAPL,Stop-Buy,52.45,0,-1
1321574400,V,Sell,87.57,0.977153900876731,128
1321574402,AAPL,Stop-Buy,52.45,0,-1
1321833600,IWM,Sell,66.41,0.9495296494616142,3
1321833600,GOOGL,Sell,287.88,0.5,7
1321833600,FDX,Sell,76.98,0.9821157202962226,234
1321833601,V,Stop-Buy,90.02,0,-1
1321833602,AAPL,Stop-Buy,52.45,0,-1
1321833602,V,Tightened-Stop-Buy,89.42,0,-1
1321920000,NFLX,Sell,69.52,1.0,1
1321920001,FDX,Stop-Buy,78.69,0,-1
1321920001,GOOGL,Stop-Buy,292.18,0,-1
1321920001,IWM,Stop-Buy,67.55,0,-1
1321920002,AAPL,Tightened-Stop-Buy,51.02,0,-1
1321920002,FDX,Stop-Buy,78.69,0,-1
1321920002,GOOGL,Stop-Buy,292.18,0,-1
1321920002,IWM,Stop-Buy,67.55,0,-1
1322006400,V,Sell,87.02,0.9771539008767308,119
1322006400,UNP,Sell,44.76,0.4683735125798139,190
1322006401,NFLX,Stop-Buy,69.81,0,-1
1322006402,AAPL,Stop-Buy,51.02,0,-1
1322006402,FDX,Stop-Buy,78.69,0,-1
1322006402,NFLX,Stop-Buy,69.81,0,-1
1322006402,GOOGL,Stop-Buy,292.18,0,-1
1322006402,IWM,Stop-Buy,67.55,0,-1
1322179201,UNP,Stop-Buy,45.77,0,-1
1322179201,V,Stop-Buy,88.88,0,-1
1322179202,AAPL,Tightened-Stop-Buy,49.92,0,-1
1322179202,FDX,Tightened-Stop-Buy,75.43,0,-1
1322179202,NFLX,Stop-Buy,69.81,0,-1
1322179202,UNP,Stop-Buy,45.77,0,-1
1322179202,V,Stop-Buy,88.88,0,-1
1322179202,GOOGL,Stop-Buy,292.18,0,-1
1322179202,IWM,Stop-Buy,67.55,0,-1
1322438402,IWM,Tightened-Stop-Buy,66.55,0,-1
1322611200,V,Buy,95.01,0.977153900876731,104
1322697601,V,Stop-Sell,92.1,0,-1
1322697602,V,Stop-Sell,92.1,0,-1
1322784002,V,Stop-Sell,92.1,0,-1
1323043202,V,Tightened-Stop-Sell,93.57,0,-1
1325635200,NFLX,Buy,81.17,1.0,0
1325721601,NFLX,Stop-Sell,76.4,0,-1
1325721602,NFLX,Stop-Sell,76.4,0,-1
1325808002,NFLX,Stop-Sell,76.4,0,-1
1326067200,WHR,Buy,48.62,0.9383012707737485,196
1326067202,NFLX,Stop-Sell,76.4,0,-1
1326153601,WHR,Stop-Sell,46.07,0,-1
1326153602,WHR,Stop-Sell,46.07,0,-1
1326153602,NFLX,Stop-Sell,76.4,0,-1
1326240002,WHR,Stop-Sell,46.07,0,-1
1326240002,NFLX,Stop-Sell,76.4,0,-1
1326326402,WHR,Stop-Sell,46.07,0,-1
1326326402,NFLX,Stop-Sell,76.4,0,-1
1326412802,WHR,Tightened-Stop-Sell,47.48,0,-1
1326412802,NFLX,Tightened-Stop-Sell,91.17,0,-1
1326758402,NFLX,Tightened-Stop-Sell,94.42,0,-1
1328054400,WHR,Buy,59.72,0.9383012707737486,3
1328140800,MA,Buy,38.02,0.09886450874303275,2
1328140800,V,Buy,104.35,0.977153900876731,8
1328140801,WHR,Stop-Sell,54.92,0,-1
1328140802,WHR,Stop-Sell,54.92,0,-1
1328227201,MA,Stop-Sell,37.01,0,-1
1328227201,V,Stop-Sell,100.43,0,-1
1328227202,WHR,Stop-Sell,54.92,0,-1
1328227202,MA,Stop-Sell,37.01,0,-1
1328227202,V,Stop-Sell,100.43,0,-1
1328486402,WHR,Stop-Sell,54.92,0,-1
1328486402,MA,Stop-Sell,37.01,0,-1
1328486402,V,Stop-Sell,100.43,0,-1
1328572800,V,Sell-Market,-1.0,0,-1
1328572802,WHR,Stop-Sell,54.92,0,-1
1328572802,MA,Stop-Sell,37.01,0,-1
1328659202,WHR,Stop-Sell,54.92,0,-1
1328659202,MA,Stop-Sell,37.01,0,-1
1328745602,WHR,Tightened-Stop-Sell,64.96,0,-1
1328745602,MA,Tightened-Stop-Sell,39.13,0,-1
1329177600,AGN,Buy,60.65,1.0,24
1329264001,AGN,Stop-Sell,58.4,0,-1
1329264002,AGN,Tightened-Stop-Sell,59.39,0,-1
1329350402,AGN,Stop-Sell,59.39,0,-1
1329436802,AGN,Stop-Sell,59.39,0,-1
1330041600,GD,Buy,67.73,0.9287896602460529,84
1330300801,GD,Stop-Sell,65.2,0,-1
1330300802,GD,Stop-Sell,65.2,0,-1
1330387202,GD,Tightened-Stop-Sell,67.13,0,-1
1330473602,GD,Tightened-Stop-Sell,67.52,0,-1
1332288000,NFLX,Buy,121.09,1.0,3
1332374401,NFLX,Stop-Sell,117.37,0,-1
1332374402,NFLX,Stop-Sell,117.37,0,-1
1332979200,UNH,Buy,56.02,0.957258357353331,1
1333065601,UNH,Stop-Sell,53.64,0,-1
1333065602,UNH,Stop-Sell,53.64,0,-1
1333324800,MA,Buy,43.01,0.09886450874303274,30
1333324800,URI,Buy,44.61,1.0,195
1333324802,UNH,Stop-Sell,53.64,0,-1
1333411201,MA,Stop-Sell,42.21,0,-1
1333411201,URI,Stop-Sell,42.56,0,-1
1333411202,MA,Tightened-Stop-Sell,42.62,0,-1
1333411202,URI,Stop-Sell,42.56,0,-1
1333411202,UNH,Stop-Sell,53.64,0,-1
1333497602,UNH,Tightened-Stop-Sell,56.25,0,-1
1333584000,GD,Sell,66.26,0.928789660246053,162
1333584000,FDX,Sell,88.15,0.9850549067592528,421
1333929600,WHR,Sell,69.55,0.9445094305644969,276
1333929600,CP,Sell,72.15,0.9704903883470793,1135
1333929601,FDX,Stop-Buy,89.51,0,-1
1333929601,GD,Stop-Buy,67.73,0,-1
1333929602,FDX,Stop-Buy,89.51,0,-1
1333929602,GD,Stop-Buy,67.73,0,-1
1334016000,GILD,Sell,44.93,0.987481221832749,166
1334016001,WHR,Stop-Buy,70.45,0,-1
1334016001,CP,Stop-Buy,72.62,0,-1
1334016002,WHR,Stop-Buy,70.45,0,-1
1334016002,FDX,Stop-Buy,89.51,0,-1
1334016002,GD,Stop-Buy,67.73,0,-1
1334016002,CP,Stop-Buy,72.62,0,-1
1334102401,GILD,Stop-Buy,46.17,0,-1
1334102402,WHR,Stop-Buy,70.45,0,-1
1334102402,FDX,Stop-Buy,89.51,0,-1
1334102402,GD,Stop-Buy,67.73,0,-1
1334102402,GILD,Stop-Buy,46.17,0,-1
1334102402,CP,Stop-Buy,72.62,0,-1
1334188802,WHR,Tightened-Stop-Buy,68.26,0,-1
1334188802,FDX,Tightened-Stop-Buy,88.79,0,-1
1334188802,GD,Stop-Buy,67.73,0,-1
1334188802,GILD,Stop-Buy,46.17,0,-1
1334275202,FDX,Tightened-Stop-Buy,88.19,0,-1
1334275202,GD,Stop-Buy,67.73,0,-1
1334275202,GILD,Stop-Buy,46.17,0,-1
1334534402,FDX,Tightened-Stop-Buy,87.54,0,-1
1334534402,GD,Stop-Buy,67.73,0,-1
1334534402,GILD,Stop-Buy,46.17,0,-1
1334620802,GD,Tightened-Stop-Buy,65.66,0,-1
1334707202,GD,Tightened-Stop-Buy,65.47,0,-1
1334793600,AAPL,Sell,78.82,0.13527723357214336,0
1334793602,GD,Tightened-Stop-Buy,65.62,0,-1
1334880001,AAPL,Stop-Buy,80.33,0,-1
1334880002,AAPL,Stop-Buy,80.33,0,-1
1334880002,GD,Tightened-Stop-Buy,65.55,0,-1
1335139200,AAPL,Buy-Market,-1.0,0,-1
1335139200,GD,Buy-Market,-1.0,0,-1
1336521600,CF,Sell,171.46,0.9636898051080212,19
1336521600,MA,Sell,41.7,0.09893333352751064,46
1336521600,FDX,Sell,85.62,0.9850549067592529,85
1336521600,CP,Sell,76.14,0.9704903883470797,432
1336608001,FDX,Stop-Buy,87.04,0,-1
1336608001,MA,Stop-Buy,42.25,0,-1
1336608001,CF,Stop-Buy,169.89,0,-1
1336608001,CP,Stop-Buy,71.02,0,-1
1336608002,FDX,Stop-Buy,87.04,0,-1
1336608002,MA,Stop-Buy,42.25,0,-1
1336608002,CF,Stop-Buy,169.89,0,-1
1336608002,CP,Stop-Buy,71.02,0,-1
1336694402,FDX,Stop-Buy,87.04,0,-1
1336694402,CF,Stop-Buy,169.89,0,-1
1336953600,VRX,Sell,50.16,1.0,171
1336953602,FDX,Stop-Buy,87.04,0,-1
1336953602,CF,Stop-Buy,169.89,0,-1
1337040000,URI,Sell,38.64,1.0,50
1337040001,VRX,Stop-Buy,52.39,0,-1
1337040002,VRX,Stop-Buy,52.39,0,-1
1337040002,CF,Stop-Buy,169.89,0,-1
1337126401,URI,Stop-Buy,41.45,0,-1
1337126402,VRX,Stop-Buy,52.39,0,-1
1337126402,CF,Stop-Buy,169.89,0,-1
1337126402,URI,Stop-Buy,41.45,0,-1
1337212802,VRX,Stop-Buy,52.39,0,-1
1337212802,CF,Stop-Buy,169.89,0,-1
1337212802,URI,Stop-Buy,41.45,0,-1
1337299202,VRX,Stop-Buy,52.39,0,-1
1337299202,CF,Stop-Buy,169.89,0,-1
1337299202,URI,Stop-Buy,41.45,0,-1
1337558402,VRX,Stop-Buy,52.39,0,-1
1337558402,CF,Tightened-Stop-Buy,160.97,0,-1
1337558402,URI,Stop-Buy,41.45,0,-1
1337644802,VRX,Tightened-Stop-Buy,47.96,0,-1
1337644802,URI,Tightened-Stop-Buy,36.14,0,-1
1337731202,VRX,Tightened-Stop-Buy,47.59,0,-1
1338508800,FDX,Sell,83.55,0.9850549067592529,119
1338768001,FDX,Stop-Buy,86.51,0,-1
1338768002,FDX,Tightened-Stop-Buy,84.22,0,-1
1340064000,CF,Buy,174.94,0.9659286012634583,17
1340150401,CF,Stop-Sell,170.81,0,-1
1340150402,CF,Tightened-Stop-Sell,172.86,0,-1
1342396800,AMZN,Sell,214.52,1.0,25
1342483201,AMZN,Stop-Buy,217.85,0,-1
1342483202,AMZN,Stop-Buy,217.85,0,-1
1342656000,GOOGL,Buy,298.13,0.5,4
1342742401,GOOGL,Stop-Sell,294.8,0,-1
1342742402,GOOGL,Stop-Sell,294.8,0,-1
1343001600,MA,Sell,41.05,0.09900017284753825,69
1343001602,GOOGL,Stop-Sell,294.8,0,-1
1343088001,MA,Stop-Buy,41.33,0,-1
1343088002,MA,Stop-Buy,41.33,0,-1
1343088002,GOOGL,Tightened-Stop-Sell,303.47,0,-1
1343174400,NFLX,Sell,59.0,1.0,1
1343174402,MA,Stop-Buy,41.33,0,-1
1343260801,NFLX,Stop-Buy,62.9,0,-1
1343260802,NFLX,Stop-Buy,62.9,0,-1
1343347202,NFLX,Stop-Buy,62.9,0,-1
1343606402,NFLX,Stop-Buy,62.9,0,-1
1343692802,NFLX,Stop-Buy,62.9,0,-1
1343779202,NFLX,Stop-Buy,62.9,0,-1
1343865602,NFLX,Stop-Buy,62.9,0,-1
1343952002,NFLX,Tightened-Stop-Buy,55.16,0,-1
1344211200,VIAB,Buy,47.08,0.9582687782237284,19
1344297601,VIAB,Stop-Sell,44.68,0,-1
1344297602,VIAB,Stop-Sell,44.68,0,-1
1344384002,VIAB,Stop-Sell,44.68,0,-1
1344470402,VIAB,Stop-Sell,44.68,0,-1
1344556802,VIAB,Stop-Sell,44.68,0,-1
1344816002,VIAB,Stop-Sell,44.68,0,-1
1344902402,VIAB,Stop-Sell,44.68,0,-1
1344988802,VIAB,Stop-Sell,44.68,0,-1
1345075202,VIAB,Tightened-Stop-Sell,47.33,0,-1
1345161602,VIAB,Stop-Sell,47.33,0,-1
1345420802,VIAB,Tightened-Stop-Sell,48.43,0,-1
1345766400,AMZN,Buy,247.07,1.0,2
1346025601,AMZN,Stop-Sell,243.03,0,-1
1346025602,AMZN,Stop-Sell,243.03,0,-1
1346716800,NFLX,Sell,67.17,1.0,1
1346803201,NFLX,Stop-Buy,58.6,0,-1
1346803202,NFLX,Stop-Buy,58.6,0,-1
1346889600,MA,Buy,42.85,0.09900017284753826,77
1346889602,NFLX,Stop-Buy,58.6,0,-1
1346976001,MA,Stop-Sell,42.45,0,-1
1346976002,MA,Stop-Sell,42.45,0,-1
1346976002,NFLX,Stop-Buy,58.6,0,-1
1347235202,MA,Stop-Sell,42.45,0,-1
1347235202,NFLX,Stop-Buy,58.6,0,-1
1347321600,V,Buy,128.01,0.9825262054716213,14
1347321602,MA,Stop-Sell,42.45,0,-1
1347321602,NFLX,Stop-Buy,58.6,0,-1
1347408001,V,Stop-Sell,125.65,0,-1
1347408002,MA,Stop-Sell,42.45,0,-1
1347408002,NFLX,Tightened-Stop-Buy,57.8,0,-1
1347408002,V,Stop-Sell,125.65,0,-1
1347494402,MA,Stop-Sell,42.45,0,-1
1347494402,V,Stop-Sell,125.65,0,-1
1347580802,MA,Stop-Sell,42.45,0,-1
1347580802,V,Stop-Sell,125.65,0,-1
1347840002,MA,Stop-Sell,42.45,0,-1
1347840002,V,Stop-Sell,125.65,0,-1
1347926402,MA,Stop-Sell,42.45,0,-1
1347926402,V,Stop-Sell,125.65,0,-1
1348012802,MA,Tightened-Stop-Sell,44.68,0,-1
1348012802,V,Tightened-Stop-Sell,131.04,0,-1
1348099202,V,Tightened-Stop-Sell,131.45,0,-1
1348185602,V,Tightened-Stop-Sell,132.15,0,-1
1349049600,AAPL,Sell,88.51,0.13585475466660668,1
1349136001,AAPL,Stop-Buy,90.4,0,-1
1349136002,AAPL,Stop-Buy,90.4,0,-1
1349740800,IWM,Sell,79.49,0.9655211544567219,7
1349827201,IWM,Stop-Buy,81.32,0,-1
1349827202,IWM,Stop-Buy,81.32,0,-1
1349913602,IWM,Tightened-Stop-Buy,80.52,0,-1
1350000002,IWM,Tightened-Stop-Buy,80.18,0,-1
1350259202,IWM,Tightened-Stop-Buy,80.08,0,-1
1351123200,VIAB,Sell,50.78,0.963455235889769,181
1351209601,VIAB,Stop-Buy,52.94,0,-1
1351209602,VIAB,Stop-Buy,52.94,0,-1
1351641602,VIAB,Stop-Buy,52.94,0,-1
1351728000,ALL,Sell,45.56,0.9565387816265969,23
1351728002,VIAB,Stop-Buy,52.94,0,-1
1351814401,ALL,Stop-Buy,39.3,0,-1
1351814402,ALL,Stop-Buy,39.3,0,-1
1351814402,VIAB,Stop-Buy,52.94,0,-1
1352073602,ALL,Stop-Buy,39.3,0,-1
1352073602,VIAB,Stop-Buy,52.94,0,-1
1352160002,ALL,Stop-Buy,39.3,0,-1
1352160002,VIAB,Tightened-Stop-Buy,49.39,0,-1
1352246402,ALL,Stop-Buy,39.3,0,-1
1352246402,VIAB,Tightened-Stop-Buy,48.8,0,-1
1352332800,AGN,Sell,85.16,1.0,543
1352332802,ALL,Stop-Buy,39.3,0,-1
1352332802,VIAB,Tightened-Stop-Buy,48.61,0,-1
1352419201,AGN,Stop-Buy,87.31,0,-1
1352419202,ALL,Stop-Buy,39.3,0,-1
1352419202,VIAB,Stop-Buy,48.61,0,-1
1352419202,AGN,Stop-Buy,87.31,0,-1
1352678402,ALL,Tightened-Stop-Buy,37.22,0,-1
1352678402,VIAB,Tightened-Stop-Buy,47.65,0,-1
1352678402,AGN,Stop-Buy,87.31,0,-1
1352764802,ALL,Stop-Buy,37.22,0,-1
1352764802,AGN,Stop-Buy,87.31,0,-1
1352851200,UNP,Sell,55.98,0.4785854662589898,57
1352851200,FDX,Sell,88.09,0.9882208805960822,77
1352851202,AGN,Stop-Buy,87.31,0,-1
1352937601,FDX,Stop-Buy,88.31,0,-1
1352937601,UNP,Stop-Buy,57.5,0,-1
1352937602,FDX,Stop-Buy,88.31,0,-1
1352937602,UNP,Stop-Buy,57.5,0,-1
1352937602,AGN,Tightened-Stop-Buy,83.16,0,-1
1353024002,FDX,Stop-Buy,88.31,0,-1
1353024002,UNP,Stop-Buy,57.5,0,-1
1353283202,FDX,Tightened-Stop-Buy,86.32,0,-1
1353283202,UNP,Tightened-Stop-Buy,57.53,0,-1
1354060800,GOOGL,Buy,346.63,0.5,2
1354147201,GOOGL,Stop-Sell,337.92,0,-1
1354147202,GOOGL,Stop-Sell,337.92,0,-1
1354233602,GOOGL,Stop-Sell,337.92,0,-1
1354492802,GOOGL,Stop-Sell,337.92,0,-1
1354579200,VRX,Buy,54.16,1.0,24
1354579200,CP,Buy,92.81,0.979201904542717,75
1354579202,GOOGL,Stop-Sell,337.92,0,-1
1354665601,VRX,Stop-Sell,55.01,0,-1
1354665601,CP,Stop-Sell,89.0,0,-1
1354665602,VRX,Stop-Sell,55.01,0,-1
1354665602,GOOGL,Stop-Sell,337.92,0,-1
1354665602,CP,Stop-Sell,89.0,0,-1
1354752002,VRX,Tightened-Stop-Sell,57.41,0,-1
1354752002,GOOGL,Stop-Sell,337.92,0,-1
1354752002,CP,Stop-Sell,89.0,0,-1
1354838402,VRX,Tightened-Stop-Sell,57.49,0,-1
1354838402,GOOGL,Tightened-Stop-Sell,341.79,0,-1
1354838402,CP,Stop-Sell,89.0,0,-1
1355097602,GOOGL,Tightened-Stop-Sell,342.38,0,-1
1355097602,CP,Stop-Sell,89.0,0,-1
1355184000,GILD,Buy,75.94,0.987481221832749,13
1355184002,GOOGL,Tightened-Stop-Sell,344.69,0,-1
1355184002,CP,Stop-Sell,89.0,0,-1
1355270401,GILD,Stop-Sell,73.19,0,-1
1355270402,GILD,Tightened-Stop-Sell,74.98,0,-1
1355270402,GOOGL,Tightened-Stop-Sell,348.47,0,-1
1355270402,CP,Tightened-Stop-Sell,97.49,0,-1
1355356802,GOOGL,Tightened-Stop-Sell,351.04,0,-1
1355788800,URI,Buy,42.71,1.0,122
1355875201,URI,Stop-Sell,42.56,0,-1
1355875202,URI,Tightened-Stop-Sell,44.61,0,-1
1356652800,AMZN,Sell,244.16,1.0,34
1356912001,AMZN,Stop-Buy,247.1,0,-1
1356912002,AMZN,Tightened-Stop-Buy,251.5,0,-1
1357084800,WHR,Buy,103.5,0.9635910436632664,124
1357171201,WHR,Stop-Sell,101.06,0,-1
1357171202,WHR,Stop-Sell,101.06,0,-1
1357257602,WHR,Tightened-Stop-Sell,101.65,0,-1
1357689600,CF,Buy,208.74,0.9697693658652503,14
1357776001,CF,Stop-Sell,204.26,0,-1
1357776002,CF,Stop-Sell,204.26,0,-1
1357862400,NFLX,Buy,102.12,1.0,11
1357862402,CF,Stop-Sell,204.26,0,-1
1358121600,AAPL,Sell,68.35,0.1364999408207515,1
1358121601,NFLX,Stop-Sell,99.22,0,-1
1358121602,NFLX,Stop-Sell,99.22,0,-1
1358121602,CF,Stop-Sell,204.26,0,-1
1358208001,AAPL,Stop-Buy,68.79,0,-1
1358208002,AAPL,Stop-Buy,68.79,0,-1
1358208002,NFLX,Stop-Sell,99.22,0,-1
1358208002,CF,Stop-Sell,204.26,0,-1
1358294402,CF,Stop-Sell,204.26,0,-1
1358380802,CF,Tightened-Stop-Sell,210.22,0,-1
1361923200,UNP,Buy,66.45,0.4837541217813125,89
1362009601,UNP,Stop-Sell,64.32,0,-1
1362009602,UNP,Tightened-Stop-Sell,66.09,0,-1
1362096000,AMZN,Buy,271.29,1.0,65
1362355201,AMZN,Stop-Sell,262.02,0,-1
1362355202,AMZN,Stop-Sell,262.02,0,-1
1362441600,VIAB,Buy,59.05,0.9683472261015429,102
1362441602,AMZN,Stop-Sell,262.02,0,-1
1362528001,VIAB,Stop-Sell,57.5,0,-1
1362528002,AMZN,Stop-Sell,262.02,0,-1
1362528002,VIAB,Stop-Sell,57.5,0,-1
1362614402,AMZN,Tightened-Stop-Sell,273.25,0,-1
1362614402,VIAB,Stop-Sell,57.5,0,-1
1362700800,AGN,Buy,88.48,1.0,390
1362700802,VIAB,Stop-Sell,57.5,0,-1
1362960001,AGN,Stop-Sell,86.14,0,-1
1362960002,VIAB,Stop-Sell,57.5,0,-1
1362960002,AGN,Stop-Sell,86.14,0,-1
1363046402,VIAB,Stop-Sell,57.5,0,-1
1363046402,AGN,Stop-Sell,86.14,0,-1
1363132802,VIAB,Stop-Sell,57.5,0,-1
1363132802,AGN,Stop-Sell,86.14,0,-1
1363219202,VIAB,Stop-Sell,57.5,0,-1
1363219202,AGN,Stop-Sell,86.14,0,-1
1363305602,VIAB,Stop-Sell,57.5,0,-1
1363305602,AGN,Stop-Sell,86.14,0,-1
1363564802,VIAB,Tightened-Stop-Sell,60.47,0,-1
1363564802,AGN,Tightened-Stop-Sell,89.95,0,-1
1364256000,NFLX,Buy,191.54,1.0,1
1364342401,NFLX,Stop-Sell,187.31,0,-1
1364342402,NFLX,Stop-Sell,187.31,0,-1
1364428802,NFLX,Stop-Sell,187.31,0,-1
1364947200,URI,Sell,56.09,1.0,189
1365033601,URI,Stop-Buy,53.3,0,-1
1365033602,URI,Stop-Buy,53.3,0,-1
1365120002,URI,Stop-Buy,53.3,0,-1
1365552000,URI,Buy,55.76,1.0,226
1365638401,URI,Stop-Sell,52.92,0,-1
1365638402,URI,Stop-Sell,52.92,0,-1
1365724802,URI,Stop-Sell,52.92,0,-1
1367539200,URI,Buy,55.45,1.0,35
1367798401,URI,Stop-Sell,51.82,0,-1
1367798402,URI,Stop-Sell,51.82,0,-1
1367884802,URI,Stop-Sell,51.82,0,-1
1367971202,URI,Stop-Sell,51.82,0,-1
1368057600,CF,Buy,190.8,0.9715499026611104,38
1368057602,URI,Stop-Sell,51.82,0,-1
1368144001,CF,Stop-Sell,186.94,0,-1
1368144002,CF,Stop-Sell,186.94,0,-1
1368144002,URI,Stop-Sell,51.82,0,-1
1368403202,URI,Tightened-Stop-Sell,57.19,0,-1
1368489600,CVS,Buy,59.02,0.978171921185243,28
1368576001,CVS,Stop-Sell,56.64,0,-1
1368576002,CVS,Stop-Sell,56.64,0,-1
1368662402,CVS,Tightened-Stop-Sell,57.78,0,-1
1369958400,VIAB,Sell,63.87,0.9726182042439316,73
1370217600,GILD,Sell,52.04,1.0,7
1370217601,VIAB,Stop-Buy,66.57,0,-1
1370217602,VIAB,Stop-Buy,66.57,0,-1
1370304001,GILD,Stop-Buy,55.16,0,-1
1370304002,GILD,Stop-Buy,55.16,0,-1
1370390400,CP,Sell,123.77,0.9852501913129396,54
1370390402,GILD,Stop-Buy,55.16,0,-1
1370476801,CP,Stop-Buy,121.95,0,-1
1370476802,GILD,Stop-Buy,55.16,0,-1
1370476802,CP,Stop-Buy,121.95,0,-1
1370563200,AMZN,Buy,278.69,1.0,6
1370563202,GILD,Tightened-Stop-Buy,53.19,0,-1
1370822401,AMZN,Stop-Sell,273.31,0,-1
1370822402,AMZN,Stop-Sell,273.31,0,-1
1370908800,NFLX,Sell,209.21,1.0,34
1370908800,CF,Sell,181.36,0.9735939798811001,109
1370908802,AMZN,Tightened-Stop-Sell,274.15,0,-1
1370995200,IWM,Sell,94.17,0.9765976565597402,3
1370995200,AAPL,Sell,59.28,0.13818910651921604,4
1370995201,NFLX,Stop-Buy,216.72,0,-1
1370995201,CF,Stop-Buy,185.46,0,-1
1370995202,NFLX,Stop-Buy,216.72,0,-1
1370995202,CF,Stop-Buy,185.46,0,-1
1371081601,AAPL,Stop-Buy,60.23,0,-1
1371081601,IWM,Stop-Buy,96.61,0,-1
1371081602,AAPL,Tightened-Stop-Buy,60.33,0,-1
1371081602,NFLX,Tightened-Stop-Buy,216.01,0,-1
1371081602,CF,Stop-Buy,185.46,0,-1
1371081602,IWM,Stop-Buy,96.61,0,-1
1371168002,AAPL,Stop-Buy,60.33,0,-1
1371168002,CF,Stop-Buy,185.46,0,-1
1371168002,IWM,Tightened-Stop-Buy,96.27,0,-1
1371427202,AAPL,Stop-Buy,60.33,0,-1
1371427202,CF,Stop-Buy,185.46,0,-1
1371513600,MA,Buy,58.14,0.0992317404300989,91
1371513602,AAPL,Stop-Buy,60.33,0,-1
1371513602,CF,Tightened-Stop-Buy,184.14,0,-1
1371600001,MA,Stop-Sell,57.58,0,-1
1371600002,AAPL,Stop-Buy,60.33,0,-1
1371600002,MA,Stop-Sell,57.58,0,-1
1371686400,IWM,Sell,97.54,0.9765976565597401,3
1371686400,WHR,Sell,116.45,0.9725953326172319,202
1371686402,AAPL,Stop-Buy,60.33,0,-1
1371772801,WHR,Stop-Buy,120.15,0,-1
1371772801,IWM,Stop-Buy,95.03,0,-1
1371772802,WHR,Stop-Buy,120.15,0,-1
1371772802,AAPL,Stop-Buy,60.33,0,-1
1371772802,IWM,Stop-Buy,95.03,0,-1
1372032002,WHR,Stop-Buy,120.15,0,-1
1372032002,AAPL,Stop-Buy,60.33,0,-1
1372032002,IWM,Stop-Buy,95.03,0,-1
1372118402,WHR,Tightened-Stop-Buy,111.36,0,-1
1372118402,AAPL,Stop-Buy,60.33,0,-1
1372118402,IWM,Tightened-Stop-Buy,93.68,0,-1
1372204802,AAPL,Stop-Buy,60.33,0,-1
1372291202,AAPL,Tightened-Stop-Buy,55.26,0,-1
1373328000,URI,Buy,52.66,1.0,104
1373414401,URI,Stop-Sell,51.97,0,-1
1373414402,URI,Stop-Sell,51.97,0,-1
1373500800,CP,Buy,124.37,0.9879440891791273,551
1373587201,CP,Stop-Sell,122.16,0,-1
1373587202,CP,Stop-Sell,122.16,0,-1
1373846402,CP,Stop-Sell,122.16,0,-1
1373932802,CP,Stop-Sell,122.16,0,-1
1374019202,CP,Stop-Sell,122.16,0,-1
1374105602,CP,Stop-Sell,122.16,0,-1
1374192000,WHR,Buy,126.62,0.9725953326172316,9
1374192000,FLT,Buy,87.98,1.0,2507
1374192002,CP,Tightened-Stop-Sell,126.76,0,-1
1374451201,WHR,Stop-Sell,121.62,0,-1
1374451201,FLT,Stop-Sell,86.17,0,-1
1374451202,WHR,Stop-Sell,121.62,0,-1
1374451202,FLT,Stop-Sell,86.17,0,-1
1374537602,WHR,Tightened-Stop-Sell,126.96,0,-1
1374537602,FLT,Tightened-Stop-Sell,86.78,0,-1
1374624002,FLT,Tightened-Stop-Sell,87.15,0,-1
1374710400,AGN,Buy,130.01,1.0,97
1374710402,FLT,Stop-Sell,87.15,0,-1
1374796801,AGN,Stop-Sell,125.32,0,-1
1374796802,FLT,Stop-Sell,87.15,0,-1
1374796802,AGN,Stop-Sell,125.32,0,-1
1375056002,FLT,Tightened-Stop-Sell,88.82,0,-1
1375056002,AGN,Stop-Sell,125.32,0,-1
1375142402,AGN,Stop-Sell,125.32,0,-1
1375228802,AGN,Stop-Sell,125.32,0,-1
1375315202,AGN,Stop-Sell,125.32,0,-1
1375401602,AGN,Stop-Sell,125.32,0,-1
1375660802,AGN,Stop-Sell,125.32,0,-1
1375747202,AGN,Tightened-Stop-Sell,135.12,0,-1
1376956800,NFLX,Buy,273.74,1.0,4
1377043201,NFLX,Stop-Sell,268.11,0,-1
1377043202,NFLX,Tightened-Stop-Sell,269.75,0,-1
1378425600,AMZN,Buy,299.16,1.0,59
1378684801,AMZN,Stop-Sell,294.08,0,-1
1378684802,AMZN,Stop-Sell,294.08,0,-1
1378771200,IWM,Buy,103.17,0.9808807362759597,12
1378771200,GOOGL,Buy,445.79,0.5,277
1378771202,AMZN,Stop-Sell,294.08,0,-1
1378857601,GOOGL,Stop-Sell,444.38,0,-1
1378857601,IWM,Stop-Sell,101.6,0,-1
1378857602,AMZN,Stop-Sell,294.08,0,-1
1378857602,GOOGL,Stop-Sell,444.38,0,-1
1378857602,IWM,Stop-Sell,101.6,0,-1
1378944002,AMZN,Stop-Sell,294.08,0,-1
1378944002,GOOGL,Stop-Sell,444.38,0,-1
1378944002,IWM,Stop-Sell,101.6,0,-1
1379030400,CP,Buy,123.01,0.9879440891791273,132
1379030402,AMZN,Tightened-Stop-Sell,297.3,0,-1
1379030402,IWM,Stop-Sell,101.6,0,-1
1379289601,CP,Stop-Sell,119.55,0,-1
1379289602,CP,Stop-Sell,119.55,0,-1
1379289602,IWM,Stop-Sell,101.6,0,-1
1379376000,VRX,Buy,103.29,1.0,132
1379376000,UNP,Buy,77.48,0.48838458485982017,184
1379376002,CP,Stop-Sell,119.55,0,-1
1379376002,IWM,Tightened-Stop-Sell,102.56,0,-1
1379462400,URI,Buy,58.48,1.0,286
1379462401,UNP,Stop-Sell,75.68,0,-1
1379462401,VRX,Stop-Sell,100.81,0,-1
1379462402,UNP,Stop-Sell,75.68,0,-1
1379462402,VRX,Stop-Sell,100.81,0,-1
1379462402,CP,Stop-Sell,119.55,0,-1
1379462402,IWM,Stop-Sell,102.56,0,-1
1379548801,URI,Stop-Sell,55.77,0,-1
1379548802,UNP,Stop-Sell,75.68,0,-1
1379548802,VRX,Stop-Sell,100.81,0,-1
1379548802,URI,Stop-Sell,55.77,0,-1
1379548802,CP,Stop-Sell,119.55,0,-1
1379548802,IWM,Tightened-Stop-Sell,104.44,0,-1
1379635202,UNP,Stop-Sell,75.68,0,-1
1379635202,VRX,Stop-Sell,100.81,0,-1
1379635202,URI,Stop-Sell,55.77,0,-1
1379635202,CP,Stop-Sell,119.55,0,-1
1379635202,IWM,Stop-Sell,104.44,0,-1
1379894402,UNP,Stop-Sell,75.68,0,-1
1379894402,VRX,Tightened-Stop-Sell,102.58,0,-1
1379894402,CP,Stop-Sell,119.55,0,-1
1379980802,UNP,Stop-Sell,75.68,0,-1
1379980802,CP,Tightened-Stop-Sell,123.58,0,-1
1380067202,UNP,Tightened-Stop-Sell,76.66,0,-1
1380153602,UNP,Tightened-Stop-Sell,76.58,0,-1
1380758400,GOOGL,Sell,435.26,0.5,5
1380758400,UNP,Sell,74.99,0.4883845848598201,310
1380844801,UNP,Stop-Buy,76.73,0,-1
1380844801,GOOGL,Stop-Buy,441.02,0,-1
1380844802,UNP,Stop-Buy,76.73,0,-1
1380844802,GOOGL,Stop-Buy,441.02,0,-1
1381104000,GILD,Sell,61.3,1.0,21
1381104002,UNP,Stop-Buy,76.73,0,-1
1381104002,GOOGL,Stop-Buy,441.02,0,-1
1381190400,IWM,Sell,102.0,0.9834865852172631,3
1381190400,FLT,Sell,104.08,1.0,73
1381190401,GILD,Stop-Buy,62.75,0,-1
1381190402,UNP,Stop-Buy,76.73,0,-1
1381190402,GILD,Stop-Buy,62.75,0,-1
1381190402,GOOGL,Stop-Buy,441.02,0,-1
1381276801,IWM,Stop-Buy,105.08,0,-1
1381276801,FLT,Stop-Buy,108.16,0,-1
1381276802,UNP,Stop-Buy,76.73,0,-1
1381276802,GILD,Stop-Buy,62.75,0,-1
1381276802,GOOGL,Stop-Buy,441.02,0,-1
1381276802,IWM,Stop-Buy,105.08,0,-1
1381276802,FLT,Stop-Buy,108.16,0,-1
1381363202,GOOGL,Tightened-Stop-Buy,434.43,0,-1
1381363202,IWM,Tightened-Stop-Buy,104.88,0,-1
1381363202,FLT,Stop-Buy,108.16,0,-1
1381881600,URI,Buy,60.91,1.0,34
1381881600,UNH,Buy,69.43,0.9800929485541976,109
1381968001,URI,Stop-Sell,57.52,0,-1
1381968001,UNH,Stop-Sell,72.43,0,-1
1381968002,URI,Stop-Sell,57.52,0,-1
1381968002,UNH,Tightened-Stop-Sell,69.66,0,-1
1382054400,GOOGL,Buy,507.83,0.5,0
1382054400,CF,Buy,211.86,0.9756649056559069,42
1382054402,URI,Stop-Sell,57.52,0,-1
1382313601,GOOGL,Stop-Sell,497.0,0,-1
1382313601,CF,Stop-Sell,206.75,0,-1
1382313602,GOOGL,Stop-Sell,497.0,0,-1
1382313602,CF,Tightened-Stop-Sell,209.76,0,-1
1382313602,URI,Stop-Sell,57.52,0,-1
1382400002,GOOGL,Stop-Sell,497.0,0,-1
1382400002,URI,Stop-Sell,57.52,0,-1
1382486402,GOOGL,Stop-Sell,497.0,0,-1
1382486402,URI,Tightened-Stop-Sell,63.91,0,-1
1382572802,GOOGL,Stop-Sell,497.0,0,-1
1382572802,URI,Tightened-Stop-Sell,64.48,0,-1
1382659202,GOOGL,Tightened-Stop-Sell,507.29,0,-1
1384214400,UNP,Buy,76.9,0.48838458485982017,118
1384300801,UNP,Stop-Sell,75.61,0,-1
1384300802,UNP,Stop-Sell,75.61,0,-1
1384387202,UNP,Tightened-Stop-Sell,76.95,0,-1
1384473602,UNP,Stop-Sell,76.95,0,-1
1384732802,UNP,Stop-Sell,76.95,0,-1
1385078400,AMZN,Buy,374.59,1.0,32
1385337601,AMZN,Stop-Sell,368.75,0,-1
1385337602,AMZN,Stop-Sell,368.75,0,-1
1385424000,AAPL,Buy,74.09,0.1399178067204942,0
1385424002,AMZN,Stop-Sell,368.75,0,-1
1385510400,V,Buy,202.86,0.9925475010029187,249
1385510401,AAPL,Stop-Sell,73.98,0,-1
1385510402,AAPL,Stop-Sell,73.98,0,-1
1385510402,AMZN,Stop-Sell,368.75,0,-1
1385683200,FLT,Buy,123.08,1.0,364
1385683201,V,Stop-Sell,200.74,0,-1
1385683202,AAPL,Stop-Sell,73.98,0,-1
1385683202,AMZN,Stop-Sell,368.75,0,-1
1385683202,V,Tightened-Stop-Sell,201.32,0,-1
1385942401,FLT,Stop-Sell,119.99,0,-1
1385942402,AAPL,Stop-Sell,73.98,0,-1
1385942402,AMZN,Stop-Sell,368.75,0,-1
1385942402,V,Stop-Sell,201.32,0,-1
1385942402,FLT,Tightened-Stop-Sell,121.9,0,-1
1386028802,AAPL,Stop-Sell,73.98,0,-1
1386028802,AMZN,Tightened-Stop-Sell,384.04,0,-1
1386115202,AAPL,Stop-Sell,73.98,0,-1
1386201602,AAPL,Stop-Sell,73.98,0,-1
1386288002,AAPL,Tightened-Stop-Sell,78.27,0,-1
1386547202,AAPL,Tightened-Stop-Sell,78.39,0,-1
1386633602,AAPL,Tightened-Stop-Sell,78.77,0,-1
1386720000,AGN,Sell,159.97,1.0,170
1386806401,AGN,Stop-Buy,162.83,0,-1
1386806402,AGN,Stop-Buy,162.83,0,-1
1386892802,AGN,Stop-Buy,162.83,0,-1
1387497600,IWM,Buy,112.49,0.983486585217263,4
1387756801,IWM,Stop-Sell,109.27,0,-1
1387756802,IWM,Stop-Sell,109.27,0,-1
1387843202,IWM,Stop-Sell,109.27,0,-1
1388016002,IWM,Stop-Sell,109.27,0,-1
1388102402,IWM,Stop-Sell,109.27,0,-1
1388361602,IWM,Stop-Sell,109.27,0,-1
1388448002,IWM,Stop-Sell,109.27,0,-1
1388620802,IWM,Tightened-Stop-Sell,112.16,0,-1
1388707202,IWM,Tightened-Stop-Sell,112.54,0,-1
1389052800,NFLX,Sell,336.87,1.0,1
1389139200,CF,Buy,230.45,0.980152784706762,89
1389139201,NFLX,Stop-Buy,343.64,0,-1
1389139202,NFLX,Stop-Buy,343.64,0,-1
1389225601,CF,Stop-Sell,226.03,0,-1
1389225602,CF,Stop-Sell,226.03,0,-1
1389312002,CF,Stop-Sell,226.03,0,-1
1389571202,CF,Stop-Sell,226.03,0,-1
1389657602,CF,Tightened-Stop-Sell,238.5,0,-1
1389744002,CF,Stop-Sell,238.5,0,-1
1389830402,CF,Stop-Sell,238.5,0,-1
1389916800,V,Buy,230.73,0.9925475010029187,0
1389916802,CF,Tightened-Stop-Sell,240.32,0,-1
1390262401,V,Stop-Sell,225.42,0,-1
1390262402,V,Stop-Sell,225.42,0,-1
1390262402,CF,Tightened-Stop-Sell,241.0,0,-1
1390348802,V,Stop-Sell,225.42,0,-1
1390435200,VIAB,Sell,81.28,0.9842926017885094,338
1390435200,UNH,Sell,70.98,0.9838190317258901,543
1390435202,V,Tightened-Stop-Sell,225.93,0,-1
1390521600,AMZN,Sell,387.07,1.0,18
1390521601,UNH,Stop-Buy,72.11,0,-1
1390521601,VIAB,Stop-Buy,82.82,0,-1
1390521602,UNH,Stop-Buy,72.11,0,-1
1390521602,VIAB,Stop-Buy,82.82,0,-1
1390780801,AMZN,Stop-Buy,392.88,0,-1
1390780802,AMZN,Tightened-Stop-Buy,391.13,0,-1
1390780802,UNH,Stop-Buy,72.11,0,-1
1390780802,VIAB,Stop-Buy,82.82,0,-1
1390867200,VIAB,Buy-Market,-1.0,0,-1
1390867200,AAPL,Sell,70.53,0.13991780672049423,0
1390867202,UNH,Stop-Buy,72.11,0,-1
1390953601,AAPL,Stop-Buy,71.36,0,-1
1390953602,AAPL,Stop-Buy,71.36,0,-1
1390953602,UNH,Stop-Buy,72.11,0,-1
1391040002,AAPL,Stop-Buy,71.36,0,-1
1391040002,UNH,Tightened-Stop-Buy,71.92,0,-1
1391126402,AAPL,Stop-Buy,71.36,0,-1
1391126402,UNH,Tightened-Stop-Buy,71.41,0,-1
1391385602,AAPL,Stop-Buy,71.36,0,-1
1391385602,UNH,Tightened-Stop-Buy,71.27,0,-1
1391472002,AAPL,Tightened-Stop-Buy,71.28,0,-1
1391472002,UNH,Stop-Buy,71.27,0,-1
1391558402,UNH,Tightened-Stop-Buy,69.97,0,-1
1391644802,UNH,Tightened-Stop-Buy,70.02,0,-1
1392076800,FLT,Buy,116.9,1.0,438
1392163201,FLT,Stop-Sell,112.79,0,-1
1392163202,FLT,Stop-Sell,112.79,0,-1
1392249602,FLT,Stop-Sell,112.79,0,-1
1392336000,UNH,Buy,72.87,0.9838190317258904,16
1392336000,VIAB,Buy,84.68,0.9842926017885093,212
1392336002,FLT,Stop-Sell,112.79,0,-1
1392681601,UNH,Stop-Sell,69.42,0,-1
1392681601,VIAB,Stop-Sell,82.5,0,-1
1392681602,UNH,Stop-Sell,69.42,0,-1
1392681602,VIAB,Stop-Sell,82.5,0,-1
1392681602,FLT,Stop-Sell,112.79,0,-1
1392768002,UNH,Stop-Sell,69.42,0,-1
1392768002,VIAB,Stop-Sell,82.5,0,-1
1392768002,FLT,Tightened-Stop-Sell,118.24,0,-1
1392854402,UNH,Stop-Sell,69.42,0,-1
1392854402,VIAB,Stop-Sell,82.5,0,-1
1392940802,UNH,Stop-Sell,69.42,0,-1
1392940802,VIAB,Stop-Sell,82.5,0,-1
1393200000,IWM,Buy,115.69,0.9872287182570634,7
1393200002,UNH,Stop-Sell,69.42,0,-1
1393200002,VIAB,Tightened-Stop-Sell,85.26,0,-1
1393286401,IWM,Stop-Sell,113.37,0,-1
1393286402,IWM,Stop-Sell,113.37,0,-1
1393286402,UNH,Stop-Sell,69.42,0,-1
1393372802,IWM,Stop-Sell,113.37,0,-1
1393372802,UNH,Stop-Sell,69.42,0,-1
1393459202,IWM,Stop-Sell,113.37,0,-1
1393459202,UNH,Stop-Sell,69.42,0,-1
1393545602,IWM,Stop-Sell,113.37,0,-1
1393545602,UNH,Stop-Sell,69.42,0,-1
1393804802,IWM,Tightened-Stop-Sell,114.54,0,-1
1393804802,UNH,Stop-Sell,69.42,0,-1
1393891202,IWM,Tightened-Stop-Sell,116.2,0,-1
1393891202,UNH,Tightened-Stop-Sell,76.19,0,-1
1393977602,IWM,Tightened-Stop-Sell,117.74,0,-1
1393977602,UNH,Tightened-Stop-Sell,76.43,0,-1
1394064002,IWM,Tightened-Stop-Sell,117.72,0,-1
1394668800,V,Sell,227.65,0.9943185631450481,41
1394755200,NFLX,Sell,423.47,1.0,17
1394755201,V,Stop-Buy,222.45,0,-1
1394755202,V,Stop-Buy,222.45,0,-1
1395014401,NFLX,Stop-Buy,426.65,0,-1
1395014402,NFLX,Stop-Buy,426.65,0,-1
1395100802,NFLX,Stop-Buy,426.65,0,-1
1395187202,NFLX,Stop-Buy,426.65,0,-1
1395619200,VIAB,Sell,84.22,0.9876405358081982,198
1395705601,VIAB,Stop-Buy,86.4,0,-1
1395705602,VIAB,Stop-Buy,86.4,0,-1
1395792000,IWM,Sell,113.28,0.9897792434492894,3
1395792000,FDX,Sell,135.29,0.9961388381959292,103
1395792002,VIAB,Stop-Buy,86.4,0,-1
1395878401,FDX,Stop-Buy,134.96,0,-1
1395878401,IWM,Stop-Buy,117.42,0,-1
1395878402,FDX,Stop-Buy,134.96,0,-1
1395878402,IWM,Stop-Buy,117.42,0,-1
1395878402,VIAB,Stop-Buy,86.4,0,-1
1395964802,FDX,Stop-Buy,134.96,0,-1
1395964802,IWM,Stop-Buy,117.42,0,-1
1395964802,VIAB,Stop-Buy,86.4,0,-1
1396224002,FDX,Stop-Buy,134.96,0,-1
1396224002,IWM,Stop-Buy,117.42,0,-1
1396224002,VIAB,Stop-Buy,86.4,0,-1
1396310400,NXPI,Buy,61.48,1.0,73
1396310402,FDX,Tightened-Stop-Buy,134.09,0,-1
1396310402,IWM,Tightened-Stop-Buy,117.16,0,-1
1396310402,VIAB,Stop-Buy,86.4,0,-1
1396396801,NXPI,Stop-Sell,58.39,0,-1
1396396802,NXPI,Stop-Sell,58.39,0,-1
1396483202,NXPI,Stop-Sell,58.39,0,-1
1396828800,AAPL,Sell,73.58,0.14075047205482424,3
1396915201,AAPL,Stop-Buy,74.11,0,-1
1396915202,AAPL,Stop-Buy,74.11,0,-1
1398297600,AAPL,Buy,80.1,0.14075047205482424,0
1398384000,AMZN,Sell,352.5,1.0,0
1398384001,AAPL,Stop-Sell,79.8,0,-1
1398384002,AAPL,Stop-Sell,79.8,0,-1
1398643201,AMZN,Stop-Buy,310.04,0,-1
1398643202,AAPL,Stop-Sell,79.8,0,-1
1398643202,AMZN,Stop-Buy,310.04,0,-1
1398729602,AAPL,Stop-Sell,79.8,0,-1
1398729602,AMZN,Tightened-Stop-Buy,301.0,0,-1
1398816002,AAPL,Stop-Sell,79.8,0,-1
1398902402,AAPL,Stop-Sell,79.8,0,-1
1398988800,FLT,Buy,121.59,1.0,20
1398988800,GD,Buy,110.82,0.9897212608973296,93
1398988802,AAPL,Stop-Sell,79.8,0,-1
1399248001,GD,Stop-Sell,107.85,0,-1
1399248001,FLT,Stop-Sell,118.81,0,-1
1399248002,AAPL,Stop-Sell,79.8,0,-1
1399248002,GD,Stop-Sell,107.85,0,-1
1399248002,FLT,Stop-Sell,118.81,0,-1
1399334402,AAPL,Tightened-Stop-Sell,83.58,0,-1
1399334402,GD,Tightened-Stop-Sell,109.7,0,-1
1399334402,FLT,Stop-Sell,118.81,0,-1
1399420802,GD,Tightened-Stop-Sell,110.31,0,-1
1400112000,VIAB,Sell,81.55,0.987640535808198,1221
1400198401,VIAB,Stop-Buy,82.43,0,-1
1400198402,VIAB,Tightened-Stop-Buy,83.09,0,-1
1400630400,GOOGL,Buy,549.95,1.0,22
1400716801,GOOGL,Stop-Sell,546.3,0,-1
1400716802,GOOGL,Stop-Sell,546.3,0,-1
1400803200,IWM,Buy,111.99,0.9897792434492895,2
1400803200,AMZN,Buy,313.44,1.0,8
1400803200,VIAB,Buy,84.24,0.9876405358081981,299
1400803202,GOOGL,Stop-Sell,546.3,0,-1
1401148801,AMZN,Stop-Sell,308.85,0,-1
1401148801,IWM,Stop-Sell,108.57,0,-1
1401148801,VIAB,Stop-Sell,82.44,0,-1
1401148802,AMZN,Tightened-Stop-Sell,310.19,0,-1
1401148802,GOOGL,Stop-Sell,546.3,0,-1
1401148802,IWM,Stop-Sell,108.57,0,-1
1401148802,VIAB,Stop-Sell,82.44,0,-1
1401235202,GOOGL,Stop-Sell,546.3,0,-1
1401235202,IWM,Stop-Sell,108.57,0,-1
1401235202,VIAB,Stop-Sell,82.44,0,-1
1401321602,GOOGL,Stop-Sell,546.3,0,-1
1401321602,IWM,Stop-Sell,108.57,0,-1
1401321602,VIAB,Stop-Sell,82.44,0,-1
1401408002,GOOGL,Stop-Sell,546.3,0,-1
1401408002,IWM,Stop-Sell,108.57,0,-1
1401408002,VIAB,Tightened-Stop-Sell,83.98,0,-1
1401667202,GOOGL,Tightened-Stop-Sell,563.72,0,-1
1401667202,IWM,Stop-Sell,108.57,0,-1
1401667202,VIAB,Stop-Sell,83.98,0,-1
1401753602,IWM,Stop-Sell,108.57,0,-1
1401753602,VIAB,Stop-Sell,83.98,0,-1
1401840002,IWM,Tightened-Stop-Sell,109.85,0,-1
1401840002,VIAB,Tightened-Stop-Sell,85.18,0,-1
1401926402,IWM,Stop-Sell,109.85,0,-1
1401926402,VIAB,Tightened-Stop-Sell,85.52,0,-1
1402012802,IWM,Stop-Sell,109.85,0,-1
1402012802,VIAB,Stop-Sell,85.52,0,-1
1402272002,IWM,Stop-Sell,109.85,0,-1
1402272002,VIAB,Tightened-Stop-Sell,86.25,0,-1
1402358402,IWM,Stop-Sell,109.85,0,-1
1402444802,IWM,Stop-Sell,109.85,0,-1
1402531202,IWM,Tightened-Stop-Sell,113.72,0,-1
1403654400,GOOGL,Buy,587.5,1.0,10
1403740801,GOOGL,Stop-Sell,579.74,0,-1
1403740802,GOOGL,Stop-Sell,579.74,0,-1
1403827202,GOOGL,Stop-Sell,579.74,0,-1
1404086402,GOOGL,Stop-Sell,579.74,0,-1
1404172800,V,Buy,213.89,0.9962137667343841,42
1404172802,GOOGL,Tightened-Stop-Sell,587.02,0,-1
1404259201,V,Stop-Sell,209.9,0,-1
1404259202,V,Stop-Sell,209.9,0,-1
1404259202,GOOGL,Tightened-Stop-Sell,590.15,0,-1
1404345602,V,Stop-Sell,209.9,0,-1
1404691202,V,Stop-Sell,209.9,0,-1
1404777600,WHR,Buy,141.92,0.9909747688182673,18
1404777602,V,Stop-Sell,209.9,0,-1
1404864001,WHR,Stop-Sell,137.78,0,-1
1404864002,WHR,Tightened-Stop-Sell,139.34,0,-1
1404864002,V,Stop-Sell,209.9,0,-1
1404950402,V,Stop-Sell,209.9,0,-1
1405036800,AMZN,Buy,347.2,1.0,0
1405036802,V,Stop-Sell,209.9,0,-1
1405296001,AMZN,Stop-Sell,340.45,0,-1
1405296002,AMZN,Stop-Sell,340.45,0,-1
1405296002,V,Stop-Sell,209.9,0,-1
1405382402,AMZN,Stop-Sell,340.45,0,-1
1405382402,V,Stop-Sell,209.9,0,-1
1405468800,CP,Buy,185.11,0.9966465984911582,281
1405468802,AMZN,Stop-Sell,340.45,0,-1
1405468802,V,Stop-Sell,209.9,0,-1
1405555201,CP,Stop-Sell,181.14,0,-1
1405555202,AMZN,Stop-Sell,340.45,0,-1
1405555202,V,Tightened-Stop-Sell,216.43,0,-1
1405555202,CP,Stop-Sell,181.14,0,-1
1405641602,AMZN,Stop-Sell,340.45,0,-1
1405641602,V,Tightened-Stop-Sell,217.73,0,-1
1405641602,CP,Stop-Sell,181.14,0,-1
1405900802,AMZN,Tightened-Stop-Sell,357.48,0,-1
1405900802,CP,Stop-Sell,181.14,0,-1
1405987202,CP,Stop-Sell,181.14,0,-1
1406073602,CP,Tightened-Stop-Sell,197.35,0,-1
1406678400,V,Sell,210.72,0.9962137667343841,3291
1406764800,MA,Sell,76.31,0.9984941820670773,102
1406764801,V,Stop-Buy,213.93,0,-1
1406764802,V,Stop-Buy,213.93,0,-1
1406851201,MA,Stop-Buy,76.78,0,-1
1406851202,MA,Tightened-Stop-Buy,75.87,0,-1
1406851202,V,Stop-Buy,213.93,0,-1
1407110402,MA,Stop-Buy,75.87,0,-1
1407110402,V,Stop-Buy,213.93,0,-1
1407196800,AGN,Sell,213.33,1.0,88
1407196802,MA,Stop-Buy,75.87,0,-1
1407196802,V,Stop-Buy,213.93,0,-1
1407283201,AGN,Stop-Buy,213.53,0,-1
1407283202,MA,Tightened-Stop-Buy,75.55,0,-1
1407283202,V,Stop-Buy,213.93,0,-1
1407283202,AGN,Stop-Buy,213.53,0,-1
1407369602,V,Stop-Buy,213.93,0,-1
1407369602,AGN,Stop-Buy,213.53,0,-1
1407456002,V,Stop-Buy,213.93,0,-1
1407456002,AGN,Stop-Buy,213.53,0,-1
1407715202,V,Tightened-Stop-Buy,210.86,0,-1
1407715202,AGN,Stop-Buy,213.53,0,-1
1407801602,V,Tightened-Stop-Buy,210.13,0,-1
1407801602,AGN,Stop-Buy,213.53,0,-1
1407888002,AGN,Tightened-Stop-Buy,207.59,0,-1
1408320000,AGN,Buy,223.68,1.0,88
1408320000,URI,Buy,115.7,1.0,155
1408406401,URI,Stop-Sell,111.64,0,-1
1408406401,AGN,Stop-Sell,215.26,0,-1
1408406402,URI,Stop-Sell,111.64,0,-1
1408406402,AGN,Stop-Sell,215.26,0,-1
1408492800,CP,Buy,198.13,0.9966465984911583,148
1408492802,URI,Stop-Sell,111.64,0,-1
1408492802,AGN,Stop-Sell,215.26,0,-1
1408579201,CP,Stop-Sell,195.61,0,-1
1408579202,URI,Stop-Sell,111.64,0,-1
1408579202,CP,Stop-Sell,195.61,0,-1
1408579202,AGN,Stop-Sell,215.26,0,-1
1408665600,V,Buy,216.6,0.9980984827476925,164
1408665602,URI,Stop-Sell,111.64,0,-1
1408665602,CP,Stop-Sell,195.61,0,-1
1408665602,AGN,Stop-Sell,215.26,0,-1
1408924801,V,Stop-Sell,214.54,0,-1
1408924802,V,Stop-Sell,214.54,0,-1
1408924802,URI,Stop-Sell,111.64,0,-1
1408924802,CP,Stop-Sell,195.61,0,-1
1408924802,AGN,Stop-Sell,215.26,0,-1
1409011202,V,Stop-Sell,214.54,0,-1
1409011202,URI,Stop-Sell,111.64,0,-1
1409011202,CP,Tightened-Stop-Sell,198.76,0,-1
1409011202,AGN,Stop-Sell,215.26,0,-1
1409097602,V,Stop-Sell,214.54,0,-1
1409097602,URI,Stop-Sell,111.64,0,-1
1409097602,AGN,Stop-Sell,215.26,0,-1
1409184002,URI,Tightened-Stop-Sell,116.24,0,-1
1409184002,AGN,Tightened-Stop-Sell,224.34,0,-1
1409270402,URI,Tightened-Stop-Sell,117.15,0,-1
1409270402,AGN,Stop-Sell,224.34,0,-1
1409616000,VRX,Buy,120.65,1.0,51
1409616002,URI,Tightened-Stop-Sell,117.95,0,-1
1409616002,AGN,Stop-Sell,224.34,0,-1
1409702401,VRX,Stop-Sell,116.28,0,-1
1409702402,VRX,Tightened-Stop-Sell,118.53,0,-1
1409702402,AGN,Tightened-Stop-Sell,227.93,0,-1
1409788802,AGN,Tightened-Stop-Sell,229.07,0,-1
1410480000,AMZN,Sell,326.41,1.0,3467
1410739200,NFLX,Sell,457.33,1.0,5
1410739201,AMZN,Stop-Buy,330.81,0,-1
1410739202,AMZN,Stop-Buy,330.81,0,-1
1410825601,NFLX,Stop-Buy,467.64,0,-1
1410825602,AMZN,Stop-Buy,330.81,0,-1
1410825602,NFLX,Stop-Buy,467.64,0,-1
1410912000,WHR,Buy,154.24,0.9958480956598759,202
1410912002,AMZN,Stop-Buy,330.81,0,-1
1410912002,NFLX,Stop-Buy,467.64,0,-1
1410998400,GOOGL,Buy,601.3,1.0,53
1410998401,WHR,Stop-Sell,151.19,0,-1
1410998402,WHR,Stop-Sell,151.19,0,-1
1410998402,AMZN,Stop-Buy,330.81,0,-1
1410998402,NFLX,Stop-Buy,467.64,0,-1
1411084801,GOOGL,Stop-Sell,593.8,0,-1
1411084802,WHR,Stop-Sell,151.19,0,-1
1411084802,NFLX,Stop-Buy,467.64,0,-1
1411084802,GOOGL,Stop-Sell,593.8,0,-1
1411344000,URI,Sell,114.37,1.0,173
1411344000,VRX,Sell,114.8,1.0,267
1411344002,WHR,Tightened-Stop-Sell,152.47,0,-1
1411344002,NFLX,Stop-Buy,467.64,0,-1
1411430401,VRX,Stop-Buy,118.88,0,-1
1411430401,URI,Stop-Buy,117.97,0,-1
1411430402,NFLX,Stop-Buy,467.64,0,-1
1411430402,VRX,Tightened-Stop-Buy,116.45,0,-1
1411430402,URI,Stop-Buy,117.97,0,-1
1411516800,VRX,Buy,125.89,1.0,4
1411516802,NFLX,Tightened-Stop-Buy,451.19,0,-1
1411516802,URI,Stop-Buy,117.97,0,-1
1411603200,WHR,Sell,149.46,0.9958480956598759,360
1411603201,VRX,Stop-Sell,121.1,0,-1
1411603202,VRX,Stop-Sell,121.1,0,-1
1411603202,URI,Stop-Buy,117.97,0,-1
1411689601,WHR,Stop-Buy,153.43,0,-1
1411689602,WHR,Stop-Buy,153.43,0,-1
1411689602,VRX,Stop-Sell,121.1,0,-1
1411689602,URI,Stop-Buy,117.97,0,-1
1411948802,WHR,Stop-Buy,153.43,0,-1
1411948802,VRX,Stop-Sell,121.1,0,-1
1411948802,URI,Tightened-Stop-Buy,113.02,0,-1
1412035200,NXPI,Sell,68.07,1.0,59
1412035200,GOOGL,Sell,580.49,1.0,3424
1412035202,WHR,Stop-Buy,153.43,0,-1
1412035202,VRX,Stop-Sell,121.1,0,-1
1412121600,GD,Sell,123.28,0.994990708572352,221
1412121601,NXPI,Stop-Buy,70.81,0,-1
1412121601,GOOGL,Stop-Buy,588.74,0,-1
1412121602,WHR,Stop-Buy,153.43,0,-1
1412121602,NXPI,Stop-Buy,70.81,0,-1
1412121602,VRX,Stop-Sell,121.1,0,-1
1412121602,GOOGL,Stop-Buy,588.74,0,-1
1412208001,GD,Stop-Buy,126.53,0,-1
1412208002,WHR,Stop-Buy,153.43,0,-1
1412208002,GD,Stop-Buy,126.53,0,-1
1412208002,NXPI,Stop-Buy,70.81,0,-1
1412208002,VRX,Tightened-Stop-Sell,126.49,0,-1
1412208002,GOOGL,Stop-Buy,588.74,0,-1
1412294402,WHR,Stop-Buy,153.43,0,-1
1412294402,GD,Stop-Buy,126.53,0,-1
1412294402,NXPI,Stop-Buy,70.81,0,-1
1412294402,VRX,Tightened-Stop-Sell,127.21,0,-1
1412294402,GOOGL,Tightened-Stop-Buy,586.88,0,-1
1412553600,ODFL,Sell,68.18,1.0,714
1412553602,WHR,Stop-Buy,153.43,0,-1
1412553602,GD,Stop-Buy,126.53,0,-1
1412553602,NXPI,Stop-Buy,70.81,0,-1
1412553602,VRX,Tightened-Stop-Sell,127.91,0,-1
1412640000,GOOGL,Sell,573.9,1.0,23
1412640001,ODFL,Stop-Buy,70.81,0,-1
1412640002,WHR,Stop-Buy,153.43,0,-1
1412640002,GD,Stop-Buy,126.53,0,-1
1412640002,NXPI,Stop-Buy,70.81,0,-1
1412640002,ODFL,Stop-Buy,70.81,0,-1
1412726401,GOOGL,Stop-Buy,579.5,0,-1
1412726402,WHR,Tightened-Stop-Buy,143.83,0,-1
1412726402,GD,Tightened-Stop-Buy,123.03,0,-1
1412726402,NXPI,Tightened-Stop-Buy,66.46,0,-1
1412726402,ODFL,Stop-Buy,70.81,0,-1
1412726402,GOOGL,Tightened-Stop-Buy,584.37,0,-1
1412812800,V,Sell,206.83,0.9980984827476925,120
1412812802,NXPI,Stop-Buy,66.46,0,-1
1412812802,ODFL,Stop-Buy,70.81,0,-1
1412812802,GOOGL,Stop-Buy,584.37,0,-1
1412899201,V,Stop-Buy,210.31,0,-1
1412899202,NXPI,Stop-Buy,66.46,0,-1
1412899202,ODFL,Stop-Buy,70.81,0,-1
1412899202,V,Stop-Buy,210.31,0,-1
1412899202,GOOGL,Stop-Buy,584.37,0,-1
1413158400,AGN,Sell,221.35,1.0,11
1413158402,NXPI,Stop-Buy,66.46,0,-1
1413158402,ODFL,Stop-Buy,70.81,0,-1
1413158402,V,Stop-Buy,210.31,0,-1
1413158402,GOOGL,Stop-Buy,584.37,0,-1
1413244800,CF,Sell,248.38,0.9944004778258922,539
1413244801,AGN,Stop-Buy,229.63,0,-1
1413244802,NXPI,Stop-Buy,66.46,0,-1
1413244802,ODFL,Stop-Buy,70.81,0,-1
1413244802,V,Tightened-Stop-Buy,204.65,0,-1
1413244802,GOOGL,Stop-Buy,584.37,0,-1
1413244802,AGN,Stop-Buy,229.63,0,-1
1413331200,GOOGL,Buy-Market,-1.0,0,-1
1413331201,CF,Stop-Buy,251.38,0,-1
1413331202,NXPI,Tightened-Stop-Buy,58.91,0,-1
1413331202,ODFL,Tightened-Stop-Buy,65.43,0,-1
1413331202,V,Stop-Buy,204.65,0,-1
1413331202,CF,Stop-Buy,251.38,0,-1
1413331202,AGN,Stop-Buy,229.63,0,-1
1413417602,V,Tightened-Stop-Buy,203.24,0,-1
1413417602,AGN,Stop-Buy,229.63,0,-1
1413849600,WHR,Buy,154.94,0.9958480956598759,660
1413936001,WHR,Stop-Sell,152.36,0,-1
1413936002,WHR,Stop-Sell,152.36,0,-1
1414022400,UNP,Buy,112.87,0.995736334953526,17
1414022400,GD,Buy,131.09,1.0,92
1414022402,WHR,Stop-Sell,152.36,0,-1
1414108800,GILD,Buy,112.15,1.0,4
1414108801,GD,Stop-Sell,127.59,0,-1
1414108801,UNP,Stop-Sell,110.37,0,-1
1414108802,WHR,Stop-Sell,152.36,0,-1
1414108802,GD,Stop-Sell,127.59,0,-1
1414108802,UNP,Stop-Sell,110.37,0,-1
1414368000,GILD,Sell-Market,-1.0,0,-1
1414368001,GILD,Stop-Sell,108.59,0,-1
1414368002,WHR,Stop-Sell,152.36,0,-1
1414368002,GD,Stop-Sell,127.59,0,-1
1414368002,UNP,Stop-Sell,110.37,0,-1
1414454400,IWM,Buy,111.95,0.9962978831839567,0
1414454402,WHR,Stop-Sell,152.36,0,-1
1414454402,GD,Stop-Sell,127.59,0,-1
1414454402,UNP,Stop-Sell,110.37,0,-1
1414540801,IWM,Stop-Sell,110.1,0,-1
1414540802,WHR,Stop-Sell,152.36,0,-1
1414540802,GD,Stop-Sell,127.59,0,-1
1414540802,UNP,Stop-Sell,110.37,0,-1
1414540802,IWM,Stop-Sell,110.1,0,-1
1414627202,WHR,Stop-Sell,152.36,0,-1
1414627202,GD,Stop-Sell,127.59,0,-1
1414627202,UNP,Stop-Sell,110.37,0,-1
1414627202,IWM,Stop-Sell,110.1,0,-1
1414713602,WHR,Stop-Sell,152.36,0,-1
1414713602,GD,Stop-Sell,127.59,0,-1
1414713602,UNP,Stop-Sell,110.37,0,-1
1414713602,IWM,Stop-Sell,110.1,0,-1
1414972802,WHR,Tightened-Stop-Sell,170.35,0,-1
1414972802,GD,Stop-Sell,127.59,0,-1
1414972802,UNP,Stop-Sell,110.37,0,-1
1414972802,IWM,Stop-Sell,110.1,0,-1
1415059202,GD,Tightened-Stop-Sell,139.15,0,-1
1415059202,UNP,Tightened-Stop-Sell,114.24,0,-1
1415059202,IWM,Tightened-Stop-Sell,114.89,0,-1
1415145602,GD,Tightened-Stop-Sell,140.64,0,-1
1415145602,UNP,Tightened-Stop-Sell,115.03,0,-1
1415145602,IWM,Stop-Sell,114.89,0,-1
1415232002,GD,Tightened-Stop-Sell,141.06,0,-1
1415232002,UNP,Tightened-Stop-Sell,115.85,0,-1
1415232002,IWM,Tightened-Stop-Sell,115.05,0,-1
1415318402,UNP,Tightened-Stop-Sell,117.75,0,-1
1415318402,IWM,Tightened-Stop-Sell,115.46,0,-1
1415577602,UNP,Tightened-Stop-Sell,118.29,0,-1
1415577602,IWM,Tightened-Stop-Sell,115.75,0,-1
1415664002,UNP,Tightened-Stop-Sell,120.02,0,-1
1415664002,IWM,Tightened-Stop-Sell,116.19,0,-1
1415750402,IWM,Tightened-Stop-Sell,115.76,0,-1
1415836802,IWM,Tightened-Stop-Sell,115.97,0,-1
1416355200,NFLX,Sell,362.46,1.0,4
1416441601,NFLX,Stop-Buy,373.15,0,-1
1416441602,NFLX,Stop-Buy,373.15,0,-1
1418342400,GD,Sell,137.14,1.0,52
1418601600,NXPI,Sell,71.23,1.0,167
1418601601,GD,Stop-Buy,139.81,0,-1
1418601602,GD,Stop-Buy,139.81,0,-1
1418688000,WHR,Sell,173.82,1.0,22
1418688001,NXPI,Stop-Buy,74.86,0,-1
1418688002,GD,Stop-Buy,139.81,0,-1
1418688002,NXPI,Stop-Buy,74.86,0,-1
1418774401,WHR,Stop-Buy,177.52,0,-1
1418774402,WHR,Stop-Buy,177.52,0,-1
1418774402,GD,Stop-Buy,139.81,0,-1
