Ticker,Date,Open,High,Low,Close,Volume
GOOGL,01/02/2009,154.45,161.07,152.9,160.82,7213700
GOOGL,01/05/2009,160.66,165.78,157.65,164.18,9768200
GOOGL,01/06/2009,166.65,170.57,163.35,167.19,12837500
GOOGL,01/07/2009,164.32,165.62,159.53,161.16,8980000
GOOGL,01/08/2009,159.29,162.75,158.82,162.75,7194100
GOOGL,01/09/2009,163.91,163.91,156.85,157.69,8672300
GOOGL,01/12/2009,158.31,159.63,155.27,156.5,6601900
GOOGL,01/13/2009,156.04,160.46,155.35,157.31,8856100
GOOGL,01/14/2009,155.15,157.05,149.02,150.63,10924800
GOOGL,01/15/2009,148.93,151.94,143.53,149.64,11857100
GOOGL,01/16/2009,152.66,154.27,147.99,149.98,10438300
GOOGL,01/20/2009,149.71,149.9,141.51,141.51,10086300
GOOGL,01/21/2009,144.31,151.9,144.31,151.69,9839100
GOOGL,01/22/2009,149.16,154.82,147.72,153.4,16517400
GOOGL,01/23/2009,154.78,166.14,152.26,162.51,21444100
GOOGL,01/26/2009,162.58,164.16,160.44,162.09,9212100
GOOGL,01/27/2009,163.38,167.1,162.29,165.9,9844700
GOOGL,01/28/2009,169.15,176.34,168.32,174.5,15367400
GOOGL,01/29/2009,172.44,172.69,170.22,171.83,14553000
GOOGL,01/30/2009,172.51,174.57,168.16,169.43,9334600
GOOGL,02/02/2009,167.31,172.67,166.16,170.45,10403300
GOOGL,02/03/2009,171.45,171.67,167.08,170.39,13099800
GOOGL,02/04/2009,170.2,177.39,169.75,171.67,13621100
GOOGL,02/05/2009,170.62,177.86,168.66,177.03,14514200
GOOGL,02/06/2009,178.4,187.09,177.89,185.82,14062100
GOOGL,02/09/2009,185.82,190.68,183.83,189.57,9944600
GOOGL,02/10/2009,188.17,188.93,179.12,179.43,14193100
GOOGL,02/11/2009,179.65,182.68,176.67,179.19,10452700
GOOGL,02/12/2009,176.75,181.99,175.91,181.7,11089400
GOOGL,02/13/2009,181.27,181.67,177.79,179.01,8285100
GOOGL,02/17/2009,173.42,173.71,170.01,171.5,11349400
GOOGL,02/18/2009,173.79,176.86,170.42,176.73,12036900
GOOGL,02/19/2009,178.91,180.07,170.87,171.49,9967400
GOOGL,02/20/2009,169.19,174.63,167.66,173.39,12421700
GOOGL,02/23/2009,173.67,175.07,164.93,165.19,10431700
GOOGL,02/24/2009,165.67,174.98,165.61,172.89,12179600
GOOGL,02/25/2009,171.24,176.32,169.62,170.99,12865300
GOOGL,02/26/2009,173.15,176.42,168.74,168.75,11199900
GOOGL,02/27/2009,166.64,172.08,165.72,169.16,10829100
GOOGL,03/02/2009,166.83,170.52,163.16,163.74,11565400
GOOGL,03/03/2009,165.19,167.01,161.33,162.9,13036500
GOOGL,03/04/2009,161.74,164.66,157.84,159.61,15621100
GOOGL,03/05/2009,158.39,159.69,151.47,152.97,13046700
GOOGL,03/06/2009,153.76,155.25,147.27,154.43,14453900
GOOGL,03/09/2009,150.14,153.43,144.87,145.59,12929600
GOOGL,03/10/2009,149.27,155.4,147.27,154.23,13446900
GOOGL,03/11/2009,155.2,160.16,153,159.11,11835300
GOOGL,03/12/2009,158.92,162.66,156.98,161.92,10038100
GOOGL,03/13/2009,163.21,163.89,159.67,162.37,7804900
GOOGL,03/16/2009,163.15,165.02,159.45,160,9883700
GOOGL,03/17/2009,160.25,167.83,159.7,167.83,9415500
GOOGL,03/18/2009,167.57,170.16,164.18,166.71,10014300
GOOGL,03/19/2009,166,168.16,163.85,165.13,8214100
GOOGL,03/20/2009,165.31,166.66,163.33,165.24,9466300
GOOGL,03/23/2009,166.94,174.89,166.68,174.47,8534400
GOOGL,03/24/2009,173.42,177.09,172.17,173.75,7632300
GOOGL,03/25/2009,175.37,175.84,168.29,172.2,8663900
GOOGL,03/26/2009,176.74,179.75,174.42,176.82,11994500
GOOGL,03/27/2009,175.17,176.17,172.9,174.02,6638900
GOOGL,03/30/2009,171.44,172.07,168.19,171.51,6182000
GOOGL,03/31/2009,174.63,176.93,173.26,174.2,7303200
GOOGL,04/01/2009,172.06,177.79,170.47,177.22,6595700
GOOGL,04/02/2009,181.83,185.06,180.33,181.43,8967000
GOOGL,04/03/2009,182.43,186.04,179.17,185.07,7572000
GOOGL,04/06/2009,183.68,185.09,180.88,184.3,6554000
GOOGL,04/07/2009,181.48,182.05,177.83,179.5,7352800
GOOGL,04/08/2009,181.93,182.68,178.28,181.18,5524800
GOOGL,04/09/2009,184.93,187.36,183.3,186.43,6758400
GOOGL,04/13/2009,185.84,189.73,185.33,189.24,6094000
GOOGL,04/14/2009,188.65,188.68,182.98,184.63,6850300
GOOGL,04/15/2009,183.73,190.71,182.26,189.93,9851500
GOOGL,04/16/2009,190.93,196.64,190.69,194.56,20349800
GOOGL,04/17/2009,193.2,200.1,192.59,196.31,21440100
GOOGL,04/20/2009,193.26,195.51,188.13,189.83,8848900
GOOGL,04/21/2009,188.27,192.34,188.23,190.92,7383400
GOOGL,04/22/2009,191.06,195.19,189.69,192.12,6996500
GOOGL,04/23/2009,193.94,195.06,190.74,192.53,5212700
GOOGL,04/24/2009,193.21,196.78,190.43,194.93,6764000
GOOGL,04/27/2009,192.36,194.93,191.56,193.16,4576600
GOOGL,04/28/2009,192.06,194.71,190.95,192.04,5881300
GOOGL,04/29/2009,193.17,197.68,193.1,195.92,7212700
GOOGL,04/30/2009,198.07,202.07,197.59,198.18,8702600
GOOGL,05/01/2009,197.71,198.99,195.96,197.04,4850500
GOOGL,05/04/2009,199.28,201.39,197.59,201.18,6399500
GOOGL,05/05/2009,200.18,202.7,198.82,201.69,4796700
GOOGL,05/06/2009,203.59,204.34,200.69,201.93,5260500
GOOGL,05/07/2009,202.25,202.69,196.44,198.5,5993600
GOOGL,05/08/2009,201.62,205.26,197.69,203.86,7722400
GOOGL,05/11/2009,201.6,206.2,200.79,204.19,5113400
GOOGL,05/12/2009,205.2,205.69,197.75,199.7,7574000
GOOGL,05/13/2009,197.24,198.39,194.36,194.96,5679900
GOOGL,05/14/2009,194.59,196.3,192.53,193.94,5868100
GOOGL,05/15/2009,195.74,197.25,194.73,195.19,6011300
GOOGL,05/18/2009,197.56,198.85,192.89,198.61,6696600
GOOGL,05/19/2009,198.24,201.01,196.69,199.63,5669300
GOOGL,05/20/2009,201.24,203.03,197.69,198.78,4563400
GOOGL,05/21/2009,198.34,201.62,197.11,198.44,5434100
GOOGL,05/22/2009,198.52,199.52,196.19,196.94,3433700
GOOGL,05/26/2009,196.16,202.7,195.19,202.38,6202700
GOOGL,05/27/2009,203.02,206.13,202.6,202.98,6062500
GOOGL,05/28/2009,204.54,206.01,202.5,205.4,5332200
GOOGL,05/29/2009,206.25,208.82,205.55,208.82,5291100
GOOGL,06/01/2009,209.57,215.01,209.47,213.49,6638100
GOOGL,06/02/2009,213.33,215.19,211.91,214.41,5241900
GOOGL,06/03/2009,213.21,216.44,212.21,216.03,7058500
GOOGL,06/04/2009,217.86,220.83,217.46,220.35,7268900
GOOGL,06/05/2009,222.75,223.89,219.94,222.38,7354200
GOOGL,06/08/2009,219.96,220.67,217.27,219.6,6191200
GOOGL,06/09/2009,219.5,220.46,216.09,218.02,6503200
GOOGL,06/10/2009,218.33,219.16,213.54,216.51,6711000
GOOGL,06/11/2009,216.09,217.08,214.39,214.71,5724600
GOOGL,06/12/2009,213.64,214.06,210.81,212.63,5830900
GOOGL,06/15/2009,210.95,210.95,207.2,208.59,7466300
GOOGL,06/16/2009,209.86,210.75,207.91,208.2,6093300
GOOGL,06/17/2009,208.3,210.06,205.98,207.78,6973200
GOOGL,06/18/2009,208.04,209.55,206.7,207.23,6164200
GOOGL,06/19/2009,209.31,210.43,207.49,210.25,8509600
GOOGL,06/22/2009,208.68,208.95,201.14,203.87,8240500
GOOGL,06/23/2009,203.52,204.69,201.47,203.04,5793400
GOOGL,06/24/2009,204.57,206.31,203.48,204.84,4910600
GOOGL,06/25/2009,203.7,208.15,203.45,208.09,6082900
GOOGL,06/26/2009,207.04,214.32,206.76,212.87,6506800
GOOGL,06/29/2009,213.21,214.11,211.32,212.28,4334200
GOOGL,06/30/2009,212.21,213.81,209.31,211,5182600
GOOGL,07/01/2009,212.31,213.41,209.28,209.7,4616900
GOOGL,07/02/2009,207.91,207.91,203.6,204.44,5030100
GOOGL,07/06/2009,203.45,205.52,201.02,205,4520600
GOOGL,07/07/2009,204.32,204.79,198.18,198.51,6512000
GOOGL,07/08/2009,200.19,203.2,199.22,201.44,6875500
GOOGL,07/09/2009,203.26,207.43,203.1,205.39,6544600
GOOGL,07/10/2009,204.99,208.89,204.55,207.4,5847300
GOOGL,07/13/2009,208.29,212.47,207.79,212.36,8083300
GOOGL,07/14/2009,212.06,213.57,210.64,212.55,5785800
GOOGL,07/15/2009,215.04,219.55,214.45,219.3,7546400
GOOGL,07/16/2009,218.55,223.09,217.26,221.51,13095800
GOOGL,07/17/2009,216.71,217.95,213.56,215.33,13694400
GOOGL,07/20/2009,215.15,216.63,213.33,215.29,6300600
GOOGL,07/21/2009,215.68,216.16,213.07,214.16,5930400
GOOGL,07/22/2009,214.21,215.31,211.96,214.05,5168200
GOOGL,07/23/2009,214.55,220.82,212.96,218.88,6949400
GOOGL,07/24/2009,218.12,225.46,217.71,223.58,7246500
GOOGL,07/27/2009,223.24,223.59,219.02,222.62,5003700
GOOGL,07/28/2009,220.71,221.62,218.26,220.14,5059900
GOOGL,07/29/2009,218.83,219.11,216.15,218.33,3970000
GOOGL,07/30/2009,221.52,225.95,221.52,223.04,6390800
GOOGL,07/31/2009,225.21,226.57,221.43,221.74,5715000
GOOGL,08/03/2009,224.59,227.17,224.04,226.32,5175400
GOOGL,08/04/2009,224.9,227.22,224.43,227.08,4774800
GOOGL,08/05/2009,228.22,228.68,224.16,225.79,4679300
GOOGL,08/06/2009,227.37,227.66,224.48,225.4,4217500
GOOGL,08/07/2009,228.06,229.93,227.72,228.77,5081100
GOOGL,08/10/2009,227.79,229.43,227.11,228.53,3480500
GOOGL,08/11/2009,227.05,228.84,226.41,227.19,3421500
GOOGL,08/12/2009,227.93,231.1,227.68,229.51,4678100
GOOGL,08/13/2009,231.3,232.59,229.68,231.36,3986400
GOOGL,08/14/2009,231.61,231.81,228.67,230.22,3346800
GOOGL,08/17/2009,225.97,226.21,221.77,222.66,5235100
GOOGL,08/18/2009,222.77,224.07,221.37,222.86,4697400
GOOGL,08/19/2009,220.21,222.72,219.49,222.2,4505400
GOOGL,08/20/2009,226.22,231.31,225.83,230.43,7989800
GOOGL,08/21/2009,233,233.27,231.55,232.85,7113800
GOOGL,08/24/2009,233.9,235.27,232.44,234.59,4901800
GOOGL,08/25/2009,234.79,237.4,234.59,235.91,4677300
GOOGL,08/26/2009,236.61,236.73,233.58,234.23,3971600
GOOGL,08/27/2009,234.52,234.52,230.59,233.26,3993800
GOOGL,08/28/2009,234.86,236.41,231.91,232.6,3539600
GOOGL,08/31/2009,230.12,231.15,229.22,231.06,3911800
GOOGL,09/01/2009,230.06,233.64,227.43,228.1,5184600
GOOGL,09/02/2009,228.13,229.39,226.51,226.72,3605900
GOOGL,09/03/2009,228.13,229.35,227.72,228.98,3289100
GOOGL,09/04/2009,229.01,231.52,228.11,230.87,2995400
GOOGL,09/08/2009,232.37,233.72,228.14,229.53,5308000
GOOGL,09/09/2009,229.75,233.36,229.62,232.21,4386400
GOOGL,09/10/2009,233.55,235.7,231.22,235.7,5064100
GOOGL,09/11/2009,235.43,236.88,234.04,236.3,3801900
GOOGL,09/14/2009,235.48,238.63,235.25,237.79,3947400
GOOGL,09/15/2009,237.77,239.69,236.58,239,4791400
GOOGL,09/16/2009,240.13,244.92,239.47,244.38,5165400
GOOGL,09/17/2009,245.52,248.93,243.81,246.1,8957200
GOOGL,09/18/2009,248.63,248.73,245.85,245.97,6560400
GOOGL,09/21/2009,244.11,249.69,243.35,248.74,4228500
GOOGL,09/22/2009,250.7,251.24,249.15,249.77,6076300
GOOGL,09/23/2009,250.63,253.75,249.1,249.47,5402900
GOOGL,09/24/2009,250.48,250.95,246.74,248.63,5050100
GOOGL,09/25/2009,247.38,250.21,246.24,246.48,4095100
GOOGL,09/28/2009,247.66,250.99,246.89,249.51,3674900
GOOGL,09/29/2009,250.01,250.12,246.74,249.51,4194200
GOOGL,09/30/2009,250.24,250.31,243.86,248.17,6277100
GOOGL,10/01/2009,246.74,248.48,243.74,243.84,5620700
GOOGL,10/02/2009,242.1,246.11,241.53,242.52,5196300
GOOGL,10/05/2009,244.06,246.45,241.9,244.5,4284900
GOOGL,10/06/2009,246.09,249.93,246.09,249.61,5459100
GOOGL,10/07/2009,249.74,259.75,249.15,259.02,9738600
GOOGL,10/08/2009,260.04,261.88,256.92,257.34,8598900
GOOGL,10/09/2009,258.58,261.01,257.5,258.38,5470700
GOOGL,10/12/2009,261.96,263.13,259.91,262.27,6637700
GOOGL,10/13/2009,262.45,263.99,260.94,263.31,6068700
GOOGL,10/14/2009,266.49,268.05,265.26,267.92,6510200
GOOGL,10/15/2009,267.13,268.71,263.89,265.21,12188500
GOOGL,10/16/2009,273.93,277.64,272.53,275.19,17666100
GOOGL,10/19/2009,276.61,277.07,274.63,276.31,6429300
GOOGL,10/20/2009,276.09,276.74,270.61,276.13,8079300
GOOGL,10/21/2009,275.22,279.95,274.77,275.82,7333800
GOOGL,10/22/2009,275.27,277.77,274.27,277.31,4668300
GOOGL,10/23/2009,277.89,279.22,275.87,277.11,4780600
GOOGL,10/26/2009,278.14,281.09,275.71,277.37,5934800
GOOGL,10/27/2009,275.75,277.55,272.34,274.41,6426500
GOOGL,10/28/2009,274.2,275.27,269.39,270.41,5130400
GOOGL,10/29/2009,271.77,276.18,270.76,275.79,5040100
GOOGL,10/30/2009,275.27,275.35,267.38,268.32,6930000
GOOGL,11/02/2009,268.8,269.99,264.38,267.25,6397700
GOOGL,11/03/2009,265.26,269.01,264.41,268.91,4755600
GOOGL,11/04/2009,270.66,273.01,268.47,270.43,4660700
GOOGL,11/05/2009,272.01,275.15,271.59,274.59,3691700
GOOGL,11/06/2009,274.13,276.16,273.01,275.82,3649700
GOOGL,11/09/2009,277.99,281.56,277.38,281.53,5294500
GOOGL,11/10/2009,281.64,284.67,281.27,283.65,4457100
GOOGL,11/11/2009,285.52,287.03,283.2,285.56,4634700
GOOGL,11/12/2009,285.06,286.73,283.02,284.2,3768800
GOOGL,11/13/2009,284.92,286.53,283.58,286.3,3330200
GOOGL,11/16/2009,287.78,288.77,286.67,288.42,4394000
GOOGL,11/17/2009,287.71,289.03,287.14,289.02,3829500
GOOGL,11/18/2009,288.6,289.67,286.31,288.6,3096100
GOOGL,11/19/2009,287.16,287.28,285.28,286.77,4331600
GOOGL,11/20/2009,285.03,286.08,284.98,285.26,4008300
GOOGL,11/23/2009,288.52,293.58,288.21,291.46,5089900
GOOGL,11/24/2009,291.53,292.43,288.55,291.83,3207100
GOOGL,11/25/2009,293.49,293.81,291.63,293.15,2919400
GOOGL,11/27/2009,286.28,291.51,285.76,290.16,2766400
GOOGL,11/30/2009,290.6,292.12,288.83,291.78,3446700
GOOGL,12/01/2009,294.35,295.9,291.78,295.22,4635900
GOOGL,12/02/2009,295.78,296.79,293.39,294.04,3323000
GOOGL,12/03/2009,294.81,296.01,292.78,293.15,2854500
GOOGL,12/04/2009,296.8,297.7,289.87,292.79,5022100
GOOGL,12/07/2009,292.4,294.63,290.78,293.41,3269100
GOOGL,12/08/2009,292.03,295.62,291.28,293.81,3044900
GOOGL,12/09/2009,294.03,294.95,292.07,294.8,3558400
GOOGL,12/10/2009,295.51,297.64,295.49,296.04,3333200
GOOGL,12/11/2009,297.63,297.66,294.15,295.54,3436500
GOOGL,12/14/2009,297.91,298.94,296.59,298.15,3822900
GOOGL,12/15/2009,296.94,298.48,295.78,296.86,4556200
GOOGL,12/16/2009,299.75,300.48,298.61,299.17,5613100
GOOGL,12/17/2009,298.51,299.11,297.17,297.26,5272300
GOOGL,12/18/2009,298.3,299.76,297.79,298.5,7055900
GOOGL,12/21/2009,299.26,300.21,298.12,299.63,5137200
GOOGL,12/22/2009,300.96,301.04,299.72,300.85,3757800
GOOGL,12/23/2009,302.04,306.73,301.72,306.14,4141200
GOOGL,12/24/2009,306.76,310.06,306.43,309.54,1715600
GOOGL,12/28/2009,311.13,313.3,309.54,311.74,3392400
GOOGL,12/29/2009,312.67,312.72,309.44,310,2846700
GOOGL,12/30/2009,309.55,311.67,309.3,311.67,2928200
GOOGL,12/31/2009,312.68,313,310.29,310.29,2437100
GOOGL,01/04/2010,313.78,315.06,312.42,313.68,3908400
GOOGL,01/05/2010,313.89,314.22,311.07,312.3,6003300
GOOGL,01/06/2010,313.23,313.23,303.47,304.42,7949400
GOOGL,01/07/2010,305,305.3,296.61,297.34,12815700
GOOGL,01/08/2010,296.29,301.92,294.84,301.3,9439100
GOOGL,01/11/2010,302.52,302.52,297.31,300.85,14411300
GOOGL,01/12/2010,299.33,299.37,294.28,295.53,9696800
GOOGL,01/13/2010,288.52,294.48,287.23,293.83,12980200
GOOGL,01/14/2010,292.23,297.39,291.69,295.21,8471700
GOOGL,01/15/2010,296.08,297.07,289.3,290.28,10858100
GOOGL,01/19/2010,291.03,295.5,288.42,294.09,8624700
GOOGL,01/20/2010,293.27,293.27,287.92,290.49,6494800
GOOGL,01/21/2010,292,293.69,286.4,291.77,12602700
GOOGL,01/22/2010,282.52,285.58,267.69,275.27,13587100
GOOGL,01/25/2010,273.56,275.21,268.01,270.26,8830900
GOOGL,01/26/2010,269.25,275.07,268.4,271.47,8702200
GOOGL,01/27/2010,270.9,274.09,267.91,271.31,7920800
GOOGL,01/28/2010,272.51,273.77,265.56,267.4,6451700
GOOGL,01/29/2010,269.51,270.76,263.06,265.23,8272700
GOOGL,02/01/2010,267.56,268.16,265.41,266.77,4497000
GOOGL,02/02/2010,267.74,267.74,264.06,265.82,8184200
GOOGL,02/03/2010,264.59,271.31,264.37,270.67,5992200
GOOGL,02/04/2010,268.76,269.26,263.03,263.65,6748600
GOOGL,02/05/2010,264.46,267.01,261.48,265.9,6305600
GOOGL,02/08/2010,266.51,271.26,266.02,266.99,5383200
GOOGL,02/09/2010,270.03,271.03,267.79,268.48,5633500
GOOGL,02/10/2010,267.29,269.16,264.1,267.48,5343600
GOOGL,02/11/2010,266.38,270.51,265.01,268.46,4815100
GOOGL,02/12/2010,266.74,268.84,265.51,266.82,4554800
GOOGL,02/16/2010,268.83,272.33,267.41,270.91,7301400
GOOGL,02/17/2010,271.26,271.96,269.07,269.37,4055300
GOOGL,02/18/2010,269.03,272.77,268.33,271.87,4669100
GOOGL,02/19/2010,270.76,272.28,270.11,270.64,5101000
GOOGL,02/22/2010,273.94,274.02,270.76,271.66,4284900
GOOGL,02/23/2010,271.76,272.08,266.4,267.79,5739400
GOOGL,02/24/2010,267.45,269.48,265.51,265.99,4648500
GOOGL,02/25/2010,263.82,264.5,260.25,263.47,6611700
GOOGL,02/26/2010,263.97,266.13,261.99,263.66,4094500
GOOGL,03/01/2010,264.86,266.9,264.13,266.6,4471300
GOOGL,03/02/2010,268,273.09,267.76,270.79,8704800
GOOGL,03/03/2010,271.44,274.33,269.89,272.92,6172600
GOOGL,03/04/2010,273.51,278.33,273.36,277.56,6361200
GOOGL,03/05/2010,280.95,284.11,280.22,282.38,7816500
GOOGL,03/08/2010,282.66,282.86,280.78,281.51,4768000
GOOGL,03/09/2010,280.2,282.6,278.52,280.37,6346800
GOOGL,03/10/2010,282.15,289.53,281.38,288.5,11298400
GOOGL,03/11/2010,287.41,293.39,287.38,290.85,8458100
GOOGL,03/12/2010,294.35,294.43,289.86,290.05,5501200
GOOGL,03/15/2010,283.61,285,278.27,281.86,9298400
GOOGL,03/16/2010,281.19,284.49,280.65,282.87,6856100
GOOGL,03/17/2010,284.43,286,282.4,283.05,6636500
GOOGL,03/18/2010,282.63,284.5,281.75,283.47,3550800
GOOGL,03/19/2010,283.39,284.28,278.91,280.27,9578800
GOOGL,03/22/2010,278.32,283.7,277.41,279.02,8001500
GOOGL,03/23/2010,278.79,279.43,271.26,274.77,10991500
GOOGL,03/24/2010,273.02,280.2,270.11,278.94,13117200
GOOGL,03/25/2010,279.78,286.28,279.6,281.71,7853900
GOOGL,03/26/2010,282.91,283.97,280.28,281.62,5387000
GOOGL,03/29/2010,281.77,282.63,280.56,281.5,6202700
GOOGL,03/30/2010,281.69,284.09,280.41,283.63,3951800
GOOGL,03/31/2010,282.8,285.15,281.68,283.83,6055500
GOOGL,04/01/2010,285.95,287,283.05,284.68,4201100
GOOGL,04/05/2010,285.73,287.72,284.78,285.78,3799100
GOOGL,04/06/2010,285.01,285.72,282.97,284.39,4116000
GOOGL,04/07/2010,283.92,284.65,281.2,282.04,5156800
GOOGL,04/08/2010,281.93,285.2,280.3,284.02,3891100
GOOGL,04/09/2010,284.28,284.66,282.27,283.38,4109000
GOOGL,04/12/2010,283.95,287.28,283.38,286.64,4700000
GOOGL,04/13/2010,286.54,294.73,285.84,293.67,7816700
GOOGL,04/14/2010,295.32,296.46,292.29,294.79,6798500
GOOGL,04/15/2010,296.37,299.21,294.43,297.94,13510000
GOOGL,04/16/2010,281.77,284.68,275.08,275.34,24446500
GOOGL,04/19/2010,274.64,277.26,272.76,275.32,7780200
GOOGL,04/20/2010,277.35,280.1,275.8,277.79,5948800
GOOGL,04/21/2010,278.5,280.4,276.35,277.42,4778200
GOOGL,04/22/2010,276.27,276.52,271.94,273.8,6554800
GOOGL,04/23/2010,273.89,274.93,271.4,272.76,4174600
GOOGL,04/26/2010,272.75,272.76,264.86,266.08,8728800
GOOGL,04/27/2010,264.73,269.43,263.87,264.79,7681700
GOOGL,04/28/2010,266.31,267.67,260.77,264.85,6805300
GOOGL,04/29/2010,266.94,268.51,263.59,266.26,6111600
GOOGL,04/30/2010,265.82,269.1,262.97,263.1,4865900
GOOGL,05/03/2010,263.51,266.72,262.79,265.56,3711800
GOOGL,05/04/2010,263.52,263.63,252.35,253.43,12140400
GOOGL,05/05/2010,250.73,258.11,250.48,255.13,9155200
GOOGL,05/06/2010,254.62,259.01,230.22,249.58,9990100
GOOGL,05/07/2010,250.23,252.9,240.9,246.81,10167800
GOOGL,05/10/2010,257.23,261.66,256.55,261.08,8247700
GOOGL,05/11/2010,258.08,260.19,254.36,254.77,6638500
GOOGL,05/12/2010,256.27,256.27,251.24,252.94,7695800
GOOGL,05/13/2010,258.5,261.25,255.43,255.69,6644900
GOOGL,05/14/2010,255.13,255.74,248.37,254.01,8223700
GOOGL,05/17/2010,253.64,254.43,249.42,254.23,5582000
GOOGL,05/18/2010,255.25,255.73,248.78,249.43,5645300
GOOGL,05/19/2010,248.37,249.96,244.11,247.45,6884500
GOOGL,05/20/2010,242.77,243.03,237.13,237.74,9816700
GOOGL,05/21/2010,234.76,242.74,232.43,236.25,19362200
GOOGL,05/24/2010,240.6,245.13,238.63,238.81,8682500
GOOGL,05/25/2010,234.3,238.96,232.23,238.77,6028700
GOOGL,05/26/2010,241.27,245.12,237.73,237.97,6944200
GOOGL,05/27/2010,242.66,246.39,240.76,245.47,5612500
GOOGL,05/28/2010,246.61,246.96,241.73,243.05,5783800
GOOGL,06/01/2010,240.45,245.77,240.29,241.42,5328200
GOOGL,06/02/2010,243.58,247.17,240.96,246.92,5076500
GOOGL,06/03/2010,247.79,254.25,247.59,253.04,7294000
GOOGL,06/04/2010,250.1,254.87,248.59,249.6,7832700
GOOGL,06/07/2010,249.77,250.7,241.81,243,7258100
GOOGL,06/08/2010,244.16,244.66,239,242.62,5364800
GOOGL,06/09/2010,243.85,244.68,236.23,237.24,5452500
GOOGL,06/10/2010,240.42,244.49,238.15,243.74,5150600
GOOGL,06/11/2010,241.48,244.59,241.04,244.49,3559800
GOOGL,06/14/2010,247.48,247.49,241.83,241.83,4076700
GOOGL,06/15/2010,241.77,250.44,241.32,249.24,8510600
GOOGL,06/16/2010,248.33,252.24,248.3,250.88,4574000
GOOGL,06/17/2010,251.97,253.18,248.59,250.28,3950600
GOOGL,06/18/2010,251.5,251.98,249.31,250.26,5740000
GOOGL,06/21/2010,250.19,250.73,242.68,244.52,5961000
GOOGL,06/22/2010,245.19,248.54,243.1,243.36,4434900
GOOGL,06/23/2010,243.68,243.68,239.31,241.26,4054100
GOOGL,06/24/2010,240.06,241.61,236.86,237.78,3783400
GOOGL,06/25/2010,238.76,239.06,235.51,236.57,4485900
GOOGL,06/28/2010,236.52,239.01,234.73,236.27,3521000
GOOGL,06/29/2010,231.94,232.5,225.78,227.35,6997100
GOOGL,06/30/2010,227.7,229.14,222.58,222.69,7199100
GOOGL,07/01/2010,222.86,224.42,217.03,219.96,7020100
GOOGL,07/02/2010,221.02,221.35,218.21,218.49,3868100
GOOGL,07/06/2010,222.22,224.05,217.03,218.25,5115000
GOOGL,07/07/2010,219.37,225.86,217.9,225.32,6253100
GOOGL,07/08/2010,226.99,228.89,225.05,228.5,5332400
GOOGL,07/09/2010,236.21,236.86,231.61,233.97,8654300
GOOGL,07/12/2010,236.41,239.95,235.77,238.15,6662100
GOOGL,07/13/2010,241.36,246.73,240.37,244.84,7944600
GOOGL,07/14/2010,245.18,247.15,243.47,245.91,6229700
GOOGL,07/15/2010,246.1,247.59,241.57,247.25,9706600
GOOGL,07/16/2010,234.79,235.51,229.98,230.03,15633900
GOOGL,07/19/2010,230.73,235.05,228.98,233.32,9091400
GOOGL,07/20/2010,230.74,241.73,230.52,241.03,8100800
GOOGL,07/21/2010,242.23,243.09,237.95,238.98,6552600
GOOGL,07/22/2010,241.85,244.73,241.47,242.64,4291100
GOOGL,07/23/2010,240.62,245.53,240.24,245.27,4524200
GOOGL,07/26/2010,244.78,245.61,242.67,244.72,3986400
GOOGL,07/27/2010,245.53,248.99,245.32,246.55,4897400
GOOGL,07/28/2010,247.71,247.86,241.57,242.41,4987000
GOOGL,07/29/2010,243.21,244.68,239.9,242.73,5345600
GOOGL,07/30/2010,240.06,243.92,239.8,242.66,4283900
GOOGL,08/02/2010,244.73,246.88,243.71,245.44,3713600
GOOGL,08/03/2010,245.49,246.47,243.62,245.15,3600900
GOOGL,08/04/2010,246.33,253.75,245.76,253.41,7617300
GOOGL,08/05/2010,253.19,254.55,252.02,254.3,4835900
GOOGL,08/06/2010,252.94,253.12,248.27,250.35,6632300
GOOGL,08/09/2010,251.37,252.99,250.92,252.92,3740600
GOOGL,08/10/2010,251.42,253.25,249.53,252.1,4143800
GOOGL,08/11/2010,249.11,249.24,245.99,246.11,4441500
GOOGL,08/12/2010,242.2,247.61,241.49,246.24,4404700
GOOGL,08/13/2010,244.74,245.83,243.24,243.41,3865500
GOOGL,08/16/2010,242.07,245.17,240.48,243.03,2607300
GOOGL,08/17/2010,244.5,247.59,243.25,245.5,3777600
GOOGL,08/18/2010,245.46,245.67,241.01,241.31,5367400
GOOGL,08/19/2010,240.74,241.49,233.85,234.21,7842100
GOOGL,08/20/2010,234.21,236.02,230.73,231.23,7827300
GOOGL,08/23/2010,230.97,234.35,229.09,232.26,5966400
GOOGL,08/24/2010,229.07,229.41,225.68,225.91,5519800
GOOGL,08/25/2010,225.22,229.13,225.22,227.53,5179000
GOOGL,08/26/2010,228.25,228.85,225.44,225.71,3550400
GOOGL,08/27/2010,226.5,230.22,224.04,229.64,4620100
GOOGL,08/30/2010,229.8,230.1,226.43,226.56,2460300
GOOGL,08/31/2010,225.27,227.66,224.22,225.23,3889700
GOOGL,09/01/2010,227.71,232.7,226.47,230.39,6450100
GOOGL,09/02/2010,231.64,232.44,230.38,231.81,3365000
GOOGL,09/03/2010,235.49,236.17,233.95,235.38,5075700
GOOGL,09/07/2010,232.48,234.02,231.73,232.43,3416300
GOOGL,09/08/2010,232.82,236.48,232.48,235.52,4798700
GOOGL,09/09/2010,239.15,240.43,235.52,238.32,4856300
GOOGL,09/10/2010,239.74,240.13,237.77,238.3,3944600
GOOGL,09/13/2010,240.68,242.41,240,241.37,4478500
GOOGL,09/14/2010,241.24,242.61,240.27,240.45,4428500
GOOGL,09/15/2010,240.21,241.18,239.48,240.55,4800700
GOOGL,09/16/2010,240.21,241.46,239.94,240.76,3935000
GOOGL,09/17/2010,242.11,245.84,240.82,245.31,11271900
GOOGL,09/20/2010,246.49,255.45,246.27,254.39,8798100
GOOGL,09/21/2010,255.09,260.24,254.7,256.98,8923600
GOOGL,09/22/2010,256.68,259.14,256.09,258.25,5069100
GOOGL,09/23/2010,257.55,260.1,255.9,256.99,4630100
GOOGL,09/24/2010,261.12,264.17,259.38,263.9,6707000
GOOGL,09/27/2010,264.68,268.69,264.68,265.46,6208500
GOOGL,09/28/2010,267,267.05,259.48,263.84,7302000
GOOGL,09/29/2010,264.18,266.73,262.61,264.1,4340000
GOOGL,09/30/2010,264.84,266.19,259.71,263.15,6481700
GOOGL,10/01/2010,265.26,265.57,261.75,263.06,4445500
GOOGL,10/04/2010,262.73,264.38,259.68,261.43,3877100
GOOGL,10/05/2010,264.45,270.26,263.53,269.38,7007100
GOOGL,10/06/2010,269.89,270.24,265.23,267.43,5519000
GOOGL,10/07/2010,268.36,268.86,264.83,265.26,4786800
GOOGL,10/08/2010,266.64,269.06,264.07,268.43,5712600
GOOGL,10/11/2010,269.5,272.56,268.85,269.68,5247300
GOOGL,10/12/2010,270.32,273.26,269.16,270.96,7499600
GOOGL,10/13/2010,273.77,274.01,271.43,271.91,6105000
GOOGL,10/14/2010,272.35,272.89,268.82,270.73,13254900
GOOGL,10/15/2010,299.93,301.11,296.09,301.02,29619900
GOOGL,10/18/2010,300.57,310.15,300.57,309.15,14182200
GOOGL,10/19/2010,304.72,307.71,301.72,304.21,9166600
GOOGL,10/20/2010,304.36,308.99,304.04,304.28,7043100
GOOGL,10/21/2010,306.05,308.3,303.29,306.29,5835100
GOOGL,10/22/2010,306.26,307.71,305.32,306.56,4507600
GOOGL,10/25/2010,308.09,312.67,307.78,308.55,6310400
GOOGL,10/26/2010,306.85,310.92,305.81,309.6,5020700
GOOGL,10/27/2010,308.18,310.3,306.46,308.53,4479300
GOOGL,10/28/2010,310.33,310.8,306.95,309.59,4364200
GOOGL,10/29/2010,308.83,309.8,306.79,307.15,4552000
GOOGL,11/01/2010,308.16,310.63,305.9,307.8,6168000
GOOGL,11/02/2010,309.63,310.3,307.59,308.1,3991200
GOOGL,11/03/2010,309.05,311.22,307.05,310.39,6754200
GOOGL,11/04/2010,312.62,315.27,311.35,312.44,7134400
GOOGL,11/05/2010,311.89,313.05,310.86,312.84,3527800
GOOGL,11/08/2010,312.31,315.05,311.87,313.69,4198300
GOOGL,11/09/2010,315.31,315.73,310.56,312.71,4469900
GOOGL,11/10/2010,311.34,311.8,309.05,311.74,4989000
GOOGL,11/11/2010,310.15,310.23,307.4,308.89,4518600
GOOGL,11/12/2010,307.29,308.75,300.9,301.94,6779200
GOOGL,11/15/2010,301.83,302.29,297.31,298.02,6950800
GOOGL,11/16/2010,296.67,299.23,292.01,292.14,6608100
GOOGL,11/17/2010,292.78,295.04,290.97,292.06,4880100
GOOGL,11/18/2010,294.79,300.28,294.57,298.57,5174800
GOOGL,11/19/2010,298.79,299.23,295.46,295.7,4590400
GOOGL,11/22/2010,294.02,297.01,291.66,295.9,4368800
GOOGL,11/23/2010,293.79,294.79,289.38,291.79,4320800
GOOGL,11/24/2010,293.94,298.59,293.81,297.77,4788000
GOOGL,11/26/2010,295.52,296.78,293.78,295.29,2619500
GOOGL,11/29/2010,294.87,295.19,290.26,291.34,5713600
GOOGL,11/30/2010,287.44,287.44,276.92,278.12,14220500
GOOGL,12/01/2010,281.77,286.06,281.47,282.45,7500600
GOOGL,12/02/2010,284.61,286.94,282.95,286.19,5090700
GOOGL,12/03/2010,285,288.52,284.28,286.78,5257100
GOOGL,12/06/2010,290.57,291.28,288.58,289.46,4183400
GOOGL,12/07/2010,295.92,296.79,293.28,293.85,6078300
GOOGL,12/08/2010,296.27,296.55,292.13,295.56,3510200
GOOGL,12/09/2010,297.23,298.08,294.79,296.04,3734000
GOOGL,12/10/2010,296.86,297.28,295.43,296.39,3405900
GOOGL,12/13/2010,298.85,301.79,297.33,297.6,4792200
GOOGL,12/14/2010,298.83,299.43,296.53,297.74,3283300
GOOGL,12/15/2010,297.39,298.51,294.86,295.44,4331000
GOOGL,12/16/2010,296.71,297.17,294.32,296.14,3190600
GOOGL,12/17/2010,295.79,296.57,294.12,295.69,6168000
GOOGL,12/20/2010,297.61,299.23,294.62,297.82,3942600
GOOGL,12/21/2010,299.58,302.65,299.09,301.83,3755200
GOOGL,12/22/2010,302.29,303.79,301.93,303.04,2412500
GOOGL,12/23/2010,302.96,303.29,301.31,302.41,2219300
GOOGL,12/27/2010,301.66,302.18,300.04,301.48,2413700
GOOGL,12/28/2010,301.32,302.23,299.29,299.75,2127400
GOOGL,12/29/2010,301.29,301.5,299.75,300.79,2036300
GOOGL,12/30/2010,299.29,300.96,298.98,299.72,1977000
GOOGL,12/31/2010,298.66,299.5,296.3,297.27,3075500
GOOGL,01/03/2011,298.53,303.09,298.53,302.47,4725600
GOOGL,01/04/2011,303.1,303.38,300.35,301.35,3645300
GOOGL,01/05/2011,300.33,305.46,300.32,304.83,5059500
GOOGL,01/06/2011,305.64,309.51,305.32,307.05,4111400
GOOGL,01/07/2011,308.25,309.42,305.36,308.52,4198100
GOOGL,01/10/2011,307.7,307.99,304.57,307.4,3155200
GOOGL,01/11/2011,309.15,309.7,307.55,308.3,2875700
GOOGL,01/12/2011,309.98,309.98,307.68,308.73,3262100
GOOGL,01/13/2011,308.78,310.14,307.38,308.64,2665300
GOOGL,01/14/2011,309,312.44,308.84,312.39,4726400
GOOGL,01/18/2011,313.33,321.31,312.94,320.12,7226700
GOOGL,01/19/2011,321.37,321.79,315.14,316.18,6805300
GOOGL,01/20/2011,316.41,317.35,311.95,313.69,10960600
GOOGL,01/21/2011,320.1,321.18,305.98,306.21,17790900
GOOGL,01/24/2011,304.08,306.54,300.91,305.84,9189200
GOOGL,01/25/2011,304.39,310.65,303.55,310.26,7286300
GOOGL,01/26/2011,310.47,311.55,307.94,308.55,4072100
GOOGL,01/27/2011,309.24,310.15,306.92,308.69,4034300
GOOGL,01/28/2011,309.83,310.48,300.17,300.79,8453700
GOOGL,01/31/2011,302.09,302.53,298.06,300.47,5604100
GOOGL,02/01/2011,302.54,306.97,301.85,305.82,5485100
GOOGL,02/02/2011,305.8,307.47,304.06,306.3,3517800
GOOGL,02/03/2011,305.04,306.02,303.36,305.37,2987200
GOOGL,02/04/2011,305.37,306.02,303.6,305.79,3098400
GOOGL,02/07/2011,305.38,309.49,304.9,307.45,3595600
GOOGL,02/08/2011,307.76,310.12,307.55,309.49,3386400
GOOGL,02/09/2011,308.73,310.03,306.47,308.55,3681300
GOOGL,02/10/2011,307.25,309.05,306.08,308.52,4664100
GOOGL,02/11/2011,307.19,312.8,306.8,312.55,5174600
GOOGL,02/14/2011,311.97,315.13,310.32,314.38,4251700
GOOGL,02/15/2011,313.96,315.35,311.85,312.38,4179800
GOOGL,02/16/2011,313.12,313.55,311.35,312.41,3364600
GOOGL,02/17/2011,310.93,313.93,310.44,312.93,2954600
GOOGL,02/18/2011,313.3,315.9,312.39,315.35,6429300
GOOGL,02/22/2011,310.32,312.77,304.18,305.4,7272500
GOOGL,02/23/2011,305.46,307.65,302.29,305.96,5773400
GOOGL,02/24/2011,305.99,306.84,300.97,304.7,5417900
GOOGL,02/25/2011,306.23,307.66,305.05,305.32,3860900
GOOGL,02/28/2011,305.3,308.54,304.3,307,4558400
GOOGL,03/01/2011,309.19,309.91,299.94,300.67,6639700
GOOGL,03/02/2011,300.19,303.29,297.88,300.69,4049300
GOOGL,03/03/2011,303.48,306.04,302.79,305.08,3886700
GOOGL,03/04/2011,304.46,304.79,300.39,300.6,6015900
GOOGL,03/07/2011,300.57,302.14,293.78,296.12,6918400
GOOGL,03/08/2011,296.75,299.28,295.39,296.44,4565200
GOOGL,03/09/2011,295.79,297.54,293.16,296.17,4297600
GOOGL,03/10/2011,293,293.59,290.01,290.43,6249900
GOOGL,03/11/2011,289.39,290.28,286.94,288.63,6057900
GOOGL,03/14/2011,286.68,289.43,284.29,285.27,5626500
GOOGL,03/15/2011,279.02,285.78,278.02,285.06,8003100
GOOGL,03/16/2011,284.28,285.17,275.91,278.82,7589400
GOOGL,03/17/2011,282.51,284.78,280.54,280.95,5792800
GOOGL,03/18/2011,282.59,284.27,280.14,280.8,6590600
GOOGL,03/21/2011,285.39,290.18,284.79,288.53,6035700
GOOGL,03/22/2011,288.91,289.9,286.53,288.94,3770000
GOOGL,03/23/2011,287.87,291.51,286.28,291.36,3628700
GOOGL,03/24/2011,293,294.48,289.68,293.73,4193200
GOOGL,03/25/2011,293.72,293.74,289.9,290.15,5711000
GOOGL,03/28/2011,291.32,292.78,287.63,287.96,4432300
GOOGL,03/29/2011,288.28,291.23,286.78,291.15,3206300
GOOGL,03/30/2011,292.47,293.03,290.57,291.2,2841700
GOOGL,03/31/2011,291.78,294.36,291.15,293.66,4054700
GOOGL,04/01/2011,294.67,297.88,294.67,296.19,5221100
GOOGL,04/04/2011,296.79,297.66,291.83,294.12,4104800
GOOGL,04/05/2011,290.82,291.03,283.11,284.82,12082900
GOOGL,04/06/2011,286.37,287.86,284.28,287.37,5331200
GOOGL,04/07/2011,288.14,290.6,287.37,290.28,5057900
GOOGL,04/08/2011,292.73,292.73,289.31,289.36,3799700
GOOGL,04/11/2011,288.38,289.33,286.78,288.96,3712600
GOOGL,04/12/2011,287.78,288.73,284.3,285.58,4167000
GOOGL,04/13/2011,288.03,289.08,286.15,288.42,4134600
GOOGL,04/14/2011,287.87,290.01,286.33,289.54,10901600
GOOGL,04/15/2011,272.91,273.14,265.29,265.61,28059300
GOOGL,04/18/2011,263.47,264.09,259.75,263.68,10069500
GOOGL,04/19/2011,265.23,265.7,260.7,261.02,5362800
GOOGL,04/20/2011,263.2,263.67,260.95,263.12,6113800
GOOGL,04/21/2011,264,264.4,261.45,262.8,4935200
GOOGL,04/25/2011,262.88,263.76,261.26,262.78,3258300
GOOGL,04/26/2011,263.52,268.98,262.86,266.67,6993000
GOOGL,04/27/2011,269.26,269.32,267.43,269.14,4592200
GOOGL,04/28/2011,269.29,269.89,267.3,269.25,3996000
GOOGL,04/29/2011,270.26,272.31,269.52,272.31,8448500
GOOGL,05/02/2011,273.11,273.13,268.82,269.54,4263100
GOOGL,05/03/2011,268.83,271.27,265.07,267.2,4158800
GOOGL,05/04/2011,267.84,269.76,266.77,268.15,4229700
GOOGL,05/05/2011,267.19,269.97,266.01,267.39,3991600
GOOGL,05/06/2011,269.34,270.99,267.85,267.91,4108000
GOOGL,05/09/2011,267.76,269.51,265.81,269.1,3893500
GOOGL,05/10/2011,270.26,272.48,269.03,271.59,4081700
GOOGL,05/11/2011,270.33,272.04,267.1,267.98,4672900
GOOGL,05/12/2011,267.88,268.73,265.71,267.78,2893700
GOOGL,05/13/2011,267.56,268.22,264.78,265.03,4213100
GOOGL,05/16/2011,263.41,263.89,258.45,259.46,5910400
GOOGL,05/17/2011,257.96,265.87,257.76,265.49,6600500
GOOGL,05/18/2011,265.03,265.42,263.1,265.16,3902400
GOOGL,05/19/2011,266.62,268.53,265.12,265.88,4932400
GOOGL,05/20/2011,266.16,266.25,261.82,262.27,4630300
GOOGL,05/23/2011,258.55,260.25,256.95,259.45,4595400
GOOGL,05/24/2011,260.44,262.23,259.33,259.38,3796200
GOOGL,05/25/2011,258.92,261.64,258.88,260.09,2600500
GOOGL,05/26/2011,259.1,261.31,257.75,259.32,4232700
GOOGL,05/27/2011,259.49,261.15,258.4,260.7,3488100
GOOGL,05/31/2011,262.75,264.78,262,264.77,5369200
GOOGL,06/01/2011,264.28,266.86,262.91,263.05,5905800
GOOGL,06/02/2011,264.04,265.41,261.49,264.29,4404500
GOOGL,06/03/2011,261.25,264.06,261,261.79,3493500
GOOGL,06/06/2011,262.02,263.67,259.88,260.78,3880300
GOOGL,06/07/2011,261.7,262.57,259.75,259.77,3811300
GOOGL,06/08/2011,258.52,260.87,258.14,259.84,3303400
GOOGL,06/09/2011,260.25,260.25,258.07,258.62,3374800
GOOGL,06/10/2011,257.29,258.6,254.89,255,4874900
GOOGL,06/13/2011,255.25,255.35,251.33,252.61,4849700
GOOGL,06/14/2011,254.32,257.29,253.74,254.43,4678300
GOOGL,06/15/2011,252.76,254.42,250.55,251.72,4142400
GOOGL,06/16/2011,251.65,253.53,248.58,250.43,5508400
GOOGL,06/17/2011,253.34,253.59,242.63,242.75,10480300
GOOGL,06/20/2011,242.74,243.35,239.85,242.52,6051100
GOOGL,06/21/2011,243.83,247.21,242.6,246.74,5525200
GOOGL,06/22/2011,245.96,246.41,243.6,243.74,4809300
GOOGL,06/23/2011,241.3,241.66,237.09,240.34,9593700
GOOGL,06/24/2011,240.57,240.61,236.74,237.67,7603500
GOOGL,06/27/2011,237.23,244.44,237.03,241.63,6882500
GOOGL,06/28/2011,242.24,248.35,242.24,247.06,5424700
GOOGL,06/29/2011,248.51,250.37,246.43,249.03,4681300
GOOGL,06/30/2011,251.24,253.58,250.99,253.44,4851900
GOOGL,07/01/2011,253.62,260.84,253.44,260.77,7266100
GOOGL,07/05/2011,262.9,267.96,262.9,266.48,7690700
GOOGL,07/06/2011,267.01,269.52,266.78,267.94,5385800
GOOGL,07/07/2011,270.76,275.61,268.2,273.56,7863100
GOOGL,07/08/2011,266.73,269.09,263.89,266.25,9530800
GOOGL,07/11/2011,264.35,268.25,263,263.9,5672900
GOOGL,07/12/2011,264.34,269.97,263.25,267.26,5676700
GOOGL,07/13/2011,268.76,272.26,268.5,269.39,5574800
GOOGL,07/14/2011,269.82,271.26,263.62,264.73,13285700
GOOGL,07/15/2011,299.04,300.42,294.36,299.1,27436700
GOOGL,07/18/2011,296.53,301.32,296.29,297.76,8927600
GOOGL,07/19/2011,298.36,302.63,298.05,301.57,5929000
GOOGL,07/20/2011,301.38,301.71,297.96,297.96,4451100
GOOGL,07/21/2011,297.29,304.32,297.29,303.79,6932000
GOOGL,07/22/2011,302.99,310.05,302.43,309.41,7049300
GOOGL,07/25/2011,306.98,313.01,306.8,309.79,6256900
GOOGL,07/26/2011,309.32,314.05,308.91,311.56,4681100
GOOGL,07/27/2011,308.89,310.78,302.67,303.9,7860900
GOOGL,07/28/2011,302.89,308.29,301.79,305.77,6210500
GOOGL,07/29/2011,302.41,307.78,302.14,302.14,8266500
GOOGL,08/01/2011,305.91,308.05,299.88,303.68,7924200
GOOGL,08/02/2011,303.29,305.13,296.07,296.49,6394700
GOOGL,08/03/2011,297.42,301.79,292.1,300.88,7643700
GOOGL,08/04/2011,297.54,299.72,289.01,289.04,9819300
GOOGL,08/05/2011,291.55,295.29,281.27,289.8,11846300
GOOGL,08/08/2011,281.76,284.78,272.44,273.27,14978200
GOOGL,08/09/2011,280.77,287.58,270.77,286.98,12926400
GOOGL,08/10/2011,280.96,282.33,274.13,274.77,10728400
GOOGL,08/11/2011,277.18,284.53,274.47,281.34,9651500
GOOGL,08/12/2011,285.03,285.53,280.47,282.16,6302200
GOOGL,08/15/2011,276.98,282.77,273.29,278.88,14275500
GOOGL,08/16/2011,276.48,276.49,265.41,269.76,13864900
GOOGL,08/17/2011,270.28,272.11,265.64,266.83,8150000
GOOGL,08/18/2011,261.99,262.7,250.49,252.68,12568800
GOOGL,08/19/2011,249.91,257.68,245.67,245.7,10809100
GOOGL,08/22/2011,252.24,253.75,247.5,249.33,9801900
GOOGL,08/23/2011,251.99,260.96,249.77,259.66,8684900
GOOGL,08/24/2011,259.92,265.26,258.87,261.9,7181800
GOOGL,08/25/2011,265.45,268.9,259.4,260.27,6579400
GOOGL,08/26/2011,260.25,265.48,256.82,263.69,7185400
GOOGL,08/29/2011,267.54,269.99,267.04,269.8,4666900
GOOGL,08/30/2011,269.36,271.76,265.66,270.61,5972000
GOOGL,08/31/2011,272.63,273.41,268.26,270.74,5381200
GOOGL,09/01/2011,270.64,272.18,265.87,266.51,4826100
GOOGL,09/02/2011,262.49,264.22,260.62,262.67,4797500
GOOGL,09/06/2011,255.65,261.63,255.5,261.34,5426100
GOOGL,09/07/2011,265.48,268.23,263.96,267.27,5506000
GOOGL,09/08/2011,267.16,269.81,266.21,267.74,4756200
GOOGL,09/09/2011,265.96,267.58,260.85,262.68,6531000
GOOGL,09/12/2011,259.23,266.25,259,265.32,5335400
GOOGL,09/13/2011,266.26,267.2,261.95,265.02,4703600
GOOGL,09/14/2011,266.55,268.74,263.16,266.29,5383400
GOOGL,09/15/2011,268.01,272.75,267.54,271.54,5915600
GOOGL,09/16/2011,272.66,273.68,271.83,273.6,7061500
GOOGL,09/19/2011,270.44,275.22,267.95,273.6,4931800
GOOGL,09/20/2011,274.97,279.53,271.6,273.57,5552600
GOOGL,09/21/2011,274.11,277.77,269.69,269.86,5023500
GOOGL,09/22/2011,263.38,264.65,257.25,260.58,8791700
GOOGL,09/23/2011,258.53,263.47,257.5,263.01,5549000
GOOGL,09/26/2011,263.88,266.72,256.87,266.2,5263100
GOOGL,09/27/2011,269.36,273.79,268.28,269.93,6015700
GOOGL,09/28/2011,271.01,272.27,264.11,264.68,4522000
GOOGL,09/29/2011,268.28,268.91,259.96,264.01,5807300
GOOGL,09/30/2011,260.36,262.25,257.44,257.77,5441700
GOOGL,10/03/2011,255.17,256.25,247.74,248,8939800
GOOGL,10/04/2011,245.25,251.96,240.53,251.19,8309200
GOOGL,10/05/2011,248.42,254.15,240.62,252.59,9059100
GOOGL,10/06/2011,254,257.86,251.54,257.6,6841700
GOOGL,10/07/2011,258.67,260.5,255.4,257.81,5706000
GOOGL,10/10/2011,262.84,269,261.85,268.85,4639700
GOOGL,10/11/2011,266.99,273.66,266.99,271.85,5701000
GOOGL,10/12/2011,274.33,277.88,272.58,274.52,6349200
GOOGL,10/13/2011,275.28,279.77,274.28,279.77,11363800
GOOGL,10/14/2011,300.03,300.09,294.07,296.13,17042700
GOOGL,10/17/2011,292.14,296.2,289.28,291.49,8008300
GOOGL,10/18/2011,290.38,296.57,288.98,295.54,7593900
GOOGL,10/19/2011,293.95,296.32,289.89,290.63,5857100
GOOGL,10/20/2011,291.23,294.73,290.04,292.12,6751200
GOOGL,10/21/2011,295.04,296.66,293.63,295.53,6775200
GOOGL,10/24/2011,293.64,300.28,293.53,298.5,6846900
GOOGL,10/25/2011,296.84,297.79,291.71,291.86,5075900
GOOGL,10/26/2011,295.06,295.38,286.71,293.44,5740400
GOOGL,10/27/2011,299.5,301.64,296.94,299.63,7553000
GOOGL,10/28/2011,297.55,301.44,297.41,300.36,5010900
GOOGL,10/31/2011,297.83,300.14,296.12,296.61,5110400
GOOGL,11/01/2011,290.33,293.04,288.65,289.61,6243900
GOOGL,11/02/2011,292.73,294.26,290.52,292.69,4237500
GOOGL,11/03/2011,293.78,299.04,292.14,299.04,5334200
GOOGL,11/04/2011,297.04,300.16,296.5,298.36,5663900
GOOGL,11/07/2011,296.95,304.68,296.4,304.46,6708000
GOOGL,11/08/2011,304.8,307.48,302.09,306.47,6052700
GOOGL,11/09/2011,302.42,304.99,299.62,300.77,7414500
GOOGL,11/10/2011,303.27,303.27,296.07,297.83,5731000
GOOGL,11/11/2011,300.94,306.34,299.59,304.47,7946000
GOOGL,11/14/2011,304.29,309.34,304.18,306.8,6371000
GOOGL,11/15/2011,306.7,309.34,305.55,308.58,5346600
GOOGL,11/16/2011,306.34,309.45,305.6,306.03,5211700
GOOGL,11/17/2011,305.32,306.44,298.68,300.73,6979600
GOOGL,11/18/2011,301.29,302.54,297.16,297.73,6568800
GOOGL,11/21/2011,294.16,294.54,286.32,290.75,5996500
GOOGL,11/22/2011,290.28,292.77,287.9,290.28,4805700
GOOGL,11/23/2011,287.95,290.41,285.33,285.33,4646900
GOOGL,11/25/2011,282.87,287.41,280.94,281.77,3121600
GOOGL,11/28/2011,289.97,294.7,288.53,294.38,5652100
GOOGL,11/29/2011,294.22,295.47,290.95,291.75,3659900
GOOGL,11/30/2011,299.26,300.05,296.33,299.99,6787200
GOOGL,12/01/2011,300.29,308.3,299.79,307.18,7233900
GOOGL,12/02/2011,308.82,312.3,308.43,310.48,8163200
GOOGL,12/05/2011,314.12,316.26,311.5,313.13,6388600
GOOGL,12/06/2011,311.8,314.61,310.42,312.19,4648300
GOOGL,12/07/2011,311.14,313.13,309.35,312,4510000
GOOGL,12/08/2011,310.82,314.03,307.95,308.32,4821300
GOOGL,12/09/2011,309.3,314.87,308.8,314.01,5526800
GOOGL,12/12/2011,311.24,313.39,310.45,313,4363400
GOOGL,12/13/2011,314.68,318.59,311.73,313.12,8048300
GOOGL,12/14/2011,311.23,312.46,306.54,309.33,7799500
GOOGL,12/15/2011,311.56,312.3,309.64,310.07,4812300
GOOGL,12/16/2011,312.46,314.96,311.04,313.28,8909600
GOOGL,12/19/2011,314.31,314.55,310.3,311.22,4282700
GOOGL,12/20/2011,314.3,316.23,314.3,315.49,4771600
GOOGL,12/21/2011,315.31,316.22,309.78,313.21,4990800
GOOGL,12/22/2011,314.28,316.17,313.81,315.16,3640900
GOOGL,12/23/2011,316.31,317.65,315.59,316.88,2904400
GOOGL,12/27/2011,316.33,322.56,316.31,320.44,3209500
GOOGL,12/28/2011,321.69,322.81,319.36,320.16,4250100
GOOGL,12/29/2011,321.06,321.81,317.91,321.51,3147600
GOOGL,12/30/2011,321.32,323.69,321.32,323.26,3561000
GOOGL,01/03/2012,326.79,334.4,326.5,333.03,7345600
GOOGL,01/04/2012,332.84,335.45,330.63,334.46,5722200
GOOGL,01/05/2012,331.39,332.31,328.43,329.82,6559200
GOOGL,01/06/2012,329.89,330.32,325.21,325.32,5380400
GOOGL,01/09/2012,323.56,323.81,310.92,311.53,11633500
GOOGL,01/10/2012,315.18,317.21,308.75,311.87,8782400
GOOGL,01/11/2012,312.05,315,310.86,313.28,4795200
GOOGL,01/12/2012,315.92,316.75,313.55,315.13,3746600
GOOGL,01/13/2012,313.43,313.78,310.83,312.8,4609900
GOOGL,01/17/2012,316.3,316.3,313.14,314.59,3814700
GOOGL,01/18/2012,313.62,317.31,311.36,316.76,5517800
GOOGL,01/19/2012,320.81,320.81,316.04,320.09,12597900
GOOGL,01/20/2012,295.55,295.79,291.13,293.28,21131400
GOOGL,01/23/2012,293.28,294.62,291.86,293.04,6818900
GOOGL,01/24/2012,293.44,294.12,289.28,290.75,6105400
GOOGL,01/25/2012,289.03,289.64,283.46,285.02,9965400
GOOGL,01/26/2012,286.27,287.52,282.55,284.33,6445900
GOOGL,01/27/2012,285.67,290.44,284.94,290.27,7227700
GOOGL,01/30/2012,289.31,290.28,286.98,289.12,4656300
GOOGL,01/31/2012,291.78,292.28,287.85,290.34,4280500
GOOGL,02/01/2012,292.75,293.03,289.85,290.7,4636700
GOOGL,02/02/2012,292.72,293.49,291.32,292.84,4824500
GOOGL,02/03/2012,295.62,298.82,294.31,298.45,6330600
GOOGL,02/06/2012,297.79,305.71,297.29,304.84,7351800
GOOGL,02/07/2012,303.87,304.99,302.17,303.68,4180000
GOOGL,02/08/2012,304.61,305.97,302.66,305.22,3669100
GOOGL,02/09/2012,306.31,307.55,304.8,306.03,4524800
GOOGL,02/10/2012,304.23,304.36,302.29,303.25,4645700
GOOGL,02/13/2012,305.55,307.22,305.31,306.4,3628900
GOOGL,02/14/2012,306.07,306.3,302.67,305.18,3603700
GOOGL,02/15/2012,306.76,306.76,301.57,303.07,4846900
GOOGL,02/16/2012,301.7,304.7,299.15,303.55,5056700
GOOGL,02/17/2012,302.78,304.11,301.49,302.61,4893300
GOOGL,02/21/2012,302.23,309.24,301.73,307.3,4956600
GOOGL,02/22/2012,306.28,308.69,303.65,304.26,3930000
GOOGL,02/23/2012,303.79,304.26,300.47,303.35,4105800
GOOGL,02/24/2012,303.97,306.12,303.05,305.25,3867300
GOOGL,02/27/2012,303.59,306.48,302.82,304.95,3624100
GOOGL,02/28/2012,305.3,310.19,304.13,309.49,5689500
GOOGL,02/29/2012,309.6,313.1,308.05,309.42,6267500
GOOGL,03/01/2012,311.43,313.15,309.37,311.5,4470900
GOOGL,03/02/2012,311.3,312.3,310.46,310.93,3143400
GOOGL,03/05/2012,310.52,311.55,305.99,307.42,3183400
GOOGL,03/06/2012,304.32,304.7,297.21,302.77,6342400
GOOGL,03/07/2012,304.82,305.89,303.22,303.69,2526400
GOOGL,03/08/2012,305.32,306.05,303.47,303.86,2688300
GOOGL,03/09/2012,304.27,306.25,300.29,300.42,5335800
GOOGL,03/12/2012,300.29,303.79,299.92,302.87,3334600
GOOGL,03/13/2012,304.67,309.22,303.07,309.19,4487100
GOOGL,03/14/2012,307.8,311.69,307.03,308.29,5867900
GOOGL,03/15/2012,308.6,312.05,307.71,310.87,4865300
GOOGL,03/16/2012,310.75,313.26,310.33,312.82,6094800
GOOGL,03/19/2012,311.86,318.94,310.92,317.3,4341200
GOOGL,03/20/2012,315.77,318.34,313.94,317.05,3077900
GOOGL,03/21/2012,317.61,324.01,316.56,320.3,4934200
GOOGL,03/22/2012,319.56,324.71,315.81,323.34,4815500
GOOGL,03/23/2012,323.61,324.56,320.76,321.61,3876500
GOOGL,03/26/2012,322.81,325.06,320.08,324.98,3634700
GOOGL,03/27/2012,323.83,327.07,322.71,323.82,4010300
GOOGL,03/28/2012,326.33,329.61,325.86,328.2,5072700
GOOGL,03/29/2012,327.04,328.61,322.46,324.52,3844700
GOOGL,03/30/2012,326.19,327.06,320.81,320.93,4616700
GOOGL,04/02/2012,320.7,324.06,317.73,323.77,4563800
GOOGL,04/03/2012,323.02,324.29,319.63,321.62,4085700
GOOGL,04/04/2012,319.53,319.81,315.86,317.88,3251900
GOOGL,04/05/2012,316.43,318.52,314.59,316.47,4632700
GOOGL,04/09/2012,314.54,317.97,312.95,315.73,4361000
GOOGL,04/10/2012,317.07,317.56,312.58,313.73,4959000
GOOGL,04/11/2012,317.29,318.31,315.96,318.29,4393600
GOOGL,04/12/2012,321.49,326.89,320.44,325.82,11501600
GOOGL,04/13/2012,324.09,324.81,312.07,312.6,16302200
GOOGL,04/16/2012,311.8,312.21,301.12,303.33,11372800
GOOGL,04/17/2012,304.57,309.14,303.8,305.08,6041700
GOOGL,04/18/2012,304.32,306.7,301.7,304.02,5333600
GOOGL,04/19/2012,303.14,308.43,299.79,299.94,6582600
GOOGL,04/20/2012,302.42,304.72,298.2,298.32,6110600
GOOGL,04/23/2012,296.74,299.51,295.39,299.09,4391200
GOOGL,04/24/2012,299.41,303.61,298.95,300.93,3854300
GOOGL,04/25/2012,302.29,305.97,301.73,305.16,3638500
GOOGL,04/26/2012,305.75,309.3,305.15,308.03,4180800
GOOGL,04/27/2012,307.81,308.67,305.6,307.79,3269500
GOOGL,04/30/2012,306.79,308.34,300.6,302.72,4809700
GOOGL,05/01/2012,302.19,306.1,300.39,302.51,4000500
GOOGL,05/02/2012,300.89,304.35,300.6,303.92,3219700
GOOGL,05/03/2012,305.11,307.71,304.77,305.81,3732200
GOOGL,05/04/2012,303.25,304.24,298.69,298.77,4410300
GOOGL,05/07/2012,297.79,305.58,297.79,304.07,3985000
GOOGL,05/08/2012,303.06,308.75,300.64,306.69,5349200
GOOGL,05/09/2012,303.7,308.49,301.2,304.87,4652900
GOOGL,05/10/2012,306.78,308.39,305.41,307.13,3068700
GOOGL,05/11/2012,305.47,307.57,302.68,302.91,4194600
GOOGL,05/14/2012,300.68,304.54,300.58,302.29,3645100
GOOGL,05/15/2012,302.97,307.8,302.17,305.85,4199900
GOOGL,05/16/2012,309.28,315.36,308.27,314.77,9660500
GOOGL,05/17/2012,317.22,319.23,310.92,311.83,6700800
GOOGL,05/18/2012,312.85,316.52,298.64,300.49,11935000
GOOGL,05/21/2012,300.55,308.14,300.29,307.35,6144600
GOOGL,05/22/2012,307.02,307.2,298.29,300.69,6097600
GOOGL,05/23/2012,301.12,305.1,298.85,305.03,6349800
GOOGL,05/24/2012,304.88,306.26,299.73,302.12,3778800
GOOGL,05/25/2012,300.79,301.16,294.43,296.05,7156600
GOOGL,05/29/2012,298.19,299.86,294.45,297.46,5206100
GOOGL,05/30/2012,294.36,296.24,292.05,294.4,3809500
GOOGL,05/31/2012,294.65,295.29,289.78,290.71,5930600
GOOGL,06/01/2012,286.17,286.6,284.45,285.77,6109600
GOOGL,06/04/2012,285.39,290.53,285.28,289.58,4860500
GOOGL,06/05/2012,288,289.35,283.51,285.48,4675100
GOOGL,06/06/2012,288.52,291.27,287.08,290.57,4187400
GOOGL,06/07/2012,294.08,294.23,288.9,289.4,3513400
GOOGL,06/08/2012,288.2,290.78,287.57,290.51,2817900
GOOGL,06/11/2012,292.39,292.94,283.62,284.53,5316800
GOOGL,06/12/2012,285.16,285.43,279.56,282.82,6441900
GOOGL,06/13/2012,281.13,283.77,279.61,280.82,3904400
GOOGL,06/14/2012,280.92,282.81,278.53,279.8,4685100
GOOGL,06/15/2012,280.44,282.53,278.81,282.53,5996300
GOOGL,06/18/2012,281.58,287.38,279.9,285.7,4988800
GOOGL,06/19/2012,287.07,292.42,286.84,291.05,4148200
GOOGL,06/20/2012,290.19,290.28,287.03,289.03,4688700
GOOGL,06/21/2012,290.2,290.2,282.14,282.88,4018500
GOOGL,06/22/2012,284.28,286.02,283.18,286.02,4451300
GOOGL,06/25/2012,283.94,284.32,278.95,280.62,3160000
GOOGL,06/26/2012,281.65,283.57,280.01,282.61,2697600
GOOGL,06/27/2012,284.13,287.27,283.28,284.93,3381200
GOOGL,06/28/2012,283.22,283.39,278.87,282.43,3837900
GOOGL,06/29/2012,287.76,290.35,286.38,290.32,5033900
GOOGL,07/02/2012,291.19,291.78,288.53,290.52,3307600
GOOGL,07/03/2012,290.29,294.49,289.28,294.2,2376600
GOOGL,07/05/2012,294.67,300.32,294.56,298.25,4687100
GOOGL,07/06/2012,296.51,297.05,291.69,293.27,4319200
GOOGL,07/09/2012,292.76,294.59,290.91,293.29,3426700
GOOGL,07/10/2012,295.38,296.5,289.65,291.13,3842300
GOOGL,07/11/2012,288.43,289.2,282.74,285.87,6991600
GOOGL,07/12/2012,283.83,286.24,281.32,285.52,4614900
GOOGL,07/13/2012,286.35,289.86,284.55,288.54,3948000
GOOGL,07/16/2012,288.46,289.88,286.17,287.74,2922200
GOOGL,07/17/2012,289.5,290.62,284.48,288.64,3356800
GOOGL,07/18/2012,288.77,292.13,288.34,290.66,3093300
GOOGL,07/19/2012,293.35,299.53,293.28,296.82,9340000
GOOGL,07/20/2012,304.67,306.77,299.38,305.71,12914400
GOOGL,07/23/2012,300.53,309.47,299.41,308.05,7116200
GOOGL,07/24/2012,307.8,309.26,302.46,304.08,4014700
GOOGL,07/25/2012,304.45,306.99,302.98,304.29,3642300
GOOGL,07/26/2012,307.8,308.73,305.31,306.98,3367000
GOOGL,07/27/2012,309.74,317.81,309.05,317.79,7092300
GOOGL,07/30/2012,318.33,321.61,315.06,316.46,4369000
GOOGL,07/31/2012,314.43,318.56,314.41,316.79,3727400
GOOGL,08/01/2012,318.96,320.06,316,316.65,3685500
GOOGL,08/02/2012,313.06,319.32,312.01,314.68,3951400
GOOGL,08/03/2012,320.31,322.17,318.38,320.98,3790400
GOOGL,08/06/2012,320.11,325,319.92,321.72,3561200
GOOGL,08/07/2012,321.21,322.44,318.54,320.58,3959600
GOOGL,08/08/2012,319.83,323.25,319.56,321.43,2641700
GOOGL,08/09/2012,322.57,323.5,321.07,321.49,2138400
GOOGL,08/10/2012,319.6,321.43,318.37,321.31,2866300
GOOGL,08/13/2012,324.02,330.39,323.65,330.32,6529200
GOOGL,08/14/2012,329.94,336.75,329.82,334.65,7316000
GOOGL,08/15/2012,335.46,337.45,332.37,334.09,4816500
GOOGL,08/16/2012,334.08,337.65,333.86,336.76,3431900
GOOGL,08/17/2012,337.39,338.95,336.18,338.9,4351000
GOOGL,08/20/2012,338.08,339.76,336.66,338.1,3512600
GOOGL,08/21/2012,336.88,339.33,331.41,335.08,4439900
GOOGL,08/22/2012,334.01,340.63,333.67,338.92,3814500
GOOGL,08/23/2012,337.46,340.57,335.83,338.73,3564800
GOOGL,08/24/2012,338.13,340.55,337.37,339.64,2850300
GOOGL,08/27/2012,331.82,336.33,329.94,334.93,5222100
GOOGL,08/28/2012,332.82,339.14,332.69,338.95,4113000
GOOGL,08/29/2012,339.01,344.83,338.4,344.34,5974600
GOOGL,08/30/2012,342.45,344.03,340.42,341.17,3250500
GOOGL,08/31/2012,342.33,344.62,340.35,342.88,4249900
GOOGL,09/04/2012,342.61,342.83,337.08,340.85,3775400
GOOGL,09/05/2012,340.33,343.58,339.9,340.69,3412900
GOOGL,09/06/2012,343.31,350.28,342.7,350.04,6080900
GOOGL,09/07/2012,350.34,356.47,349.17,353.42,6459500
GOOGL,09/10/2012,355.22,356.75,349.53,350.72,5114800
GOOGL,09/11/2012,349.32,350.66,345.83,346.43,3743800
GOOGL,09/12/2012,345.04,347.79,340.77,345.77,5279300
GOOGL,09/13/2012,346.88,354.84,345.6,353.36,5312600
GOOGL,09/14/2012,355.14,356.85,353.85,355.18,5231700
GOOGL,09/17/2012,354.4,356.79,352.84,355.33,3013500
GOOGL,09/18/2012,354.23,359.68,353.73,359.49,4129400
GOOGL,09/19/2012,359.1,364.63,358.55,364.1,6190400
GOOGL,09/20/2012,362.59,366.04,360.96,364.41,5808900
GOOGL,09/21/2012,366.46,367.82,365.41,367.35,12705400
GOOGL,09/24/2012,365.85,375.38,365.48,375.05,7120400
GOOGL,09/25/2012,376.89,382.82,374.19,374.94,12104800
GOOGL,09/26/2012,375.29,380.99,370.86,377.1,11334400
GOOGL,09/27/2012,380.34,381.79,376.19,378.62,7854300
GOOGL,09/28/2012,377.44,380.02,375.94,377.62,5561400
GOOGL,10/01/2012,379.89,382.87,378.47,381.26,6329600
GOOGL,10/02/2012,382.97,383.37,375.5,378.86,5574800
GOOGL,10/03/2012,378.23,382.33,376.46,381.62,4412100
GOOGL,10/04/2012,381.74,385.32,380.07,384.4,4903400
GOOGL,10/05/2012,385.73,387.57,382.88,384.2,5466300
GOOGL,10/08/2012,380.87,382.16,377.44,379.29,3913200
GOOGL,10/09/2012,380.2,381.03,371.62,372.41,6000300
GOOGL,10/10/2012,371.29,374.13,369.5,372.64,4075700
GOOGL,10/11/2012,376.81,379.62,375.51,376.1,4763000
GOOGL,10/12/2012,376.29,377.8,372.41,372.74,4803500
GOOGL,10/15/2012,371.33,372.28,365.7,370.85,6032100
GOOGL,10/16/2012,370.42,373.86,368.59,372.71,4112200
GOOGL,10/17/2012,372.34,378.54,370.49,378.11,4581200
GOOGL,10/18/2012,378.14,380.08,338.33,347.84,24859900
GOOGL,10/19/2012,353.13,353.69,336.33,341.23,22941400
GOOGL,10/22/2012,340.83,342.65,335.17,339.66,8103000
GOOGL,10/23/2012,336.33,344,336.33,340.5,5827300
GOOGL,10/24/2012,343.73,343.83,337.96,338.98,4988000
GOOGL,10/25/2012,340.33,341.33,337.08,339.21,4797300
GOOGL,10/26/2012,338.58,341.85,335.93,337.9,3897600
GOOGL,10/31/2012,340.26,340.83,337.83,340.48,3070900
GOOGL,11/01/2012,340.08,345.78,339.69,344.13,4096000
GOOGL,11/02/2012,347.73,348.11,344.02,344.29,4644100
GOOGL,11/05/2012,342.58,343.76,338.11,341.81,3268500
GOOGL,11/06/2012,343.07,343.58,339.1,341.19,3162400
GOOGL,11/07/2012,337.83,339.44,333.57,333.88,4460100
GOOGL,11/08/2012,335.42,336.07,325.93,326.46,5188800
GOOGL,11/09/2012,327.64,334.49,325.47,331.84,6221900
GOOGL,11/12/2012,332.2,335.22,330.76,333.27,2808900
GOOGL,11/13/2012,331.82,334.12,329.43,329.84,3185200
GOOGL,11/14/2012,330.65,331.41,325.57,326.59,3333400
GOOGL,11/15/2012,325.31,330.32,322.26,323.94,3694100
GOOGL,11/16/2012,323.31,326.83,318.31,323.9,6869500
GOOGL,11/19/2012,328.17,334.78,328.08,334.43,4731600
GOOGL,11/20/2012,335.08,339.33,332.61,335.31,4173200
GOOGL,11/21/2012,334.82,335.22,330.52,333.26,4220100
GOOGL,11/23/2012,335.31,335.32,333.37,334.31,1843100
GOOGL,11/26/2012,333.54,333.82,329.83,330.9,4404700
GOOGL,11/27/2012,330.4,337.83,329.32,335.68,5012300
GOOGL,11/28/2012,334.33,342.79,332.27,342.17,6077900
GOOGL,11/29/2012,344.22,347.29,341.33,346.28,5547400
GOOGL,11/30/2012,345.99,349.95,343.18,349.52,6320800
GOOGL,12/03/2012,351.46,353.29,347.39,347.96,4380600
GOOGL,12/04/2012,347.84,348.09,343.18,345.85,3979400
GOOGL,12/05/2012,346.41,347.59,341.5,344.24,3721000
GOOGL,12/06/2012,344.13,348.14,342.59,345.9,2921600
GOOGL,12/07/2012,347.84,348.78,341.54,342.44,3834700
GOOGL,12/10/2012,343.03,346.16,342.23,343.04,2730600
GOOGL,12/11/2012,345.33,351.3,344.19,348.78,5369800
GOOGL,12/12/2012,349.95,352.1,347.08,349.12,4847100
GOOGL,12/13/2012,358.31,358.58,350.11,351.69,6882900
GOOGL,12/14/2012,349.92,354.25,349.55,351.32,4255900
GOOGL,12/17/2012,353.09,369.5,352.35,360.74,6064700
GOOGL,12/18/2012,358.65,364.9,357.87,360.88,6003700
GOOGL,12/19/2012,360.7,361.85,358.69,360.4,3833300
GOOGL,12/20/2012,361.98,362.68,358.83,361.53,3310600
GOOGL,12/21/2012,357.33,359.76,355.6,358.16,7044900
GOOGL,12/24/2012,357.6,357.94,354.08,355.09,1680100
GOOGL,12/26/2012,354.38,356.79,351.55,354.78,2362400
GOOGL,12/27/2012,353.91,354.76,349.64,353.49,3291500
GOOGL,12/28/2012,351.18,353.8,350.34,350.34,2801100
GOOGL,12/31/2012,350.34,355.63,348.34,354.03,3990800
GOOGL,01/02/2013,360.06,363.85,358.62,361.98,5077500
GOOGL,01/03/2013,362.82,366.32,360.71,362.19,4631700
GOOGL,01/04/2013,365.02,371.09,364.19,369.34,5521400
GOOGL,01/07/2013,368.08,370.05,365.64,367.73,3308000
GOOGL,01/08/2013,368.13,368.51,362.57,367.01,3348800
GOOGL,01/09/2013,366.49,369.53,364.65,369.42,4045300
GOOGL,01/10/2013,371.77,372.86,367.11,371.1,3667700
GOOGL,01/11/2013,371.36,371.57,368.51,370.35,2567800
GOOGL,01/14/2013,368.86,371.46,361.53,361.98,5722000
GOOGL,01/15/2013,360.01,367.86,356.4,362.82,7847500
GOOGL,01/16/2013,361.55,362.52,357.18,357.94,4042700
GOOGL,01/17/2013,359.2,360.17,355.85,356,4418500
GOOGL,01/18/2013,355.52,356.73,351,352.6,6447100
GOOGL,01/22/2013,352.67,353.01,348.1,351.78,7577200
GOOGL,01/23/2013,368.35,374.86,368.25,371.11,11806300
GOOGL,01/24/2013,370.98,378.78,370.61,377.28,6758600
GOOGL,01/25/2013,375.75,379.61,375.49,377.2,4447300
GOOGL,01/28/2013,376.24,378.17,374.31,375.73,3250900
GOOGL,01/29/2013,373.74,378.84,373.63,377.21,3490700
GOOGL,01/30/2013,377.24,380.84,376.82,377.28,3462500
GOOGL,01/31/2013,375.62,379.18,375.49,378.21,3265100
GOOGL,02/01/2013,379.47,388.68,379.42,388.18,7484700
GOOGL,02/04/2013,384.22,385.61,379.5,379.88,6074900
GOOGL,02/05/2013,380.93,385.93,380.1,383.24,3737600
GOOGL,02/06/2013,379.9,386.85,379.62,385.46,4152000
GOOGL,02/07/2013,385.22,389.78,383.12,387.35,5674700
GOOGL,02/08/2013,390.44,393.72,390.16,393.07,6034100
GOOGL,02/11/2013,389.58,391.88,387.25,391.59,4331200
GOOGL,02/12/2013,391.25,394.33,390.06,390.73,3714200
GOOGL,02/13/2013,390.44,393.06,390.36,391.81,2394000
GOOGL,02/14/2013,390.24,394.75,389.26,394.29,3467100
GOOGL,02/15/2013,394.08,397.01,393.92,396.83,5454100
GOOGL,02/19/2013,398.38,403.89,398.03,403.82,5857700
GOOGL,02/20/2013,403.04,404.88,396.28,396.61,5522800
GOOGL,02/21/2013,399.39,403.12,395.99,398.15,7005700
GOOGL,02/22/2013,400.02,401.01,397.28,400.24,4103600
GOOGL,02/25/2013,401.54,404.6,395.63,395.77,4603100
GOOGL,02/26/2013,397.89,398.36,392.58,395.45,4400500
GOOGL,02/27/2013,397.79,402.76,395.94,400.28,4048100
GOOGL,02/28/2013,400.94,403.89,400.9,400.99,4527000
GOOGL,03/01/2013,399.29,403.96,398.46,403.49,4346400
GOOGL,03/04/2013,403.04,411.82,402.89,411.15,5545600
GOOGL,03/05/2013,414.87,420.48,414.85,419.71,8080100
GOOGL,03/06/2013,420.92,422.41,414.81,416.09,5740200
GOOGL,03/07/2013,417.43,418.72,415.19,416.7,4101200
GOOGL,03/08/2013,417.65,417.86,412.92,416.16,5817900
GOOGL,03/11/2013,416.25,420.26,416.15,417.81,3186200
GOOGL,03/12/2013,415.76,416.35,412.23,414.21,4012500
GOOGL,03/13/2013,414.35,415.75,411.55,413.05,3279300
GOOGL,03/14/2013,413.9,413.9,409.09,411.17,3299000
GOOGL,03/15/2013,409.65,410.55,407.06,407.54,6193200
GOOGL,03/18/2013,402.89,406.77,401.12,404.29,3672900
GOOGL,03/19/2013,406.01,410.02,403.62,406.05,4192200
GOOGL,03/20/2013,408.81,409.15,406.11,407.75,2924600
GOOGL,03/21/2013,406.04,408.86,405.32,406.02,2952200
GOOGL,03/22/2013,407.76,408.02,405.21,405.55,2973400
GOOGL,03/25/2013,406.6,410.01,403.8,405.21,3420500
GOOGL,03/26/2013,407.14,407.39,404.29,406.6,2381400
GOOGL,03/27/2013,403.73,403.89,401.05,401.72,4322000
GOOGL,03/28/2013,402.38,403.08,397.03,397.48,4571000
GOOGL,04/01/2013,397.89,401.51,397.01,400.98,3610900
GOOGL,04/02/2013,402.66,407.81,402.39,406.91,4078900
GOOGL,04/03/2013,407.12,407.49,400.72,403.49,3473500
GOOGL,04/04/2013,402.51,403.27,396.03,397.92,4890300
GOOGL,04/05/2013,393.41,393.88,388.58,391.9,6860900
GOOGL,04/08/2013,389.75,390.15,384.57,387.8,5658500
GOOGL,04/09/2013,388.13,392.25,386.93,389.2,4310200
GOOGL,04/10/2013,391.84,396.56,388.38,395.47,3953200
GOOGL,04/11/2013,396.82,396.93,392.41,395.58,4053300
GOOGL,04/12/2013,396.38,396.43,391.84,395.41,3270100
GOOGL,04/15/2013,393.36,398.89,388.89,391.34,4901200
GOOGL,04/16/2013,393.68,398.39,392.34,397.07,3480500
GOOGL,04/17/2013,393.76,395.8,389.43,391.66,4069900
GOOGL,04/18/2013,393.06,393.28,381,383.33,6638300
GOOGL,04/19/2013,384.95,402.11,383.5,400.32,11594700
GOOGL,04/22/2013,400.69,402.37,387.88,400.44,5761000
GOOGL,04/23/2013,400.89,408.15,400.57,404.34,4580000
GOOGL,04/24/2013,404.45,409.4,404.39,407.12,3654500
GOOGL,04/25/2013,408.52,408.63,404.21,404.94,3980400
GOOGL,04/26/2013,404.19,404.26,398.68,401.1,4970400
GOOGL,04/29/2013,402.01,411.75,401.89,409.93,4596900
GOOGL,04/30/2013,409.9,414.22,409.24,412.68,4608700
GOOGL,05/01/2013,412.03,412.76,408.58,410.61,2907000
GOOGL,05/02/2013,410.45,417.68,409.92,415.21,4032500
GOOGL,05/03/2013,418.89,423.81,418.41,423.27,5020100
GOOGL,05/06/2013,424.54,431.34,424.54,431.19,4278300
GOOGL,05/07/2013,431.92,432.35,425.75,429.03,3914000
GOOGL,05/08/2013,428.92,437.36,426.87,437.24,4931600
GOOGL,05/09/2013,435.84,440.26,434.54,436.16,4396700
GOOGL,05/10/2013,438.08,440.7,436.5,440.54,3791600
GOOGL,05/13/2013,439.87,441.66,437.11,439.19,2894100
GOOGL,05/14/2013,439.18,444.78,439,443.98,3155400
GOOGL,05/15/2013,448.18,458.63,447.44,458.39,7963800
GOOGL,05/16/2013,459.95,460.44,451.44,452.37,6412700
GOOGL,05/17/2013,455.45,457.19,450.7,455.03,5578400
GOOGL,05/20/2013,452.94,460.75,452.94,454.71,4540800
GOOGL,05/21/2013,454.45,456.27,449.24,453.92,3962000
GOOGL,05/22/2013,451.72,455.1,443.87,445.14,5116000
GOOGL,05/23/2013,438.92,445.41,437.42,441.82,4545600
GOOGL,05/24/2013,438.05,439.84,435.93,437.08,4589000
GOOGL,05/28/2013,442.18,446.5,440.63,441.06,4510400
GOOGL,05/29/2013,438.28,439.42,432.56,434.58,4022700
GOOGL,05/30/2013,435.38,439.88,433.62,435.8,4237100
GOOGL,05/31/2013,434.48,438.92,434.18,436.03,3934800
GOOGL,06/03/2013,436.92,437.41,427.92,434.24,4946400
GOOGL,06/04/2013,434.35,435.72,427.45,429.97,3733400
GOOGL,06/05/2013,431.67,435.15,428.98,430.27,4209300
GOOGL,06/06/2013,432.57,433.58,424.02,432.74,5153000
GOOGL,06/07/2013,435.63,440.43,433.08,440.29,5343800
GOOGL,06/10/2013,441.48,445.93,440.47,445.54,4670900
GOOGL,06/11/2013,442.41,443.93,440.19,440.33,3511600
GOOGL,06/12/2013,443.16,443.43,435.25,436.41,4405100
GOOGL,06/13/2013,434.91,440.26,433.17,438.92,4135600
GOOGL,06/14/2013,440.48,442.78,437.49,437.94,4485500
GOOGL,06/17/2013,440.04,445.15,439.57,443.55,4288300
GOOGL,06/18/2013,444.76,450.94,444.61,450.75,4329400
GOOGL,06/19/2013,451.12,455.86,449.18,450.78,5825900
GOOGL,06/20/2013,447.43,450.94,442.08,442.8,6737200
GOOGL,06/21/2013,444.6,445.37,436.96,440.89,7956600
GOOGL,06/24/2013,436.36,438.58,432.04,435.32,6027700
GOOGL,06/25/2013,439.06,440.27,432.67,433.52,5101200
GOOGL,06/26/2013,437.3,439.43,435.71,437.25,3659100
GOOGL,06/27/2013,439.83,442.77,438.75,438.96,3849100
GOOGL,06/28/2013,437.87,441.35,437.52,440.61,4693900
GOOGL,07/01/2013,443.65,446.47,442.93,444.37,3446100
GOOGL,07/02/2013,445.53,445.93,439.06,441.58,3779200
GOOGL,07/03/2013,440.38,445.02,439.68,443.64,2091900
GOOGL,07/05/2013,445.44,448.14,444.1,447.18,3400300
GOOGL,07/08/2013,450.04,453.57,448.97,452.98,3935000
GOOGL,07/09/2013,455.94,456.92,449.43,453.06,3954800
GOOGL,07/10/2013,452.16,456.01,450.63,453.43,3413300
GOOGL,07/11/2013,456.94,460.85,454.7,460.57,5163200
GOOGL,07/12/2013,460.45,461.95,458.06,461.95,5131200
GOOGL,07/15/2013,462.6,464.45,458.62,462.79,3917000
GOOGL,07/16/2013,464.01,464.43,457.39,460.25,3962000
GOOGL,07/17/2013,460.95,463.88,458.59,459.72,3009100
GOOGL,07/18/2013,459.94,460.45,452.03,455.78,7261700
GOOGL,07/19/2013,443.73,451.91,438.23,448.73,14703800
GOOGL,07/22/2013,451.44,456.78,448.93,455.79,5800500
GOOGL,07/23/2013,455.79,456.94,450.22,452.34,4087300
GOOGL,07/24/2013,454.07,455.59,450.79,451.89,4152800
GOOGL,07/25/2013,447.37,448.86,443.47,444.28,5996100
GOOGL,07/26/2013,443.92,445.43,441.43,443.1,3551800
GOOGL,07/29/2013,442.88,447.84,440.87,441.56,3780000
GOOGL,07/30/2013,443.16,448.24,440.86,445.89,3507600
GOOGL,07/31/2013,446.93,448.69,443.52,444.31,4342600
GOOGL,08/01/2013,447.93,452.71,447.93,452.55,4272500
GOOGL,08/02/2013,452.16,453.94,450.85,453.72,3424300
GOOGL,08/05/2013,453.13,453.2,450.04,452.94,2616700
GOOGL,08/06/2013,452.78,455.3,448.3,448.72,3009100
GOOGL,08/07/2013,447.95,449.66,444.98,445.76,2755600
GOOGL,08/08/2013,448.18,448.35,443.07,446.76,2973000
GOOGL,08/09/2013,445.71,448.19,445.43,445.64,2644700
GOOGL,08/12/2013,443.88,443.93,441.25,443.18,2751200
GOOGL,08/13/2013,443.84,444.68,438.52,441.05,2836700
GOOGL,08/14/2013,439.61,440.54,434,435.33,4160200
GOOGL,08/15/2013,432.64,432.88,429.42,430.25,3734600
GOOGL,08/16/2013,431.06,431.64,428.69,428.87,3346800
GOOGL,08/19/2013,429.27,436.42,429.14,433.24,3618100
GOOGL,08/20/2013,434.6,436.48,432.19,433.13,2463500
GOOGL,08/21/2013,435.75,438.88,433.67,435.09,3511000
GOOGL,08/22/2013,436.77,437.8,435.55,437.28,1738000
GOOGL,08/23/2013,439.34,439.43,435.3,435.53,2152000
GOOGL,08/26/2013,435.42,437.87,433.44,433.61,2102800
GOOGL,08/27/2013,430.23,432.28,424.36,425.49,3464700
GOOGL,08/28/2013,425.54,428.12,424.3,424.69,2657100
GOOGL,08/29/2013,424.95,430.61,424.71,428.13,2954000
GOOGL,08/30/2013,428.29,429.44,423.19,423.86,3719400
GOOGL,09/03/2013,427.59,433.51,427.39,430.61,4091100
GOOGL,09/04/2013,430.59,437.17,428,436.24,4078300
GOOGL,09/05/2013,437.17,440.37,436.23,440.21,2580000
GOOGL,09/06/2013,441.65,442.32,437.29,440.22,3120000
GOOGL,09/09/2013,442.29,445.31,441.64,444.46,2466700
GOOGL,09/10/2013,445.44,446.43,442.43,444.77,2572600
GOOGL,09/11/2013,444.7,448.92,443.47,448.53,3217900
GOOGL,09/12/2013,449.13,449.39,445.44,446.96,2188800
GOOGL,09/13/2013,447.68,448.27,442.85,444.97,2648100
GOOGL,09/16/2013,448.53,448.93,442.86,444.31,2670300
GOOGL,09/17/2013,444.13,444.63,440.93,443.48,2516200
GOOGL,09/18/2013,443.6,452.42,441.96,452.1,3865500
GOOGL,09/19/2013,453.43,453.43,448.13,449.63,3192600
GOOGL,09/20/2013,449.63,452.5,448.24,451.99,8681900
GOOGL,09/23/2013,448.51,451.23,443.03,443.68,3551200
GOOGL,09/24/2013,443.68,445.48,441.13,443.85,2970600
GOOGL,09/25/2013,443.7,443.7,438.22,439.04,3294700
GOOGL,09/26/2013,439.58,441.8,437.92,439.51,2517200
GOOGL,09/27/2013,437.83,439.19,436.08,438.62,2515000
GOOGL,09/30/2013,434.96,440.85,434.58,438.38,3441300
GOOGL,10/01/2013,440.55,444.27,440.45,443.93,3366200
GOOGL,10/02/2013,441.79,445.11,439.34,444.43,2987600
GOOGL,10/03/2013,444.43,447.48,436.47,438.47,4229700
GOOGL,10/04/2013,437.92,439.18,435.42,436.6,2713200
GOOGL,10/07/2013,434.15,437.42,432.47,433.29,2584600
GOOGL,10/08/2013,433.08,433.41,426.23,427.25,3883500
GOOGL,10/09/2013,428.55,431.74,421.9,428.34,5297200
GOOGL,10/10/2013,432.34,434.84,430.52,434.54,4506000
GOOGL,10/11/2013,433.43,437.16,433.07,436.42,2814900
GOOGL,10/14/2013,433.75,438.55,433.11,438.48,2484700
GOOGL,10/15/2013,438.3,443.24,437.42,441.43,3180600
GOOGL,10/16/2013,443.36,449.6,442.43,449.45,4011100
GOOGL,10/17/2013,446.93,448.88,443.29,444.83,8504600
GOOGL,10/18/2013,488.76,508.22,487.47,506.2,23109600
GOOGL,10/21/2013,506.22,509.99,500.26,502.14,7249300
GOOGL,10/22/2013,502.99,506.99,498.38,503.99,4412700
GOOGL,10/23/2013,500.99,517.88,500.8,516.2,5321000
GOOGL,10/24/2013,516.43,520.79,512.9,513.27,4180000
GOOGL,10/25/2013,514.91,514.91,505.86,508.09,4056900
GOOGL,10/28/2013,508.09,512.21,506.98,507.99,2315000
GOOGL,10/29/2013,510.04,518.97,507.24,518.62,3206700
GOOGL,10/30/2013,519.22,519.26,513.5,515.71,2645500
GOOGL,10/31/2013,514.96,521.26,512.48,515.79,3276700
GOOGL,11/01/2013,516.39,518.5,513.05,514.02,2564000
GOOGL,11/04/2013,516.25,516.69,511.51,513.55,2275300
GOOGL,11/05/2013,510.67,516.32,509.2,511.25,2360400
GOOGL,11/06/2013,513.3,514,508.18,511.87,1823900
GOOGL,11/07/2013,511.8,512.46,504.31,504.46,3355800
GOOGL,11/08/2013,504.86,509.74,504.74,508.51,2579000
GOOGL,11/11/2013,505.24,508.46,504.49,505.78,2222900
GOOGL,11/12/2013,504.34,509.27,502.99,506.38,2433700
GOOGL,11/13/2013,503.86,516.93,503.74,516.74,3155600
GOOGL,11/14/2013,517.46,520.38,515.67,518.12,2331000
GOOGL,11/15/2013,517.94,519.5,515.65,517.28,2550000
GOOGL,11/18/2013,518.38,524.88,515.12,516.27,3515800
GOOGL,11/19/2013,516.36,517.88,512.02,513.1,2260900
GOOGL,11/20/2013,515.47,517.18,510.67,511.65,1925400
GOOGL,11/21/2013,514,519.66,513.5,517.54,2181400
GOOGL,11/22/2013,517.21,518.59,515.11,516.44,2505800
GOOGL,11/25/2013,519.08,527.11,518.01,523.47,3222700
GOOGL,11/26/2013,524.81,531.26,521.98,529.72,4568000
GOOGL,11/27/2013,531.53,534.52,530.51,532.07,2244900
GOOGL,11/29/2013,531.59,533.83,530.24,530.31,2383200
GOOGL,12/02/2013,532.27,533.69,525.89,527.75,2743600
GOOGL,12/03/2013,525.98,532.24,525.02,527.14,3348800
GOOGL,12/04/2013,526.19,532.51,525.51,529.6,2380800
GOOGL,12/05/2013,529.11,530.34,526.05,529.18,2265100
GOOGL,12/06/2013,535.41,535.52,530.55,535.45,2854700
GOOGL,12/09/2013,536.01,541.68,534.53,539.59,2962200
GOOGL,12/10/2013,538.6,546.68,538.35,542.86,3704000
GOOGL,12/11/2013,544.23,546.19,538.11,539.17,3420100
GOOGL,12/12/2013,540.31,541.99,535.02,535.5,3189800
GOOGL,12/13/2013,538.22,538.67,529.46,530.91,4320400
GOOGL,12/16/2013,532.52,537.87,531.52,537.01,3200700
GOOGL,12/17/2013,536.93,540.9,534.71,535.45,3068300
GOOGL,12/18/2013,536.44,543,530.03,542.9,4416100
GOOGL,12/19/2013,540.91,546.52,540.06,543.64,3328000
GOOGL,12/20/2013,544.68,551.12,544.53,550.84,6516600
GOOGL,12/23/2013,554.46,558.44,553.1,558.09,3439700
GOOGL,12/24/2013,558.03,558.16,554.59,556.46,1466900
GOOGL,12/26/2013,557.54,560.04,554.88,559.27,2672900
GOOGL,12/27/2013,560.54,560.68,557.01,559.74,3136200
GOOGL,12/30/2013,560.71,560.79,555.05,555.27,2469700
GOOGL,12/31/2013,556.66,561.04,553.67,560.9,2713000
GOOGL,01/02/2014,558.27,559.42,554.67,557.1,3639100
GOOGL,01/03/2014,558.04,559.01,553,553.04,3330000
GOOGL,01/06/2014,557.04,559.97,553.76,559.2,3535000
GOOGL,01/07/2014,563.05,570.4,561.12,569.98,5100000
GOOGL,01/08/2014,573.56,574.22,567.19,571.17,4480500
GOOGL,01/09/2014,572.27,572.66,563.33,565.67,4164800
GOOGL,01/10/2014,570.09,570.09,561.67,565.64,4282700
GOOGL,01/13/2014,563.78,574.01,559.13,562.03,4832900
GOOGL,01/14/2014,569.53,576.06,564.59,575.26,4960200
GOOGL,01/15/2014,577.05,578.06,572.45,574.87,3896400
GOOGL,01/16/2014,575.11,579.53,574.56,578.67,3364400
GOOGL,01/17/2014,578.99,580.88,572.65,575.82,5397100
GOOGL,01/21/2014,581.03,582.56,576.21,582.41,3955800
GOOGL,01/22/2014,583.87,584.51,579.99,583.07,3139600
GOOGL,01/23/2014,580.56,581.81,577.74,580.61,3894300
GOOGL,01/24/2014,576.06,577.33,562.04,562.46,7777200
GOOGL,01/27/2014,563.6,563.8,541.66,551.15,8698400
GOOGL,01/28/2014,555.7,563.42,555.51,562.05,4415900
GOOGL,01/29/2014,560.1,561.42,550.24,554,4755000
GOOGL,01/30/2014,573.05,576.8,564.17,568.25,10172600
GOOGL,01/31/2014,586.24,593.84,576.12,591.06,11121400
GOOGL,02/03/2014,590.17,591.43,566.55,567.26,9129000
GOOGL,02/04/2014,569.55,578.06,569.06,569.63,5618100
GOOGL,02/05/2014,572.24,575.94,564.56,572.15,4784200
GOOGL,02/06/2014,576.12,580.64,574.33,580.54,3889300
GOOGL,02/07/2014,584.38,589.52,580.84,589.29,5267100
GOOGL,02/10/2014,586.47,591.77,585.08,587.03,3886500
GOOGL,02/11/2014,590.66,596.51,586.67,595.67,4097400
GOOGL,02/12/2014,595.08,595.58,591.26,593.92,3445500
GOOGL,02/13/2014,590.95,600.53,590.4,600.53,3669100
GOOGL,02/14/2014,598.38,602.78,596.98,601.98,4369000
GOOGL,02/18/2014,601.29,607.02,600.58,606.03,4213500
GOOGL,02/19/2014,603.23,605.2,599.33,601.75,4202900
GOOGL,02/20/2014,602.15,604.03,600.69,602.64,3398100
GOOGL,02/21/2014,604.49,605.52,602,602.48,3720800
GOOGL,02/24/2014,603.26,610.67,603.13,606.84,3345200
GOOGL,02/25/2014,608.56,612.84,605.8,610.59,2874500
GOOGL,02/26/2014,612.59,615.04,607.47,610.68,3960400
GOOGL,02/27/2014,609.79,612.71,609.09,610.2,2517400
GOOGL,02/28/2014,610.76,612.69,603.69,608.41,4622500
GOOGL,03/03/2014,603.96,604.51,596.65,601.93,4205300
GOOGL,03/04/2014,608.09,608.59,605.34,608.04,2932400
GOOGL,03/05/2014,608.11,612.13,606.29,609.72,2468100
GOOGL,03/06/2014,611.73,613.67,609.89,610.4,2533600
GOOGL,03/07/2014,613.99,614.09,606.31,607.98,3027100
GOOGL,03/10/2014,608.43,609.41,602.63,606.37,2426700
GOOGL,03/11/2014,607.47,607.75,598.9,600.58,3422500
GOOGL,03/12/2014,598.78,604.51,592.67,604.23,3924600
GOOGL,03/13/2014,604.56,605.84,592.95,595.11,4686500
GOOGL,03/14/2014,591.57,596.01,586.83,586.97,4583200
GOOGL,03/17/2014,590.2,599.12,589.63,596.63,4319800
GOOGL,03/18/2014,597.91,606.35,597.11,606.22,3626300
GOOGL,03/19/2014,606.49,606.58,597.78,600.21,3222500
GOOGL,03/20/2014,600.56,605.39,598.26,599.16,3366000
GOOGL,03/21/2014,603.74,605.4,591.8,592.09,6410500
GOOGL,03/24/2014,592.67,593.02,573.53,579.53,6068100
GOOGL,03/25/2014,583.56,585.49,574.06,579.92,4815500
GOOGL,03/26/2014,581.57,586.35,566.3,566.53,5154800
GOOGL,03/27/2014,565.97,566.52,551.58,557.68,7636700
GOOGL,03/28/2014,560.04,567.14,559.43,560.62,4513200
GOOGL,03/31/2014,565.75,568.05,556.96,557.8,3880700
GOOGL,04/01/2014,560.68,569.3,559.54,567.99,2181000
GOOGL,04/02/2014,571.5,572.95,562.54,568.1,4168000
GOOGL,04/03/2014,573.39,588.3,566.01,571.5,4018300
GOOGL,04/04/2014,578.55,579.72,544.49,545.25,5363700
GOOGL,04/07/2014,544.79,549.85,530.53,540.63,3961600
GOOGL,04/08/2014,545.05,559.88,544.7,557.51,3482500
GOOGL,04/09/2014,565.84,567.8,555.38,567.04,3031600
GOOGL,04/10/2014,568,568.21,545.5,546.69,3294500
GOOGL,04/11/2014,537.94,547.59,533.4,537.76,3174700
GOOGL,04/14/2014,543.66,553.02,540.52,545.2,2541200
GOOGL,04/15/2014,551,552.89,530.64,548.7,3997800
GOOGL,04/16/2014,557.7,564,553.1,563.9,4582200
GOOGL,04/17/2014,556.32,557,539.4,543.34,5614700
GOOGL,04/21/2014,544,544,534,539.37,2425100
GOOGL,04/22/2014,536,547.99,536,545.5,2331100
GOOGL,04/23/2014,543.67,544.8,528.13,537.51,1955700
GOOGL,04/24/2014,541.69,542.5,531,534.44,2067400
GOOGL,04/25/2014,532.26,533.86,522.5,523.1,2370000
GOOGL,04/28/2014,525.8,525.9,511,522.98,3752800
GOOGL,04/29/2014,523.89,537.76,523,536.33,2535200
GOOGL,04/30/2014,535.12,536.34,529.09,534.88,2038500
GOOGL,05/01/2014,534.25,539.91,532.86,538.53,2004300
GOOGL,05/02/2014,541.44,542.4,533.27,533.87,1780800
GOOGL,05/05/2014,530.24,535.72,527.58,535.33,1228400
GOOGL,05/06/2014,533.41,534.55,522.26,522.57,1835000
GOOGL,05/07/2014,523.25,524.43,511.09,518,3074300
GOOGL,05/08/2014,515.72,527.35,514.46,520.17,2452000
GOOGL,05/09/2014,518.65,527.35,514.28,526.62,2261200
GOOGL,05/12/2014,531.84,538.75,527.51,538.43,1948400
GOOGL,05/13/2014,539.58,543.99,537.9,541.54,2012000
GOOGL,05/14/2014,541.82,541.82,533.11,534.41,1280900
GOOGL,05/15/2014,533.14,534,525.31,529.12,1832900
GOOGL,05/16/2014,529.6,530.84,523.57,528.3,1907700
GOOGL,05/19/2014,528.88,539.35,525.66,538.83,1976500
GOOGL,05/20/2014,540,546.35,536.57,540.39,2425300
GOOGL,05/21/2014,542.9,549.75,542.11,549.7,1564700
GOOGL,05/22/2014,552.2,557.96,551,555.45,2149700
GOOGL,05/23/2014,558.13,565,554.17,563.8,2672500
GOOGL,05/27/2014,567.78,574.87,564.15,574.87,2185800
GOOGL,05/28/2014,574.57,577.66,569.95,570.45,1581600
GOOGL,05/29/2014,573.39,573.48,568.45,570.56,1411100
GOOGL,05/30/2014,571.64,572.58,565.79,571.65,1871700
GOOGL,06/02/2014,569.75,570.41,556.7,564.34,1660500
GOOGL,06/03/2014,560.9,562.4,552.53,554.51,2031300
GOOGL,06/04/2014,551.52,558.58,548.56,553.76,1729100
GOOGL,06/05/2014,557.11,565,555.05,564.93,1793400
GOOGL,06/06/2014,568.16,568.8,559.58,566.03,1740200
GOOGL,06/09/2014,566.75,572,565.22,570.73,1529700
GOOGL,06/10/2014,568.78,572,566.13,568.3,1483800
GOOGL,06/11/2014,565.92,568.97,563.68,567.5,1129000
GOOGL,06/12/2014,567,567,557.15,559.5,1546500
GOOGL,06/13/2014,560.08,560.65,553.72,560.35,1353300
GOOGL,06/16/2014,557.25,557.99,550,552.3,1938500
GOOGL,06/17/2014,552.36,553.74,547.47,550.62,1477600
GOOGL,06/18/2014,552.8,561.4,551.58,560.66,2060600
GOOGL,06/19/2014,561.15,565,556.67,564.99,2627400
GOOGL,06/20/2014,566.45,566.77,559.37,566.52,3160600
GOOGL,06/23/2014,564.35,574.44,563.5,574.29,1722800
GOOGL,06/24/2014,574.22,582.25,569.16,572.54,2844300
GOOGL,06/25/2014,573.55,587.3,573.26,585.93,2114700
GOOGL,06/26/2014,589.3,589.6,579.6,584.77,2002300
GOOGL,06/27/2014,585.45,587.88,582.62,585.69,2021300
GOOGL,06/30/2014,586.76,587.71,583.29,584.67,1478900
GOOGL,07/01/2014,587.65,593.66,586.29,591.49,1643200
GOOGL,07/02/2014,592.26,594.15,589.11,590.78,1195800
GOOGL,07/03/2014,591.7,594.25,589,593.08,898900
GOOGL,07/07/2014,593.51,595.65,587.94,590.76,1336700
GOOGL,07/08/2014,586.36,587.97,574,578.4,2125200
GOOGL,07/09/2014,578.95,584.1,577,583.36,1372800
GOOGL,07/10/2014,573,585.25,572.1,580.04,1436200
GOOGL,07/11/2014,581,588.23,580.58,586.65,1511600
GOOGL,07/14/2014,590.6,594.86,586.69,594.26,1951600
GOOGL,07/15/2014,595.15,595.3,585.31,593.06,1673800
GOOGL,07/16/2014,596.89,597,590.25,590.62,1440800
GOOGL,07/17/2014,588.97,589.5,576.85,580.82,2935300
GOOGL,07/18/2014,603.01,606.7,590.92,605.11,4871600
GOOGL,07/21/2014,601.35,604.16,594.45,598.44,2237900
GOOGL,07/22/2014,599.7,608.89,599.26,603.57,1881600
GOOGL,07/23/2014,602.05,607.05,601.35,605.19,1106000
GOOGL,07/24/2014,605.53,608.91,601,603.01,1355000
GOOGL,07/25/2014,599.25,601,595.75,598.08,1360000
GOOGL,07/28/2014,597.75,601.1,592.59,599.02,1358100
GOOGL,07/29/2014,597.7,598.49,592.17,593.95,1366600
GOOGL,07/30/2014,595.81,598.45,592.7,595.44,1215100
GOOGL,07/31/2014,588.96,591.99,577.68,579.55,2309500
GOOGL,08/01/2014,578.55,583.43,570.3,573.6,2213300
GOOGL,08/04/2014,576.51,583.82,572.26,582.27,1519400
GOOGL,08/05/2014,579.38,580.2,570.31,573.14,1643800
GOOGL,08/06/2014,569.5,578.64,567.45,574.49,1322800
GOOGL,08/07/2014,576.05,578.31,569.43,571.81,1163000
GOOGL,08/08/2014,572.02,579.56,569.02,577.94,1493300
GOOGL,08/11/2014,579,579.69,575.3,577.25,1171300
GOOGL,08/12/2014,575,575.9,569.91,572.12,1394500
GOOGL,08/13/2014,576.45,586.12,575.2,584.56,1899400
GOOGL,08/14/2014,586.69,587.8,580.92,584.65,1272900
GOOGL,08/15/2014,587.5,589.47,580.76,583.71,1723400
GOOGL,08/18/2014,587.1,595.05,586.55,592.7,1466000
GOOGL,08/19/2014,595.59,597.81,594.44,597.11,1043200
GOOGL,08/20/2014,596.95,596.99,593,595.41,967300
GOOGL,08/21/2014,594.9,595.25,591.1,592.42,1132000
GOOGL,08/22/2014,593.27,594.99,589.8,592.54,877200
GOOGL,08/25/2014,594.77,595.58,589.26,590.57,1295600
GOOGL,08/26/2014,592,592.05,587.45,588.12,1471700
GOOGL,08/27/2014,587.81,589.37,580.9,583,1364600
GOOGL,08/28/2014,580.02,584.71,577.88,580.32,1405800
GOOGL,08/29/2014,582.35,582.9,578.24,582.36,1206100
GOOGL,09/02/2014,582.95,589.3,582.4,588.63,1583000
GOOGL,09/03/2014,591.73,594.49,586.5,589.52,1579000
GOOGL,09/04/2014,592.13,598,590.6,593.14,1630800
GOOGL,09/05/2014,595.13,598.5,593.55,597.78,1799100
GOOGL,09/08/2014,599.14,603.52,598.02,601.63,1599200
GOOGL,09/09/2014,600.27,600.6,590.48,591.97,1571200
GOOGL,09/10/2014,591.74,593.72,587.14,593.42,1160100
GOOGL,09/11/2014,590,591.95,586.04,591.11,1501400
GOOGL,09/12/2014,590.39,591.48,583.28,584.9,1851500
GOOGL,09/15/2014,582.24,583.92,577.01,581.64,1545400
GOOGL,09/16/2014,580.95,590.15,580.95,588.78,1579600
GOOGL,09/17/2014,589.51,596.07,587.12,593.29,1719500
GOOGL,09/18/2014,595.05,597.56,593.02,597.27,1494500
GOOGL,09/19/2014,599.49,605.4,597.76,605.4,4191600
GOOGL,09/22/2014,602.5,603.8,593.12,597.27,1785101
GOOGL,09/23/2014,595,596.65,590.24,591.18,1398949
GOOGL,09/24/2014,591.57,600.11,590.3,598.42,1754676
GOOGL,09/25/2014,596.99,598.07,584.74,585.25,1663317
GOOGL,09/26/2014,585.93,589.57,585,587.9,1289090
GOOGL,09/29/2014,581.83,589.31,581.57,587.81,1144982
GOOGL,09/30/2014,587.49,591,584.5,588.41,1571688
GOOGL,10/01/2014,586.8,588.72,578.02,579.63,1449686
GOOGL,10/02/2014,578,583.24,574.05,580.88,1536935
GOOGL,10/03/2014,584.1,588.29,583.5,586.25,1214593
GOOGL,10/06/2014,589.95,592.4,585.4,587.78,1286130
GOOGL,10/07/2014,584.9,585.85,574.1,574.1,1546228
GOOGL,10/08/2014,574.79,584.69,567.64,583.74,2210360
GOOGL,10/09/2014,581.61,582.53,569.03,570.81,2413453
GOOGL,10/10/2014,567.47,575.23,555.01,555.19,2979673
GOOGL,10/13/2014,555.13,560.87,544.43,544.75,2756508
GOOGL,10/14/2014,550.14,558.63,544.5,548.69,2610033
GOOGL,10/15/2014,542.08,543.91,528.42,540.73,3836222
GOOGL,10/16/2014,527,540.99,524.95,536.92,3805046
GOOGL,10/17/2014,540.45,543.45,518.41,522.97,5998740
GOOGL,10/20/2014,520.45,533.16,519.14,532.38,2749830
GOOGL,10/21/2014,537.27,538.77,530.2,538.03,2460140
GOOGL,10/22/2014,541.05,550.76,540.23,542.69,2974550
GOOGL,10/23/2014,548.28,557.4,545.5,553.65,2153678
GOOGL,10/24/2014,554.98,555,545.16,548.9,2175767
GOOGL,10/27/2014,547.76,554,547.2,549.88,1598409
GOOGL,10/28/2014,551.71,559.2,550.43,558.94,1739666
GOOGL,10/29/2014,560.85,564.97,555.98,558.45,2053355
GOOGL,10/30/2014,558.25,562.5,552.13,560.27,1612469
GOOGL,10/31/2014,568.3,568.73,564.81,567.87,2341539
GOOGL,11/03/2014,563.53,567.15,561.63,563.77,1544338
GOOGL,11/04/2014,561.16,564.79,558.3,564.19,1386509
GOOGL,11/05/2014,566.79,566.9,554.15,555.95,1645264
GOOGL,11/06/2014,555.5,556.8,550.58,551.69,1650721
GOOGL,11/07/2014,555.6,555.6,549.35,551.82,1589131
GOOGL,11/10/2014,552.4,560.63,551.62,558.23,1304481
GOOGL,11/11/2014,558.52,562.5,556.24,561.29,1100179
GOOGL,11/12/2014,561.15,561.25,555.5,558.25,1094114
GOOGL,11/13/2014,560.81,560.82,554.09,556.44,1510989
GOOGL,11/14/2014,558,558,552.51,555.19,1425060
GOOGL,11/17/2014,555.19,555.19,544.44,546.64,1680621
GOOGL,11/18/2014,547.93,552.79,543.8,544.51,1822166
GOOGL,11/19/2014,544.75,548.22,539.19,547.2,1517286
GOOGL,11/20/2014,542.09,545.38,541.5,543.76,1750758
GOOGL,11/21/2014,551.04,551.04,545,545.89,2505988
GOOGL,11/24/2014,546.57,551.19,544.15,547.48,1653773
GOOGL,11/25/2014,547.21,552.5,546.91,549.23,1903589
GOOGL,11/26/2014,549.23,549.88,545.23,547.73,1480294
GOOGL,11/28/2014,547,549.6,544.48,549.08,1210061
GOOGL,12/01/2014,545.09,548.79,538.62,539.65,1994399
GOOGL,12/02/2014,539.45,541.85,534.66,538.59,2073974
GOOGL,12/03/2014,537.5,541.41,535.21,536.97,1623977
GOOGL,12/04/2014,537.64,542.69,534.89,542.58,1633688
GOOGL,12/05/2014,536.7,538.2,527.26,528.08,3070118
GOOGL,12/08/2014,529.22,533.82,527,530.73,3231818
GOOGL,12/09/2014,525.88,536.65,523.41,536.11,2168813
GOOGL,12/10/2014,535.9,539.36,527.49,528.04,2316204
GOOGL,12/11/2014,530.01,537.04,529.16,532.11,2073290
GOOGL,12/12/2014,527.44,532.24,521.46,521.51,2371543
GOOGL,12/15/2014,523.76,525.37,515.4,515.84,2621977
GOOGL,12/16/2014,513.6,515.58,497.19,498.16,4349882
GOOGL,12/17/2014,499.86,509.07,499.11,506.45,3639437
GOOGL,12/18/2014,515.99,516.25,506.56,514.62,3876732
GOOGL,12/19/2014,516.99,520.81,508.86,520.04,4872059
GOOGL,12/22/2014,520.61,532.97,520.59,532.3,3319461
GOOGL,12/23/2014,534.51,542.3,533.72,538.77,2877222
GOOGL,12/24/2014,538.82,540.29,535.1,536.93,737848
GOOGL,12/26/2014,536.93,543.25,535.49,541.52,1113464
GOOGL,12/29/2014,540.5,543.93,537.16,537.31,2218632
GOOGL,12/30/2014,534.96,537.84,533.61,535.28,1048631
GOOGL,12/31/2014,537.74,538.4,530.2,530.66,1236445
GOOGL,01/02/2015,532.6,535.8,527.88,529.55,1327870
GOOGL,01/05/2015,527.15,527.99,517.75,519.46,1944449
GOOGL,01/06/2015,520.5,521.21,505.55,506.64,2731813
GOOGL,01/07/2015,510.95,511.49,503.65,505.15,2345875
GOOGL,01/08/2015,501.51,507.5,495.02,506.91,3662224
GOOGL,01/09/2015,508.18,508.6,498.65,500.72,2065403
GOOGL,01/12/2015,499.24,500.28,490.91,497.06,2856938
GOOGL,01/13/2015,502.57,508.6,497.26,501.8,3050295
GOOGL,01/14/2015,500.42,508.26,498.16,505.93,2639959
GOOGL,01/15/2015,508.89,509.75,502.01,504.01,2556682
GOOGL,01/16/2015,503.15,510.85,503.09,510.45,2482858
GOOGL,01/20/2015,512.77,515.61,509.37,509.94,2343612
GOOGL,01/21/2015,510.84,521.85,509.59,520.39,2317789
GOOGL,01/22/2015,523,538.84,521.91,537.3,2803401
GOOGL,01/23/2015,538.03,545.41,535.75,541.95,2298290
GOOGL,01/26/2015,541.5,541.5,532.07,536.72,1546563
GOOGL,01/27/2015,531.4,532.78,520.86,521.19,1957440
GOOGL,01/28/2015,525,525.69,512.35,512.43,1760648
GOOGL,01/29/2015,512.9,515.19,503.48,513.23,3950857
GOOGL,01/30/2015,519,543.1,518.18,537.55,6055445
GOOGL,02/02/2015,534.32,536.5,521.72,532.2,3768861
GOOGL,02/03/2015,529.94,537.45,526.81,533.3,2353096
GOOGL,02/04/2015,533.14,536.75,525.03,526.1,1694832
GOOGL,02/05/2015,527.93,530.69,525.64,529.83,1658751
GOOGL,02/06/2015,531.01,540.22,528.65,533.88,2146922
GOOGL,02/09/2015,531.06,533.88,527.55,529.28,1515687
GOOGL,02/10/2015,532.15,541,529.17,540.16,2371468
GOOGL,02/11/2015,539.73,541.95,536,538,1915336
GOOGL,02/12/2015,539.66,548.34,537,546.01,2429520
GOOGL,02/13/2015,547.51,552.54,546.6,551.16,2369115
GOOGL,02/17/2015,551.16,553,543.26,545.01,1958679
GOOGL,02/18/2015,543.82,547.55,539.55,542.65,1558153
GOOGL,02/19/2015,542.47,546.86,540.75,546.45,1541669
GOOGL,02/20/2015,547.58,547.58,538.1,541.8,1911732
GOOGL,02/23/2015,539,539.3,532,535,1645276
GOOGL,02/24/2015,531.55,539.4,531,538.65,1421373
GOOGL,02/25/2015,538.44,549.57,538.01,547.33,2041827
GOOGL,02/26/2015,545.74,560.13,545.09,559.29,2701584
GOOGL,02/27/2015,558.15,569.42,557.03,562.63,3416445
GOOGL,03/02/2015,567,575.99,563.15,575.02,2520304
GOOGL,03/03/2015,576.35,580.85,570.5,578.79,2526280
GOOGL,03/04/2015,576.97,581.63,572.52,578.33,1898150
GOOGL,03/05/2015,579.62,583.2,578.23,581.43,1795889
GOOGL,03/06/2015,582,582.78,572.06,572.9,1879619
GOOGL,03/09/2015,570.92,575.45,569.05,574.1,1174244
GOOGL,03/10/2015,568.47,569.76,559.82,559.85,2004024
GOOGL,03/11/2015,559.8,564.18,555.41,555.69,2026158
GOOGL,03/12/2015,558.48,561.84,555.53,561.17,1780057
GOOGL,03/13/2015,559.23,564.36,550.33,553,1771354
GOOGL,03/16/2015,556.93,563.75,551.32,561.64,1842754
GOOGL,03/17/2015,558.29,560.64,554.41,557.61,1444560
GOOGL,03/18/2015,557.73,566.51,553.5,566.16,1766221
GOOGL,03/19/2015,564.52,566.96,562.12,563.67,1232969
GOOGL,03/20/2015,566.71,567.1,564.48,564.95,2216038
GOOGL,03/23/2015,566,569.64,563.06,565.37,1511686
GOOGL,03/24/2015,568.54,581.88,568.09,577.54,3957844
GOOGL,03/25/2015,577.57,580.07,567,567,2653451
GOOGL,03/26/2015,564.65,567.19,558.31,563.64,2492141
GOOGL,03/27/2015,561.83,564.07,556.93,557.55,1727629
GOOGL,03/30/2015,560.25,562.16,556.79,561.14,1239350
GOOGL,03/31/2015,557.94,562.45,554.67,554.7,1746622
GOOGL,04/01/2015,554.83,558.5,546.03,549.49,1945090
GOOGL,04/02/2015,547.41,548,540.44,541.31,2388019
GOOGL,04/06/2015,538.84,545.54,535.7,543.95,1685894
GOOGL,04/07/2015,544.99,550.16,543.59,544.86,1365916
GOOGL,04/08/2015,546,551.5,546,548.84,1419316
GOOGL,04/09/2015,549.21,549.37,541.95,548.02,1618299
GOOGL,04/10/2015,549.57,549.85,544.98,548.54,1305219
GOOGL,04/13/2015,547.05,553.27,546.3,548.64,1466277
GOOGL,04/14/2015,546.57,546.57,535.74,539.78,2360329
GOOGL,04/15/2015,537.96,543.19,532.37,541.04,2348087
GOOGL,04/16/2015,538.35,545.23,538.1,543.52,1586088
GOOGL,04/17/2015,537.31,539.8,529,532.74,2461698
GOOGL,04/20/2015,533.75,545.8,533.35,544.53,1926064
GOOGL,04/21/2015,546.31,547.77,542.21,542.92,1456387
GOOGL,04/22/2015,543.06,551,541.32,549.18,1590320
GOOGL,04/23/2015,550.41,561.17,550.08,557.46,3909155
GOOGL,04/24/2015,580.05,584.7,568.35,573.66,4608403
GOOGL,04/27/2015,572.77,575.52,562.3,566.12,2403105
GOOGL,04/28/2015,564.32,567.83,560.96,564.37,1859787
GOOGL,04/29/2015,560.51,565.84,559,561.39,1681064
GOOGL,04/30/2015,558.56,561.11,546.72,548.77,2362024
GOOGL,05/01/2015,550.51,551.22,543.85,551.16,1828566
GOOGL,05/04/2015,550.99,556.69,547.39,552.84,1762952
GOOGL,05/05/2015,550.16,552.61,542.37,543.05,1426417
GOOGL,05/06/2015,542.64,543.93,532.23,535.08,1951728
GOOGL,05/07/2015,535.9,545.2,533.45,542.04,1592220
GOOGL,05/08/2015,548.87,552.8,548.03,548.95,1411264
GOOGL,05/11/2015,548.49,553.37,545.6,545.78,1092923
GOOGL,05/12/2015,542.81,542.96,535,538.73,1764123
GOOGL,05/13/2015,540.47,543.84,538.98,539.49,1190432
GOOGL,05/14/2015,543.97,549.69,542.5,549.2,1586833
GOOGL,05/15/2015,550.39,550.6,542.5,546.49,1671977
GOOGL,05/18/2015,543.82,548.34,542.25,546.67,1335256
GOOGL,05/19/2015,548,553.4,547.12,549.28,2356274
GOOGL,05/20/2015,550.92,556.07,545.1,552.51,1541962
GOOGL,05/21/2015,550.2,557.61,549.3,556.81,1708512
GOOGL,05/22/2015,554.46,558.24,553.62,554.52,1213288
GOOGL,05/26/2015,552.58,553.33,542.97,547.19,1873709
GOOGL,05/27/2015,548.68,555.29,546.58,554.25,1742237
GOOGL,05/28/2015,553.79,555.76,550.8,554.18,1177318
GOOGL,05/29/2015,553.2,553.94,545.04,545.32,2172282
GOOGL,06/01/2015,548.73,550.57,543.58,549.21,1660500
GOOGL,06/02/2015,547.43,558.79,546.55,553.95,1592828
GOOGL,06/03/2015,555.1,557.99,552.15,555.29,1335479
GOOGL,06/04/2015,552.18,555.96,549.12,551.69,1343317
GOOGL,06/05/2015,552,553.33,547.38,549.53,1212404
