Ticker,Date,Open,High,Low,Close,Volume,AdjClose,Dividend,Split
LYB,04/28/2010,22.25,22.25,21.7,22.0,5244400.0,15.96,0.0,1.0
LYB,04/29/2010,22.0,23.25,21.9,23.0,8773600.0,16.69,0.0,1.0
LYB,04/30/2010,22.95,23.0,22.25,22.3,1644400.0,16.18,0.0,1.0
LYB,05/03/2010,22.75,22.95,22.65,22.8,3302700.0,16.54,0.0,1.0
LYB,05/04/2010,22.8,22.8,21.5,21.5,2276500.0,15.6,0.0,1.0
LYB,05/05/2010,22.0,22.0,20.0,20.59,6999200.0,14.94,0.0,1.0
LYB,05/06/2010,20.5,20.55,18.45,19.45,8029400.0,14.11,0.0,1.0
LYB,05/07/2010,19.5,19.55,17.9,18.6,3881500.0,13.49,0.0,1.0
LYB,05/10/2010,19.75,19.85,18.7,19.01,3861100.0,13.79,0.0,1.0
LYB,05/11/2010,18.75,19.28,18.75,18.9,2626900.0,13.71,0.0,1.0
LYB,05/12/2010,19.2,20.04,19.2,19.8,5714300.0,14.37,0.0,1.0
LYB,05/13/2010,19.85,20.1,19.6,19.65,2475900.0,14.26,0.0,1.0
LYB,05/14/2010,19.3,19.4,18.75,18.75,3133400.0,13.6,0.0,1.0
LYB,05/17/2010,19.0,19.2,18.7,18.85,10117000.0,13.68,0.0,1.0
LYB,05/18/2010,19.05,19.32,18.25,18.79,6219800.0,13.63,0.0,1.0
LYB,05/19/2010,18.9,18.93,17.55,17.7,6227700.0,12.84,0.0,1.0
LYB,05/20/2010,17.14,17.14,16.2,16.9,10248400.0,12.26,0.0,1.0
LYB,05/21/2010,16.35,17.12,16.25,16.55,4560800.0,12.01,0.0,1.0
LYB,05/24/2010,16.7,17.15,16.68,16.9,1761300.0,12.26,0.0,1.0
LYB,05/25/2010,16.79,16.79,16.2,16.57,4649600.0,12.02,0.0,1.0
LYB,05/26/2010,16.99,17.4,16.8,17.15,2079300.0,12.44,0.0,1.0
LYB,05/27/2010,17.65,18.0,17.65,17.9,3156100.0,12.99,0.0,1.0
LYB,05/28/2010,17.9,17.9,16.25,17.77,222200.0,12.89,0.0,1.0
LYB,06/01/2010,17.65,17.8,17.2,17.5,900800.0,12.7,0.0,1.0
LYB,06/02/2010,17.61,17.66,17.22,17.33,829900.0,12.57,0.0,1.0
LYB,06/03/2010,17.45,17.5,17.15,17.33,2173600.0,12.57,0.0,1.0
LYB,06/04/2010,17.05,17.1,16.75,17.05,3147200.0,12.37,0.0,1.0
LYB,06/07/2010,17.15,17.2,16.74,16.89,2826800.0,12.25,0.0,1.0
LYB,06/08/2010,17.03,17.03,16.5,16.75,2037700.0,12.15,0.0,1.0
LYB,06/09/2010,16.79,17.1,16.7,16.79,1410200.0,12.18,0.0,1.0
LYB,06/10/2010,16.97,17.07,16.85,16.97,1401000.0,12.31,0.0,1.0
LYB,06/11/2010,16.94,17.19,16.94,17.14,452500.0,12.44,0.0,1.0
LYB,06/14/2010,17.19,17.58,17.19,17.49,1008500.0,12.69,0.0,1.0
LYB,06/15/2010,17.48,18.0,17.35,17.97,1974300.0,13.04,0.0,1.0
LYB,06/16/2010,17.93,17.97,17.63,17.64,1041500.0,12.8,0.0,1.0
LYB,06/17/2010,17.68,17.75,17.14,17.3,1090600.0,12.55,0.0,1.0
LYB,06/18/2010,17.33,17.35,17.15,17.21,1373700.0,12.49,0.0,1.0
LYB,06/21/2010,17.45,17.53,17.09,17.1,514100.0,12.41,0.0,1.0
LYB,06/22/2010,17.09,17.1,16.8,16.84,1502900.0,12.22,0.0,1.0
LYB,06/23/2010,16.9,16.95,16.6,16.65,1125700.0,12.08,0.0,1.0
LYB,06/24/2010,16.69,16.92,16.35,16.8,2151600.0,12.19,0.0,1.0
LYB,06/25/2010,16.9,16.92,16.7,16.82,612000.0,12.2,0.0,1.0
LYB,06/28/2010,16.87,16.87,16.7,16.87,355800.0,12.24,0.0,1.0
LYB,06/29/2010,16.74,16.74,16.25,16.25,2561000.0,11.79,0.0,1.0
LYB,06/30/2010,16.27,16.5,16.15,16.15,1534100.0,11.72,0.0,1.0
LYB,07/01/2010,16.24,16.3,15.4,15.55,4006100.0,11.28,0.0,1.0
LYB,07/02/2010,15.58,15.69,15.4,15.48,231700.0,11.23,0.0,1.0
LYB,07/06/2010,15.5,15.59,14.9,15.06,833700.0,10.93,0.0,1.0
LYB,07/07/2010,15.05,15.15,14.86,15.0,2137200.0,10.88,0.0,1.0
LYB,07/08/2010,14.95,15.15,14.95,15.05,2422200.0,10.92,0.0,1.0
LYB,07/09/2010,15.1,16.02,15.0,15.8,1478700.0,11.46,0.0,1.0
LYB,07/12/2010,15.82,16.02,15.8,15.82,786100.0,11.48,0.0,1.0
LYB,07/13/2010,15.83,16.5,15.83,16.4,1647300.0,11.9,0.0,1.0
LYB,07/14/2010,16.4,16.45,16.25,16.4,1537200.0,11.9,0.0,1.0
LYB,07/15/2010,16.43,16.43,16.0,16.37,905900.0,11.88,0.0,1.0
LYB,07/16/2010,16.3,16.3,16.0,16.2,624700.0,11.75,0.0,1.0
LYB,07/19/2010,16.18,16.7,16.11,16.45,497300.0,11.93,0.0,1.0
LYB,07/20/2010,16.44,16.44,16.15,16.19,1244700.0,11.75,0.0,1.0
LYB,07/21/2010,16.19,16.3,16.19,16.24,1801200.0,11.78,0.0,1.0
LYB,07/22/2010,16.26,16.59,16.26,16.55,1126300.0,12.01,0.0,1.0
LYB,07/23/2010,16.55,16.79,16.52,16.78,1415100.0,12.17,0.0,1.0
LYB,07/26/2010,17.0,17.7,17.0,17.65,3400400.0,12.81,0.0,1.0
LYB,07/27/2010,17.92,18.34,17.25,18.23,5778800.0,13.23,0.0,1.0
LYB,07/28/2010,18.22,18.22,17.82,17.93,2440000.0,13.01,0.0,1.0
LYB,07/29/2010,18.1,18.15,17.84,17.94,1598500.0,13.02,0.0,1.0
LYB,07/30/2010,17.92,18.07,17.68,18.0,2023100.0,13.06,0.0,1.0
LYB,08/02/2010,18.15,18.26,18.05,18.06,1543000.0,13.1,0.0,1.0
LYB,08/03/2010,18.09,18.12,17.7,17.9,1558700.0,12.99,0.0,1.0
LYB,08/04/2010,17.9,18.46,17.9,18.3,4194300.0,13.28,0.0,1.0
LYB,08/05/2010,18.3,18.3,18.2,18.24,252300.0,13.23,0.0,1.0
LYB,08/06/2010,18.22,18.25,17.92,18.0,500600.0,13.06,0.0,1.0
LYB,08/09/2010,18.0,18.15,17.99,18.05,1252900.0,13.1,0.0,1.0
LYB,08/10/2010,18.05,18.05,17.9,17.99,1056300.0,13.05,0.0,1.0
LYB,08/11/2010,17.8,17.8,17.6,17.61,2021000.0,12.78,0.0,1.0
LYB,08/12/2010,17.63,17.63,17.4,17.5,3260500.0,12.7,0.0,1.0
LYB,08/13/2010,17.51,18.03,17.51,18.02,2973700.0,13.07,0.0,1.0
LYB,08/16/2010,18.85,19.3,18.65,18.7,10729700.0,13.57,0.0,1.0
LYB,08/17/2010,18.95,19.2,18.95,19.07,4572800.0,13.84,0.0,1.0
LYB,08/18/2010,19.1,20.05,19.1,19.8,3564800.0,14.37,0.0,1.0
LYB,08/19/2010,19.89,20.09,19.0,19.8,5313000.0,14.37,0.0,1.0
LYB,08/20/2010,19.8,20.02,19.76,19.89,3292700.0,14.43,0.0,1.0
LYB,08/23/2010,19.9,20.25,19.9,20.06,2222900.0,14.55,0.0,1.0
LYB,08/24/2010,19.8,20.05,19.7,19.99,5178500.0,14.5,0.0,1.0
LYB,08/25/2010,19.94,20.05,19.87,19.93,3994300.0,14.46,0.0,1.0
LYB,08/26/2010,19.95,20.5,19.95,20.0,2807100.0,14.51,0.0,1.0
LYB,08/27/2010,20.14,20.44,19.98,20.44,1984200.0,14.83,0.0,1.0
LYB,08/30/2010,20.4,20.8,20.22,20.22,1728000.0,14.67,0.0,1.0
LYB,08/31/2010,20.22,20.51,20.22,20.5,2316300.0,14.87,0.0,1.0
LYB,09/01/2010,20.5,21.3,20.49,21.02,5464700.0,15.25,0.0,1.0
LYB,09/02/2010,21.05,21.05,20.76,20.95,1548700.0,15.2,0.0,1.0
LYB,09/03/2010,20.99,21.3,20.99,21.13,1072600.0,15.33,0.0,1.0
LYB,09/07/2010,21.12,21.12,20.8,20.96,1540000.0,15.21,0.0,1.0
LYB,09/08/2010,20.95,21.13,20.95,20.99,2135400.0,15.23,0.0,1.0
LYB,09/09/2010,21.0,21.15,20.67,20.7,2958400.0,15.02,0.0,1.0
LYB,09/10/2010,20.71,20.82,20.69,20.79,806500.0,15.08,0.0,1.0
LYB,09/13/2010,20.78,21.41,20.78,21.38,3431400.0,15.51,0.0,1.0
LYB,09/14/2010,21.39,21.57,21.31,21.51,2403900.0,15.61,0.0,1.0
LYB,09/15/2010,21.51,21.64,21.45,21.56,1302100.0,15.64,0.0,1.0
LYB,09/16/2010,21.75,22.28,21.75,21.85,4179800.0,15.85,0.0,1.0
LYB,09/17/2010,22.19,22.25,22.01,22.25,2845700.0,16.14,0.0,1.0
LYB,09/20/2010,22.25,22.27,22.19,22.2,1651400.0,16.11,0.0,1.0
LYB,09/21/2010,22.21,22.27,22.17,22.21,3081900.0,16.11,0.0,1.0
LYB,09/22/2010,22.24,22.28,21.85,21.94,1636900.0,15.92,0.0,1.0
LYB,09/23/2010,21.85,21.95,21.6,21.85,1356500.0,15.85,0.0,1.0
LYB,09/24/2010,22.0,22.47,22.0,22.46,2632000.0,16.3,0.0,1.0
LYB,09/27/2010,22.69,23.11,22.69,23.1,4341200.0,16.76,0.0,1.0
LYB,09/28/2010,23.1,23.64,23.03,23.45,2932200.0,17.01,0.0,1.0
LYB,09/29/2010,23.38,23.95,23.37,23.62,3805000.0,17.14,0.0,1.0
LYB,09/30/2010,23.65,23.95,23.26,23.9,4344600.0,17.34,0.0,1.0
LYB,10/01/2010,23.92,24.06,23.71,23.87,6646000.0,17.32,0.0,1.0
LYB,10/04/2010,24.03,24.4,23.93,24.09,3833700.0,17.48,0.0,1.0
LYB,10/05/2010,24.04,25.0,24.03,24.79,7091600.0,17.99,0.0,1.0
LYB,10/06/2010,24.85,24.88,23.95,24.22,1901200.0,17.57,0.0,1.0
LYB,10/07/2010,24.26,24.54,24.19,24.45,2172800.0,17.74,0.0,1.0
LYB,10/08/2010,24.7,25.28,24.7,25.25,6419900.0,18.32,0.0,1.0
LYB,10/11/2010,25.19,26.6,25.12,26.16,8024800.0,18.98,0.0,1.0
LYB,10/12/2010,26.1,26.35,25.45,26.3,7003500.0,19.08,0.0,1.0
LYB,10/13/2010,26.4,27.12,26.29,26.97,12316200.0,19.57,0.0,1.0
LYB,10/14/2010,26.97,27.65,24.45,27.02,9197400.0,19.6,0.0,1.0
LYB,10/15/2010,27.1,27.1,26.5,26.5,3207600.0,19.23,0.0,1.0
LYB,10/18/2010,26.6,27.04,26.41,26.75,4034900.0,19.41,0.0,1.0
LYB,10/19/2010,26.99,26.99,26.44,26.52,7782900.0,19.24,0.0,1.0
LYB,10/20/2010,26.7,27.2,26.65,27.13,6081700.0,19.68,0.0,1.0
LYB,10/21/2010,27.19,28.0,27.1,27.56,6521800.0,20.0,0.0,1.0
LYB,10/22/2010,27.6,27.68,27.3,27.55,2442100.0,19.99,0.0,1.0
LYB,10/25/2010,27.84,28.27,27.72,27.96,3935100.0,20.29,0.0,1.0
LYB,10/26/2010,28.07,28.12,26.5,27.72,5532600.0,20.11,0.0,1.0
LYB,10/27/2010,27.83,27.83,26.85,27.21,3619200.0,19.74,0.0,1.0
LYB,10/28/2010,27.38,27.79,26.99,27.51,3821600.0,19.96,0.0,1.0
LYB,10/29/2010,27.85,28.25,26.6,26.86,7190600.0,19.49,0.0,1.0
LYB,11/01/2010,26.76,27.16,25.7,26.0,4165000.0,18.86,0.0,1.0
LYB,11/02/2010,26.3,26.79,26.18,26.63,3387900.0,19.32,0.0,1.0
LYB,11/03/2010,26.91,27.47,26.35,26.95,3338400.0,19.55,0.0,1.0
LYB,11/04/2010,27.25,27.56,26.99,27.41,5118300.0,19.89,0.0,1.0
LYB,11/05/2010,27.45,28.53,26.76,28.35,7669000.0,20.57,0.0,1.0
LYB,11/08/2010,28.5,28.85,28.24,28.85,4110700.0,20.93,0.0,1.0
LYB,11/09/2010,29.02,29.1,28.17,28.44,2267300.0,20.63,0.0,1.0
LYB,11/10/2010,28.4,28.5,27.74,28.34,2717000.0,20.56,0.0,1.0
LYB,11/11/2010,28.12,28.8,28.02,28.29,2478300.0,20.53,0.0,1.0
LYB,11/12/2010,28.32,28.37,27.33,27.4,4365200.0,19.88,0.0,1.0
LYB,11/15/2010,27.25,27.99,27.2,27.66,4142500.0,20.07,0.0,1.0
LYB,11/16/2010,27.57,27.65,26.25,26.7,2919300.0,19.37,0.0,1.0
LYB,11/17/2010,26.74,27.31,26.34,27.23,3193800.0,19.76,0.0,1.0
LYB,11/18/2010,28.06,28.23,27.54,27.69,3376600.0,20.09,0.0,1.0
LYB,11/19/2010,27.77,28.88,27.5,28.75,17483400.0,20.86,0.0,1.0
LYB,11/22/2010,28.63,29.82,28.55,29.68,6153800.0,21.53,0.0,1.0
LYB,11/23/2010,29.25,29.25,28.81,28.95,4384400.0,21.0,0.0,1.0
LYB,11/24/2010,29.1,29.54,28.86,29.5,3341100.0,21.4,0.0,1.0
LYB,11/26/2010,29.2,29.55,29.15,29.38,740600.0,21.32,0.0,1.0
LYB,11/29/2010,29.9,29.97,28.86,29.75,3414900.0,21.58,0.0,1.0
LYB,11/30/2010,29.23,29.5,29.06,29.21,2831300.0,21.19,0.0,1.0
LYB,12/01/2010,29.69,30.04,29.63,29.88,7132500.0,21.68,0.0,1.0
LYB,12/02/2010,30.21,30.5,29.41,30.49,7641100.0,22.12,0.0,1.0
LYB,12/03/2010,30.04,30.71,29.53,30.52,5584300.0,22.14,0.0,1.0
LYB,12/06/2010,30.62,31.12,30.5,31.08,4628200.0,22.55,0.0,1.0
LYB,12/07/2010,31.5,31.75,30.93,31.6,6296400.0,22.93,0.0,1.0
LYB,12/08/2010,31.6,31.85,30.73,30.86,3558100.0,22.39,0.0,1.0
LYB,12/09/2010,31.23,31.34,29.6,30.61,4306200.0,22.21,0.0,1.0
LYB,12/10/2010,30.56,31.17,30.46,31.1,3383400.0,22.56,0.0,1.0
LYB,12/13/2010,31.08,31.97,31.03,31.86,38066400.0,23.12,0.0,1.0
LYB,12/14/2010,31.61,32.46,31.07,31.99,3875100.0,23.21,0.0,1.0
LYB,12/15/2010,31.99,32.19,31.52,31.75,1458700.0,23.04,0.0,1.0
LYB,12/16/2010,32.01,32.07,30.91,31.2,2498500.0,22.64,0.0,1.0
LYB,12/17/2010,31.14,32.0,30.72,31.87,3980000.0,23.12,0.0,1.0
LYB,12/20/2010,31.91,32.12,31.62,32.1,2500900.0,23.29,0.0,1.0
LYB,12/21/2010,32.0,32.57,32.0,32.55,3301200.0,23.62,0.0,1.0
LYB,12/22/2010,32.34,32.98,32.34,32.95,3212600.0,23.91,0.0,1.0
LYB,12/23/2010,32.95,33.0,32.79,32.93,724400.0,23.89,0.0,1.0
LYB,12/27/2010,32.67,33.03,32.65,32.96,679600.0,23.91,0.0,1.0
LYB,12/28/2010,32.94,33.3,32.83,33.28,1111600.0,24.15,0.0,1.0
LYB,12/29/2010,33.21,33.45,33.18,33.4,1290400.0,24.23,0.0,1.0
LYB,12/30/2010,33.43,33.82,33.26,33.76,1605600.0,24.49,0.0,1.0
LYB,12/31/2010,33.85,34.54,33.83,34.4,1877900.0,24.96,0.0,1.0
LYB,01/03/2011,34.75,34.99,34.43,34.56,3403400.0,25.07,0.0,1.0
LYB,01/04/2011,34.8,34.95,34.54,34.87,5475700.0,25.3,0.0,1.0
LYB,01/05/2011,34.68,35.0,34.63,34.85,2780800.0,25.28,0.0,1.0
LYB,01/06/2011,34.93,35.11,34.72,34.97,3249400.0,25.37,0.0,1.0
LYB,01/07/2011,35.18,35.23,34.45,34.62,1889700.0,25.12,0.0,1.0
LYB,01/10/2011,34.92,35.3,34.6,35.24,4051600.0,25.57,0.0,1.0
LYB,01/11/2011,35.6,36.58,35.51,36.47,4729500.0,26.46,0.0,1.0
LYB,01/12/2011,36.66,37.0,36.51,36.74,2867900.0,26.66,0.0,1.0
LYB,01/13/2011,36.84,36.84,35.85,36.4,4404500.0,26.41,0.0,1.0
LYB,01/14/2011,36.28,37.0,36.04,36.61,3841100.0,26.56,0.0,1.0
LYB,01/18/2011,36.95,37.0,36.46,36.5,2166600.0,26.48,0.0,1.0
LYB,01/19/2011,36.67,36.7,35.53,35.66,3682500.0,25.87,0.0,1.0
LYB,01/20/2011,35.26,35.77,33.57,35.42,7837700.0,25.7,0.0,1.0
LYB,01/21/2011,35.88,36.22,34.4,35.05,3647600.0,25.43,0.0,1.0
LYB,01/24/2011,35.6,35.73,34.75,35.65,2489700.0,25.86,0.0,1.0
LYB,01/25/2011,35.7,36.15,35.52,35.7,6351500.0,25.9,0.0,1.0
LYB,01/26/2011,35.78,36.25,35.54,36.0,2325700.0,26.12,0.0,1.0
LYB,01/27/2011,36.06,36.51,35.83,36.2,2718800.0,26.26,0.0,1.0
LYB,01/28/2011,36.3,36.48,34.62,34.86,1961300.0,25.29,0.0,1.0
LYB,01/31/2011,34.77,36.04,34.77,35.94,2250400.0,26.08,0.0,1.0
LYB,02/01/2011,36.19,37.0,35.97,36.84,2823400.0,26.73,0.0,1.0
LYB,02/02/2011,36.51,36.88,36.17,36.55,1646500.0,26.52,0.0,1.0
LYB,02/03/2011,36.83,37.44,36.0,36.12,3667200.0,26.21,0.0,1.0
LYB,02/04/2011,36.44,36.76,35.34,36.17,4087000.0,26.24,0.0,1.0
LYB,02/07/2011,36.49,36.77,35.29,35.52,4454900.0,25.77,0.0,1.0
LYB,02/08/2011,35.77,35.85,34.36,35.48,5053800.0,25.74,0.0,1.0
LYB,02/09/2011,35.24,35.95,34.59,35.84,5237600.0,26.0,0.0,1.0
LYB,02/10/2011,35.33,36.83,35.33,36.75,2841300.0,26.66,0.0,1.0
LYB,02/11/2011,36.17,38.89,35.76,37.07,4639500.0,26.9,0.0,1.0
LYB,02/14/2011,37.42,37.44,36.81,37.4,2764300.0,27.13,0.0,1.0
LYB,02/15/2011,37.39,37.67,36.56,37.48,2470500.0,27.19,0.0,1.0
LYB,02/16/2011,37.47,37.8,37.09,37.54,2955500.0,27.24,0.0,1.0
LYB,02/17/2011,37.59,38.6,37.26,38.59,6305700.0,28.0,0.0,1.0
LYB,02/18/2011,36.9,38.12,35.34,37.95,15389100.0,27.53,0.0,1.0
LYB,02/22/2011,36.53,38.75,35.74,35.84,6342400.0,26.0,0.0,1.0
LYB,02/23/2011,35.55,37.0,34.88,36.64,6188600.0,26.58,0.0,1.0
LYB,02/24/2011,36.66,37.39,36.26,36.7,4456100.0,26.63,0.0,1.0
LYB,02/25/2011,37.52,38.55,37.5,38.17,4899300.0,27.69,0.0,1.0
LYB,02/28/2011,38.88,40.0,37.71,38.08,12466200.0,27.63,0.0,1.0
LYB,03/01/2011,38.37,38.85,36.76,37.06,3520100.0,26.89,0.0,1.0
LYB,03/02/2011,37.2,38.58,36.84,38.07,3930500.0,27.62,0.0,1.0
LYB,03/03/2011,38.65,39.85,38.65,39.56,5558300.0,28.7,0.0,1.0
LYB,03/04/2011,40.2,40.3,39.34,39.64,4308600.0,28.76,0.0,1.0
LYB,03/07/2011,40.19,40.3,39.46,39.83,4343300.0,28.9,0.0,1.0
LYB,03/08/2011,39.72,41.08,39.36,40.73,3269300.0,29.55,0.0,1.0
LYB,03/09/2011,40.92,41.12,40.31,40.9,2698300.0,29.67,0.0,1.0
LYB,03/10/2011,40.38,41.0,38.53,39.69,7360400.0,28.8,0.0,1.0
LYB,03/11/2011,39.05,39.66,38.2,39.16,3965500.0,28.41,0.0,1.0
LYB,03/14/2011,39.08,40.41,38.75,39.19,1751000.0,28.43,0.0,1.0
LYB,03/15/2011,37.45,38.64,37.33,38.28,3694900.0,27.77,0.0,1.0
LYB,03/16/2011,38.12,39.41,37.99,38.09,3071500.0,27.64,0.0,1.0
LYB,03/17/2011,38.83,39.31,38.77,38.99,1526200.0,28.29,0.0,1.0
LYB,03/18/2011,39.52,39.58,38.21,38.4,2805700.0,27.86,0.0,1.0
LYB,03/21/2011,39.35,40.0,38.8,39.67,2810700.0,28.78,0.0,1.0
LYB,03/22/2011,39.63,39.69,38.69,39.05,1433600.0,28.33,0.0,1.0
LYB,03/23/2011,38.83,39.97,38.51,39.87,1289300.0,28.93,0.0,1.0
LYB,03/24/2011,40.0,40.6,39.75,40.39,1852300.0,29.3,0.0,1.0
LYB,03/25/2011,40.4,40.87,39.92,40.36,1493600.0,29.28,0.0,1.0
LYB,03/28/2011,40.5,40.82,39.42,40.21,3532800.0,29.17,0.0,1.0
LYB,03/29/2011,39.94,40.74,39.9,40.14,2103700.0,29.12,0.0,1.0
LYB,03/30/2011,40.39,40.39,39.49,39.68,2951200.0,28.79,0.0,1.0
LYB,03/31/2011,39.66,40.13,39.28,39.55,3555600.0,28.69,0.0,1.0
LYB,04/01/2011,39.99,40.28,39.56,40.27,4105400.0,29.22,0.0,1.0
LYB,04/04/2011,40.5,41.0,40.36,40.65,1992700.0,29.49,0.0,1.0
LYB,04/05/2011,40.47,41.51,40.29,41.34,2558000.0,29.99,0.0,1.0
LYB,04/06/2011,41.4,42.05,41.27,41.61,2955900.0,30.19,0.0,1.0
LYB,04/07/2011,41.63,41.75,40.72,41.5,3235600.0,30.11,0.0,1.0
LYB,04/08/2011,41.58,43.28,41.49,42.58,4861400.0,30.89,0.0,1.0
LYB,04/11/2011,42.6,43.2,41.81,42.49,2362700.0,30.83,0.0,1.0
LYB,04/12/2011,42.03,42.28,40.36,40.53,4195500.0,29.41,0.0,1.0
LYB,04/13/2011,40.74,40.88,40.09,40.63,2475100.0,29.48,0.0,1.0
LYB,04/14/2011,40.4,40.63,39.63,40.42,1606500.0,29.33,0.0,1.0
LYB,04/15/2011,40.42,41.18,39.99,41.01,2073400.0,29.75,0.0,1.0
LYB,04/18/2011,40.68,41.12,39.8,40.06,2265900.0,29.06,0.0,1.0
LYB,04/19/2011,40.05,41.07,39.85,40.78,3088000.0,29.59,0.0,1.0
LYB,04/20/2011,41.46,42.0,41.36,42.0,2382100.0,30.47,0.0,1.0
LYB,04/21/2011,42.05,42.8,41.93,42.73,2375100.0,31.0,0.0,1.0
LYB,04/25/2011,42.81,43.74,42.42,43.26,2144700.0,31.39,0.0,1.0
LYB,04/26/2011,43.53,44.0,42.98,43.79,2800000.0,31.77,0.0,1.0
LYB,04/27/2011,43.99,44.41,43.4,43.7,3105000.0,31.71,0.0,1.0
LYB,04/28/2011,43.78,44.54,43.62,44.44,3637300.0,32.24,0.0,1.0
LYB,04/29/2011,44.66,45.36,44.27,44.5,3716100.0,32.29,0.0,1.0
LYB,05/02/2011,48.09,48.12,44.63,45.62,6359900.0,33.1,0.0,1.0
LYB,05/03/2011,45.7,46.28,44.46,44.57,4248600.0,32.41,0.1,1.0
LYB,05/04/2011,44.41,44.53,42.0,42.83,4965300.0,31.14,0.0,1.0
LYB,05/05/2011,42.74,43.39,41.29,41.65,5150500.0,30.29,0.0,1.0
LYB,05/06/2011,41.74,42.79,40.88,41.08,7247600.0,29.87,0.0,1.0
LYB,05/09/2011,41.08,42.29,41.03,41.5,4505400.0,30.18,0.0,1.0
LYB,05/10/2011,42.03,42.5,41.75,42.24,4993700.0,30.71,0.0,1.0
LYB,05/11/2011,42.5,43.31,41.46,42.22,6643600.0,30.7,0.0,1.0
LYB,05/12/2011,42.0,42.33,41.17,41.33,4061300.0,30.05,0.0,1.0
LYB,05/13/2011,41.63,41.75,39.36,39.68,4637200.0,28.85,0.0,1.0
LYB,05/16/2011,38.32,39.25,37.73,38.1,10085100.0,27.7,0.0,1.0
LYB,05/17/2011,38.1,39.22,38.07,38.95,8988700.0,28.32,0.0,1.0
LYB,05/18/2011,39.11,41.06,38.94,41.0,7016500.0,29.81,0.0,1.0
LYB,05/19/2011,41.25,41.57,40.49,41.0,3130900.0,29.81,0.0,1.0
LYB,05/20/2011,40.7,40.83,39.67,40.0,4038400.0,29.09,0.0,1.0
LYB,05/23/2011,38.91,39.35,38.16,38.9,4454000.0,28.29,0.0,1.0
LYB,05/24/2011,39.43,40.0,39.25,39.75,4469600.0,28.9,0.0,1.0
LYB,05/25/2011,39.5,42.08,39.49,41.59,4805000.0,30.24,0.0,1.0
LYB,05/26/2011,41.63,42.2,40.78,41.76,4563200.0,30.37,0.0,1.0
LYB,05/27/2011,42.12,42.74,41.82,42.74,2684500.0,31.08,0.0,1.0
LYB,05/31/2011,43.47,43.82,42.84,43.81,8699000.0,31.86,0.0,1.0
LYB,06/01/2011,43.67,44.21,42.11,42.28,4180100.0,30.74,0.0,1.0
LYB,06/02/2011,42.66,42.98,41.06,41.7,3664300.0,30.32,0.0,1.0
LYB,06/03/2011,40.5,40.71,39.21,39.89,6642400.0,29.01,0.0,1.0
LYB,06/06/2011,40.05,40.08,38.12,38.24,5518300.0,27.81,0.0,1.0
LYB,06/07/2011,39.43,39.49,38.43,38.88,4363600.0,28.27,0.0,1.0
LYB,06/08/2011,38.5,39.5,38.24,39.22,4387500.0,28.52,0.0,1.0
LYB,06/09/2011,39.55,40.18,39.22,40.0,3302800.0,29.09,0.0,1.0
LYB,06/10/2011,39.55,39.94,38.78,39.3,3219200.0,28.58,0.0,1.0
LYB,06/13/2011,39.4,39.76,38.11,38.3,3357500.0,27.85,0.0,1.0
LYB,06/14/2011,39.14,40.25,39.06,39.88,4451000.0,29.0,0.0,1.0
LYB,06/15/2011,39.28,39.59,38.08,38.36,4910700.0,27.89,0.0,1.0
LYB,06/16/2011,38.46,38.62,36.16,37.01,8190900.0,26.91,0.0,1.0
LYB,06/17/2011,37.55,37.71,36.27,36.88,6585000.0,26.82,0.0,1.0
LYB,06/20/2011,36.47,36.87,35.88,36.56,5519200.0,26.58,0.0,1.0
LYB,06/21/2011,37.09,38.76,36.97,38.61,5852000.0,28.08,0.0,1.0
LYB,06/22/2011,38.64,39.51,38.29,38.7,4575300.0,28.14,0.0,1.0
LYB,06/23/2011,37.87,38.1,36.64,38.06,4695900.0,27.68,0.0,1.0
LYB,06/24/2011,38.24,38.83,37.52,37.58,19002500.0,27.33,0.0,1.0
LYB,06/27/2011,37.65,37.83,35.84,37.26,7024600.0,27.09,0.0,1.0
LYB,06/28/2011,37.7,37.7,36.47,37.48,5326300.0,27.25,0.0,1.0
LYB,06/29/2011,37.74,39.29,37.68,38.29,4354400.0,27.84,0.0,1.0
LYB,06/30/2011,38.3,39.05,37.86,38.52,3257400.0,28.01,0.0,1.0
LYB,07/01/2011,39.41,39.59,38.43,38.92,4650200.0,28.3,0.0,1.0
LYB,07/05/2011,39.01,40.11,38.75,39.89,3880100.0,29.01,0.0,1.0
LYB,07/06/2011,39.63,39.75,38.8,39.45,4517500.0,28.69,0.0,1.0
LYB,07/07/2011,39.95,41.35,39.95,41.23,5828900.0,29.98,0.0,1.0
LYB,07/08/2011,40.51,40.92,39.96,40.88,3542000.0,29.73,0.0,1.0
LYB,07/11/2011,39.99,40.0,37.9,38.48,4543700.0,27.98,0.0,1.0
LYB,07/12/2011,38.32,38.95,37.99,38.4,2300700.0,27.92,0.0,1.0
LYB,07/13/2011,38.86,39.1,38.15,38.47,2697100.0,27.97,0.0,1.0
LYB,07/14/2011,38.5,38.97,37.81,37.92,2439700.0,27.57,0.0,1.0
LYB,07/15/2011,38.2,38.31,37.67,38.09,2566200.0,27.7,0.0,1.0
LYB,07/18/2011,37.85,38.14,36.2,36.84,3953600.0,26.79,0.0,1.0
LYB,07/19/2011,37.28,37.7,36.87,37.08,3996300.0,26.96,0.0,1.0
LYB,07/20/2011,37.39,38.07,37.19,37.6,3548700.0,27.34,0.0,1.0
LYB,07/21/2011,37.93,39.43,37.67,39.09,4992500.0,28.42,0.0,1.0
LYB,07/22/2011,38.95,39.65,38.25,39.54,3996700.0,28.75,0.0,1.0
LYB,07/25/2011,38.81,39.29,38.22,38.31,3420900.0,27.86,0.0,1.0
LYB,07/26/2011,38.29,39.31,38.16,38.94,3110900.0,28.32,0.0,1.0
LYB,07/27/2011,38.55,39.09,37.62,38.0,3987800.0,27.63,0.0,1.0
LYB,07/28/2011,38.0,38.45,37.12,37.55,3514800.0,27.3,0.0,1.0
LYB,07/29/2011,38.0,39.98,36.89,39.46,8271700.0,28.69,0.0,1.0
LYB,08/01/2011,40.96,41.93,38.41,40.33,6165400.0,29.33,0.0,1.0
LYB,08/02/2011,40.0,40.07,37.35,37.39,5618900.0,27.19,0.0,1.0
LYB,08/03/2011,37.61,38.04,35.05,37.29,10588700.0,27.12,0.0,1.0
LYB,08/04/2011,36.6,36.6,32.29,33.51,12484200.0,24.37,0.0,1.0
LYB,08/05/2011,34.22,35.15,30.18,33.11,9313700.0,24.08,0.0,1.0
LYB,08/08/2011,31.49,32.57,26.52,28.47,14254800.0,20.7,0.0,1.0
LYB,08/09/2011,29.41,31.85,29.09,31.84,12420900.0,23.15,0.0,1.0
LYB,08/10/2011,30.86,32.48,30.31,31.13,6956500.0,22.64,0.0,1.0
LYB,08/11/2011,31.34,34.74,31.27,34.02,6043100.0,24.74,0.0,1.0
LYB,08/12/2011,34.1,34.54,33.0,33.9,5040200.0,24.65,0.0,1.0
LYB,08/15/2011,34.16,35.02,33.48,33.94,4467900.0,24.82,0.2,1.0
LYB,08/16/2011,33.49,33.54,32.07,32.62,3897100.0,23.86,0.0,1.0
LYB,08/17/2011,32.94,33.38,31.36,31.91,4899400.0,23.34,0.0,1.0
LYB,08/18/2011,30.6,30.96,28.83,29.05,7548500.0,21.25,0.0,1.0
LYB,08/19/2011,28.67,29.5,27.92,27.98,5068500.0,20.47,0.0,1.0
LYB,08/22/2011,29.21,30.43,28.24,28.75,5459500.0,21.03,0.0,1.0
LYB,08/23/2011,29.08,30.31,28.46,29.85,4824400.0,21.83,0.0,1.0
LYB,08/24/2011,29.72,30.87,29.58,30.79,3591900.0,22.52,0.0,1.0
LYB,08/25/2011,31.03,31.29,29.92,30.42,3639100.0,22.25,0.0,1.0
LYB,08/26/2011,30.03,32.08,29.73,31.85,3309700.0,23.3,0.0,1.0
LYB,08/29/2011,32.78,34.74,32.55,34.69,4685200.0,25.37,0.0,1.0
LYB,08/30/2011,34.18,34.49,33.7,34.06,3893900.0,24.91,0.0,1.0
LYB,08/31/2011,34.37,35.05,34.06,34.65,4338700.0,25.34,0.0,1.0
LYB,09/01/2011,34.58,34.73,33.65,33.92,3387600.0,24.81,0.0,1.0
LYB,09/02/2011,32.66,32.69,31.31,32.11,1933400.0,23.49,0.0,1.0
LYB,09/06/2011,30.65,32.16,30.6,32.1,4855800.0,23.48,0.0,1.0
LYB,09/07/2011,32.76,34.22,32.72,33.94,2229700.0,24.82,0.0,1.0
LYB,09/08/2011,33.44,34.0,32.9,33.35,2069500.0,24.39,0.0,1.0
LYB,09/09/2011,32.76,32.82,30.84,31.19,3705200.0,22.81,0.0,1.0
LYB,09/12/2011,30.92,31.51,30.26,31.42,3949200.0,22.98,0.0,1.0
LYB,09/13/2011,31.75,32.61,31.41,32.51,1712800.0,23.78,0.0,1.0
LYB,09/14/2011,32.64,33.78,31.62,33.29,2177600.0,24.35,0.0,1.0
LYB,09/15/2011,33.72,34.22,32.96,33.69,1962800.0,24.64,0.0,1.0
LYB,09/16/2011,33.58,34.03,32.81,34.0,2144400.0,24.87,0.0,1.0
LYB,09/19/2011,32.82,33.24,31.96,32.92,2805000.0,24.08,0.0,1.0
LYB,09/20/2011,33.11,33.52,31.68,31.76,2916900.0,23.23,0.0,1.0
LYB,09/21/2011,31.44,31.44,28.86,28.89,5955300.0,21.13,0.0,1.0
LYB,09/22/2011,27.05,28.38,25.58,27.81,6481700.0,20.34,0.0,1.0
LYB,09/23/2011,27.79,29.52,27.4,28.47,2601400.0,20.82,0.0,1.0
LYB,09/26/2011,28.8,29.19,27.81,29.0,5867000.0,21.21,0.0,1.0
LYB,09/27/2011,30.06,31.32,29.45,29.59,6548400.0,21.64,0.0,1.0
LYB,09/28/2011,29.52,29.68,27.65,27.77,3886500.0,20.31,0.0,1.0
LYB,09/29/2011,28.6,28.82,26.05,26.65,5166500.0,19.49,0.0,1.0
LYB,09/30/2011,25.7,25.84,24.41,24.43,8354500.0,17.87,0.0,1.0
LYB,10/03/2011,24.3,25.54,23.81,24.1,6837400.0,17.63,0.0,1.0
LYB,10/04/2011,23.75,26.03,22.9,25.88,7100000.0,18.93,0.0,1.0
LYB,10/05/2011,25.89,26.52,25.51,26.09,7499700.0,19.08,0.0,1.0
LYB,10/06/2011,26.12,27.62,25.91,27.39,6296900.0,20.03,0.0,1.0
LYB,10/07/2011,27.7,27.89,26.43,26.52,4423000.0,19.4,0.0,1.0
LYB,10/10/2011,27.24,28.13,26.58,27.25,3407500.0,19.93,0.0,1.0
LYB,10/11/2011,26.93,28.58,26.59,28.05,3501300.0,20.52,0.0,1.0
LYB,10/12/2011,28.26,29.47,27.95,28.7,4479500.0,20.99,0.0,1.0
LYB,10/13/2011,28.29,28.53,27.5,28.06,2190200.0,20.52,0.0,1.0
LYB,10/14/2011,28.82,29.79,28.61,29.2,4474900.0,21.36,0.0,1.0
LYB,10/17/2011,28.97,29.24,27.89,28.24,3140900.0,20.66,0.0,1.0
LYB,10/18/2011,28.04,28.62,27.34,28.29,4606200.0,20.69,0.0,1.0
LYB,10/19/2011,27.99,28.03,26.81,26.93,5565600.0,19.7,0.0,1.0
LYB,10/20/2011,26.88,27.45,26.1,27.39,3481900.0,20.03,0.0,1.0
LYB,10/21/2011,30.8,31.26,29.0,31.02,12613600.0,22.69,0.0,1.0
LYB,10/24/2011,31.1,32.36,30.96,32.33,4670800.0,23.65,0.0,1.0
LYB,10/25/2011,32.34,32.44,30.62,30.73,3968500.0,22.48,0.0,1.0
LYB,10/26/2011,31.2,32.1,30.09,31.74,5577500.0,23.22,0.0,1.0
LYB,10/27/2011,32.89,34.08,32.52,33.59,5040700.0,24.57,0.0,1.0
LYB,10/28/2011,34.25,35.5,33.32,34.5,5968000.0,25.23,0.0,1.0
LYB,10/31/2011,34.75,34.75,32.84,32.86,5134900.0,24.03,0.0,1.0
LYB,11/01/2011,30.9,32.51,29.5,32.11,5704700.0,23.49,0.0,1.0
LYB,11/02/2011,32.61,33.67,32.56,33.21,2339600.0,24.29,0.0,1.0
LYB,11/03/2011,34.04,34.64,33.03,34.46,4112400.0,25.21,0.0,1.0
LYB,11/04/2011,34.14,35.26,33.71,35.01,5280500.0,25.61,0.0,1.0
LYB,11/07/2011,34.92,35.03,33.92,34.79,2343400.0,25.45,0.0,1.0
LYB,11/08/2011,35.0,35.24,33.99,34.94,2375700.0,25.56,0.0,1.0
LYB,11/09/2011,33.36,34.49,33.28,34.06,4871000.0,24.91,0.0,1.0
LYB,11/10/2011,34.52,35.12,33.65,35.07,5372400.0,25.65,0.0,1.0
LYB,11/11/2011,35.22,36.46,34.57,36.08,4027900.0,26.39,0.0,1.0
LYB,11/14/2011,36.51,36.96,35.38,35.53,5244300.0,25.99,0.0,1.0
LYB,11/15/2011,35.5,36.05,34.85,34.92,10945200.0,25.54,0.0,1.0
LYB,11/16/2011,34.67,35.48,34.66,35.02,6982200.0,25.61,0.0,1.0
LYB,11/17/2011,34.79,35.22,34.75,35.19,8539700.0,25.74,0.0,1.0
LYB,11/18/2011,35.47,35.97,34.01,34.53,13064200.0,25.26,0.0,1.0
LYB,11/21/2011,34.1,34.61,33.91,34.51,14918200.0,25.24,0.0,1.0
LYB,11/22/2011,29.51,30.27,29.3,29.77,5045500.0,25.25,4.75,1.0
LYB,11/23/2011,29.45,29.46,28.29,28.33,5679400.0,24.03,0.0,1.0
LYB,11/25/2011,28.36,29.28,28.34,28.65,1704100.0,24.3,0.0,1.0
LYB,11/28/2011,29.77,30.25,29.38,29.91,4817100.0,25.37,0.0,1.0
LYB,11/29/2011,29.98,30.77,29.71,30.36,4126800.0,25.75,0.0,1.0
LYB,11/30/2011,31.32,32.89,31.32,32.67,4917800.0,27.71,0.0,1.0
LYB,12/01/2011,32.45,32.67,32.11,32.41,3915400.0,27.49,0.0,1.0
LYB,12/02/2011,33.0,33.4,32.56,32.8,3032000.0,27.82,0.0,1.0
LYB,12/05/2011,33.44,34.19,33.19,33.72,3484900.0,28.6,0.0,1.0
LYB,12/06/2011,33.75,34.08,33.11,33.7,3028300.0,28.58,0.0,1.0
LYB,12/07/2011,33.2,33.48,32.65,32.94,3758800.0,27.94,0.0,1.0
LYB,12/08/2011,32.58,33.19,32.24,32.62,3723100.0,27.67,0.0,1.0
LYB,12/09/2011,32.6,33.53,31.56,33.18,6103200.0,28.14,0.0,1.0
LYB,12/12/2011,32.62,32.91,31.85,32.28,3281000.0,27.38,0.0,1.0
LYB,12/13/2011,32.49,32.95,31.42,31.89,3351600.0,27.05,0.0,1.0
LYB,12/14/2011,31.27,31.72,30.37,30.7,4563300.0,26.04,0.0,1.0
LYB,12/15/2011,31.15,31.2,30.51,30.8,3937100.0,26.12,0.0,1.0
LYB,12/16/2011,31.17,32.15,31.0,32.05,7804900.0,27.18,0.0,1.0
LYB,12/19/2011,31.73,31.73,31.0,31.2,2878000.0,26.46,0.0,1.0
LYB,12/20/2011,32.15,33.23,32.0,32.92,2467600.0,27.92,0.0,1.0
LYB,12/21/2011,32.97,33.06,32.12,32.96,1799900.0,27.95,0.0,1.0
LYB,12/22/2011,32.9,33.49,32.64,32.89,2315500.0,27.9,0.0,1.0
LYB,12/23/2011,32.95,33.11,32.79,32.99,1553800.0,27.98,0.0,1.0
LYB,12/27/2011,32.95,33.29,32.69,32.97,1024300.0,27.96,0.0,1.0
LYB,12/28/2011,32.97,33.0,32.1,32.25,843300.0,27.35,0.0,1.0
LYB,12/29/2011,32.38,32.92,32.2,32.81,711600.0,27.83,0.0,1.0
LYB,12/30/2011,32.84,32.87,32.39,32.49,938700.0,27.56,0.0,1.0
LYB,01/03/2012,33.3,33.98,33.11,33.47,3601600.0,28.39,0.0,1.0
LYB,01/04/2012,33.43,34.93,33.4,34.74,4872600.0,29.46,0.0,1.0
LYB,01/05/2012,34.58,34.58,34.0,34.24,5574200.0,29.04,0.0,1.0
LYB,01/06/2012,34.39,34.94,33.94,34.45,4452700.0,29.22,0.0,1.0
LYB,01/09/2012,34.5,34.63,34.19,34.32,4329200.0,29.11,0.0,1.0
LYB,01/10/2012,34.52,37.22,34.43,36.95,9089400.0,31.34,0.0,1.0
LYB,01/11/2012,37.48,38.2,36.92,37.4,7942700.0,31.72,0.0,1.0
LYB,01/12/2012,37.9,39.5,37.6,38.89,8047400.0,32.98,0.0,1.0
LYB,01/13/2012,38.19,39.07,37.74,38.91,5794500.0,33.0,0.0,1.0
LYB,01/17/2012,39.82,40.05,38.95,39.19,3210400.0,33.24,0.0,1.0
LYB,01/18/2012,39.41,41.22,39.22,40.63,6418600.0,34.46,0.0,1.0
LYB,01/19/2012,40.87,40.87,39.81,40.0,3913400.0,33.93,0.0,1.0
LYB,01/20/2012,39.87,40.0,39.47,39.9,3772400.0,33.84,0.0,1.0
LYB,01/23/2012,40.0,40.07,38.98,39.34,5093400.0,33.37,0.0,1.0
LYB,01/24/2012,39.22,40.03,38.78,39.97,3544100.0,33.9,0.0,1.0
LYB,01/25/2012,39.74,40.29,39.02,40.22,3982000.0,34.11,0.0,1.0
LYB,01/26/2012,40.54,40.9,39.97,40.29,3192200.0,34.17,0.0,1.0
LYB,01/27/2012,40.15,41.54,40.15,41.23,4095200.0,34.97,0.0,1.0
LYB,01/30/2012,40.86,42.44,40.51,42.42,4126800.0,35.98,0.0,1.0
LYB,01/31/2012,42.67,43.12,42.47,43.1,5673300.0,36.55,0.0,1.0
LYB,02/01/2012,43.48,43.9,43.16,43.6,5709400.0,36.98,0.0,1.0
LYB,02/02/2012,43.91,44.0,43.14,43.3,4489600.0,36.72,0.0,1.0
LYB,02/03/2012,43.78,44.82,43.73,44.8,6138400.0,38.0,0.0,1.0
LYB,02/06/2012,44.82,44.84,44.3,44.75,2932800.0,37.95,0.0,1.0
LYB,02/07/2012,44.64,45.03,44.34,44.87,5522200.0,38.06,0.0,1.0
LYB,02/08/2012,45.0,45.06,44.44,44.7,3116000.0,37.91,0.0,1.0
LYB,02/09/2012,44.94,45.12,44.35,44.58,5834500.0,37.81,0.0,1.0
LYB,02/10/2012,44.0,45.91,43.61,44.75,9666500.0,37.95,0.0,1.0
LYB,02/13/2012,45.35,46.39,44.93,46.01,8934500.0,39.02,0.0,1.0
LYB,02/14/2012,45.5,45.94,44.03,44.61,6323800.0,37.84,0.0,1.0
LYB,02/15/2012,44.3,44.3,43.36,43.56,7851200.0,36.94,0.0,1.0
LYB,02/16/2012,43.56,44.04,43.48,43.99,4664300.0,37.31,0.0,1.0
LYB,02/17/2012,44.21,44.35,43.72,43.98,1922700.0,37.3,0.0,1.0
LYB,02/21/2012,44.07,44.28,41.97,42.89,4001900.0,36.38,0.0,1.0
LYB,02/22/2012,42.5,43.42,42.08,43.3,3756900.0,36.72,0.0,1.0
LYB,02/23/2012,43.48,43.51,42.51,43.19,2724500.0,36.63,0.0,1.0
LYB,02/24/2012,43.12,44.22,43.12,44.15,4583900.0,37.45,0.0,1.0
LYB,02/27/2012,43.7,44.98,43.51,44.24,3063600.0,37.52,0.0,1.0
LYB,02/28/2012,44.36,44.86,43.93,44.0,2480300.0,37.32,0.0,1.0
LYB,02/29/2012,43.89,44.33,42.87,43.18,2809000.0,36.62,0.0,1.0
LYB,03/01/2012,43.44,43.82,42.81,43.57,2051400.0,36.95,0.0,1.0
LYB,03/02/2012,43.68,44.2,43.6,43.71,1797800.0,37.07,0.0,1.0
LYB,03/05/2012,43.43,43.43,41.09,41.8,5354400.0,35.45,0.0,1.0
LYB,03/06/2012,40.8,40.97,38.91,39.28,6016800.0,33.31,0.0,1.0
LYB,03/07/2012,40.1,40.8,39.8,40.6,4048900.0,34.43,0.0,1.0
LYB,03/08/2012,40.72,42.86,40.72,42.72,5819500.0,36.44,0.25,1.0
LYB,03/09/2012,43.0,43.07,41.9,42.14,3704600.0,35.95,0.0,1.0
LYB,03/12/2012,42.0,42.17,39.87,40.6,5599200.0,34.64,0.0,1.0
LYB,03/13/2012,41.12,42.29,40.72,42.26,2874800.0,36.05,0.0,1.0
LYB,03/14/2012,42.05,42.24,41.56,41.96,1717400.0,35.8,0.0,1.0
LYB,03/15/2012,42.01,43.3,41.93,42.71,2602800.0,36.44,0.0,1.0
LYB,03/16/2012,42.72,43.25,42.42,42.9,2479900.0,36.6,0.0,1.0
LYB,03/19/2012,42.63,42.85,42.26,42.54,2645800.0,36.29,0.0,1.0
LYB,03/20/2012,42.08,42.96,41.62,42.88,2187800.0,36.58,0.0,1.0
LYB,03/21/2012,42.98,43.81,42.57,43.65,1874800.0,37.24,0.0,1.0
LYB,03/22/2012,42.9,43.28,41.47,41.61,2537700.0,35.5,0.0,1.0
LYB,03/23/2012,41.63,42.6,41.38,42.52,1787700.0,36.27,0.0,1.0
LYB,03/26/2012,43.0,44.09,42.75,43.87,3565300.0,37.43,0.0,1.0
LYB,03/27/2012,43.86,44.98,43.28,43.29,3170900.0,36.93,0.0,1.0
LYB,03/28/2012,43.38,43.86,42.34,42.64,2613500.0,36.38,0.0,1.0
LYB,03/29/2012,42.0,43.25,41.06,43.13,3827700.0,36.79,0.0,1.0
LYB,03/30/2012,43.67,43.86,42.98,43.65,2852000.0,37.24,0.0,1.0
LYB,04/02/2012,43.62,44.84,43.35,44.57,3624100.0,38.02,0.0,1.0
LYB,04/03/2012,44.24,45.06,43.4,43.83,5588600.0,37.39,0.0,1.0
LYB,04/04/2012,43.2,44.24,43.04,44.09,2367700.0,37.61,0.0,1.0
LYB,04/05/2012,43.85,45.24,43.21,43.41,3754900.0,37.03,0.0,1.0
LYB,04/09/2012,42.82,42.89,42.26,42.47,1698600.0,36.23,0.0,1.0
LYB,04/10/2012,42.49,42.53,40.72,40.95,3242800.0,34.93,0.0,1.0
LYB,04/11/2012,41.81,42.2,41.0,41.22,3356300.0,35.16,0.0,1.0
LYB,04/12/2012,41.52,42.88,41.29,42.83,3618500.0,36.54,0.0,1.0
LYB,04/13/2012,42.66,44.44,42.62,44.07,4332400.0,37.6,0.0,1.0
LYB,04/16/2012,44.42,44.6,43.59,44.28,3779800.0,37.78,0.0,1.0
LYB,04/17/2012,44.89,45.15,44.0,44.13,3275000.0,37.65,0.0,1.0
LYB,04/18/2012,43.98,44.28,43.4,43.87,2153300.0,37.43,0.0,1.0
LYB,04/19/2012,43.92,44.71,43.77,44.09,3038800.0,37.61,0.0,1.0
LYB,04/20/2012,44.23,44.61,43.89,44.16,2261000.0,37.67,0.0,1.0
LYB,04/23/2012,43.21,43.95,42.72,43.75,2011800.0,37.32,0.0,1.0
LYB,04/24/2012,43.59,44.26,43.07,44.09,1959000.0,37.61,0.0,1.0
LYB,04/25/2012,44.6,45.37,44.46,45.18,2032600.0,38.54,0.0,1.0
LYB,04/26/2012,44.63,45.85,44.0,45.53,2352100.0,38.84,0.0,1.0
LYB,04/27/2012,45.69,46.13,45.21,45.73,4676100.0,39.01,0.0,1.0
LYB,04/30/2012,43.95,44.55,41.78,41.78,9554100.0,35.64,0.0,1.0
LYB,05/01/2012,42.38,43.71,41.9,42.86,5835800.0,36.56,0.0,1.0
LYB,05/02/2012,42.78,43.35,42.13,43.14,3178400.0,36.8,0.0,1.0
LYB,05/03/2012,43.25,43.27,41.09,41.25,4471500.0,35.19,0.0,1.0
LYB,05/04/2012,41.0,41.52,39.24,39.48,7864400.0,33.68,0.0,1.0
LYB,05/07/2012,39.26,40.01,39.09,39.23,5300000.0,33.47,0.0,1.0
LYB,05/08/2012,38.91,39.05,37.67,38.85,5677800.0,33.14,0.0,1.0
LYB,05/09/2012,38.72,41.28,38.37,40.1,7675500.0,34.21,0.0,1.0
LYB,05/10/2012,40.87,40.88,39.78,40.46,6688800.0,34.52,0.0,1.0
LYB,05/11/2012,39.99,40.74,39.87,40.08,3858400.0,34.19,0.0,1.0
LYB,05/14/2012,39.6,39.62,38.83,39.32,5081000.0,33.54,0.0,1.0
LYB,05/15/2012,39.46,40.13,39.31,39.74,3906900.0,33.9,0.0,1.0
LYB,05/16/2012,40.28,40.54,38.81,39.22,4560200.0,33.46,0.0,1.0
LYB,05/17/2012,38.9,38.92,36.95,36.96,5529000.0,31.87,0.4,1.0
LYB,05/18/2012,37.05,38.02,36.78,37.04,4279900.0,31.94,0.0,1.0
LYB,05/21/2012,37.1,39.16,37.04,39.0,2979400.0,33.63,0.0,1.0
LYB,05/22/2012,39.43,39.72,38.97,39.26,5605400.0,33.86,0.0,1.0
LYB,05/23/2012,38.91,39.09,37.86,38.96,3671000.0,33.6,0.0,1.0
LYB,05/24/2012,39.3,39.77,38.35,38.97,3206600.0,33.61,0.0,1.0
LYB,05/25/2012,39.13,39.84,38.85,39.6,2099600.0,34.15,0.0,1.0
LYB,05/29/2012,40.09,41.07,39.92,40.89,3912900.0,35.26,0.0,1.0
LYB,05/30/2012,39.83,40.02,38.92,39.35,2469800.0,33.93,0.0,1.0
LYB,05/31/2012,39.53,39.66,38.4,39.46,4627200.0,34.03,0.0,1.0
LYB,06/01/2012,37.23,38.2,37.04,37.26,5158900.0,32.13,0.0,1.0
LYB,06/04/2012,37.29,37.29,35.97,36.76,2974500.0,31.7,0.0,1.0
LYB,06/05/2012,36.41,37.63,36.14,37.52,4176500.0,32.35,0.0,1.0
LYB,06/06/2012,38.11,38.94,37.79,38.44,4048700.0,33.15,0.0,1.0
LYB,06/07/2012,39.36,40.09,37.82,38.0,4350600.0,32.77,0.0,1.0
LYB,06/08/2012,37.75,38.39,36.97,38.23,2480700.0,32.97,0.0,1.0
LYB,06/11/2012,38.73,38.84,36.99,37.06,1763400.0,31.96,0.0,1.0
LYB,06/12/2012,37.51,38.1,37.2,37.83,2234000.0,32.62,0.0,1.0
LYB,06/13/2012,37.45,38.35,37.27,37.77,2907600.0,32.57,0.0,1.0
LYB,06/14/2012,37.68,37.97,37.07,37.6,2861800.0,32.42,0.0,1.0
LYB,06/15/2012,37.95,39.15,37.67,38.94,3270100.0,33.58,0.0,1.0
LYB,06/18/2012,38.77,40.68,38.48,40.53,3667800.0,34.95,0.0,1.0
LYB,06/19/2012,40.75,41.91,40.6,41.48,2858200.0,35.77,0.0,1.0
LYB,06/20/2012,41.48,41.99,41.04,41.42,2564800.0,35.72,0.0,1.0
LYB,06/21/2012,41.44,41.58,39.17,39.26,4267100.0,33.86,0.0,1.0
LYB,06/22/2012,39.87,39.87,38.59,39.62,4051200.0,34.17,0.0,1.0
LYB,06/25/2012,38.96,39.29,38.51,39.12,2140700.0,33.73,0.0,1.0
LYB,06/26/2012,39.15,39.92,38.81,39.53,1802200.0,34.09,0.0,1.0
LYB,06/27/2012,39.77,39.77,38.44,38.9,3174800.0,33.54,0.0,1.0
LYB,06/28/2012,38.29,38.87,37.92,38.62,3221300.0,33.3,0.0,1.0
LYB,06/29/2012,40.04,40.41,39.55,40.27,3822600.0,34.73,0.0,1.0
LYB,07/02/2012,40.59,41.86,40.35,40.85,3164900.0,35.23,0.0,1.0
LYB,07/03/2012,40.94,42.1,40.94,41.94,1372600.0,36.17,0.0,1.0
LYB,07/05/2012,41.82,42.6,41.48,42.31,2727600.0,36.49,0.0,1.0
LYB,07/06/2012,41.79,42.12,40.77,41.15,2397400.0,35.49,0.0,1.0
LYB,07/09/2012,41.71,41.94,40.58,40.81,2986700.0,35.19,0.0,1.0
LYB,07/10/2012,41.21,41.53,40.17,40.47,2625100.0,34.9,0.0,1.0
LYB,07/11/2012,40.44,40.51,39.27,39.68,2778300.0,34.22,0.0,1.0
LYB,07/12/2012,39.16,39.97,38.44,39.62,2727500.0,34.17,0.0,1.0
LYB,07/13/2012,40.02,41.31,40.0,40.78,2657000.0,35.17,0.0,1.0
LYB,07/16/2012,40.55,41.52,40.2,41.21,2711100.0,35.54,0.0,1.0
LYB,07/17/2012,41.45,42.02,40.93,41.97,2256400.0,36.19,0.0,1.0
LYB,07/18/2012,41.6,42.56,41.59,42.24,2570700.0,36.43,0.0,1.0
LYB,07/19/2012,42.39,42.69,41.86,41.96,2425500.0,36.18,0.0,1.0
LYB,07/20/2012,41.05,41.66,40.33,41.6,2194400.0,35.87,0.0,1.0
LYB,07/23/2012,40.41,41.19,40.03,41.03,2614700.0,35.38,0.0,1.0
LYB,07/24/2012,40.96,41.3,39.74,40.43,3699800.0,34.86,0.0,1.0
LYB,07/25/2012,40.59,40.83,40.05,40.42,1542200.0,34.86,0.0,1.0
LYB,07/26/2012,41.38,41.67,40.1,40.9,4470200.0,35.27,0.0,1.0
LYB,07/27/2012,43.45,44.99,42.89,44.51,8802700.0,38.38,0.0,1.0
LYB,07/30/2012,44.69,44.99,44.32,44.58,2787200.0,38.44,0.0,1.0
LYB,07/31/2012,44.67,44.93,44.34,44.53,3146200.0,38.4,0.0,1.0
LYB,08/01/2012,44.81,44.81,43.97,44.23,2991300.0,38.14,0.0,1.0
LYB,08/02/2012,43.73,44.71,43.35,44.41,3331300.0,38.3,0.0,1.0
LYB,08/03/2012,45.46,45.84,44.72,45.37,3401700.0,39.12,0.0,1.0
LYB,08/06/2012,45.58,46.69,45.56,45.96,3691000.0,39.63,0.0,1.0
LYB,08/07/2012,46.26,47.04,46.18,46.71,2438900.0,40.28,0.0,1.0
LYB,08/08/2012,46.1,47.44,46.09,47.21,2725400.0,40.71,0.0,1.0
LYB,08/09/2012,46.97,47.44,46.66,47.35,2558800.0,40.83,0.0,1.0
LYB,08/10/2012,46.97,47.42,46.62,47.28,2195700.0,40.77,0.0,1.0
LYB,08/13/2012,47.0,47.6,46.61,47.36,2081700.0,40.84,0.0,1.0
LYB,08/14/2012,47.48,48.16,47.38,47.55,3439400.0,41.0,0.0,1.0
LYB,08/15/2012,47.56,47.93,47.16,47.77,2588400.0,41.19,0.0,1.0
LYB,08/16/2012,47.97,48.71,47.78,48.52,2076800.0,41.84,0.0,1.0
LYB,08/17/2012,48.68,49.32,48.4,49.24,2187300.0,42.46,0.0,1.0
LYB,08/20/2012,49.16,49.87,49.1,49.86,2986200.0,43.0,0.0,1.0
LYB,08/21/2012,49.96,49.96,48.94,49.06,2687800.0,42.31,0.0,1.0
LYB,08/22/2012,48.7,48.93,47.76,48.58,2142200.0,41.89,0.0,1.0
LYB,08/23/2012,48.05,48.33,47.25,47.73,2338000.0,41.16,0.0,1.0
LYB,08/24/2012,47.83,48.32,47.66,47.9,1938400.0,41.31,0.0,1.0
LYB,08/27/2012,46.52,47.4,46.31,47.13,2639400.0,40.64,0.0,1.0
LYB,08/28/2012,46.74,48.03,46.61,47.48,2961200.0,40.94,0.0,1.0
LYB,08/29/2012,47.47,47.72,46.64,47.29,3057600.0,40.78,0.0,1.0
LYB,08/30/2012,48.93,49.04,48.47,48.67,12324900.0,42.31,0.4,1.0
LYB,08/31/2012,48.99,49.09,48.6,48.84,4806500.0,42.46,0.0,1.0
LYB,09/04/2012,47.8,48.2,46.88,47.01,41142800.0,40.87,0.0,1.0
LYB,09/05/2012,47.11,47.53,46.66,46.97,10549500.0,40.84,0.0,1.0
LYB,09/06/2012,47.44,49.42,47.2,48.46,5913600.0,42.13,0.0,1.0
LYB,09/07/2012,48.64,49.71,48.4,49.46,3160100.0,43.0,0.0,1.0
LYB,09/10/2012,49.26,50.02,49.23,49.33,3123500.0,42.89,0.0,1.0
LYB,09/11/2012,49.59,50.23,49.17,49.4,2210800.0,42.95,0.0,1.0
LYB,09/12/2012,49.49,49.72,48.75,49.61,2819600.0,43.13,0.0,1.0
LYB,09/13/2012,49.59,52.35,49.58,51.92,7525900.0,45.14,0.0,1.0
LYB,09/14/2012,52.65,53.77,52.18,53.42,6534100.0,46.44,0.0,1.0
LYB,09/17/2012,53.15,53.2,51.8,51.98,3217300.0,45.19,0.0,1.0
LYB,09/18/2012,51.87,52.09,51.36,51.94,4171600.0,45.16,0.0,1.0
LYB,09/19/2012,52.41,53.62,52.22,52.5,4732000.0,45.64,0.0,1.0
LYB,09/20/2012,51.88,52.62,50.57,52.52,4663800.0,45.66,0.0,1.0
LYB,09/21/2012,52.95,53.21,52.13,52.37,6893900.0,45.53,0.0,1.0
LYB,09/24/2012,52.43,52.88,51.57,52.04,2775600.0,45.24,0.0,1.0
LYB,09/25/2012,52.52,52.69,50.69,50.8,4550800.0,44.17,0.0,1.0
LYB,09/26/2012,50.98,51.18,50.15,50.96,3356800.0,44.31,0.0,1.0
LYB,09/27/2012,51.23,52.21,50.89,51.88,2210200.0,45.11,0.0,1.0
LYB,09/28/2012,51.46,51.79,50.92,51.66,2527700.0,44.91,0.0,1.0
LYB,10/01/2012,52.06,52.75,51.95,52.2,2844100.0,45.38,0.0,1.0
LYB,10/02/2012,52.39,52.91,52.02,52.91,3158200.0,46.0,0.0,1.0
LYB,10/03/2012,52.99,52.99,52.1,52.34,3184600.0,45.51,0.0,1.0
LYB,10/04/2012,52.94,53.37,51.93,52.0,3639300.0,45.21,0.0,1.0
LYB,10/05/2012,52.69,53.18,52.45,52.68,3932200.0,45.8,0.0,1.0
LYB,10/08/2012,52.45,52.5,51.99,52.38,1969700.0,45.54,0.0,1.0
LYB,10/09/2012,52.41,52.56,51.17,51.22,3021400.0,44.53,0.0,1.0
LYB,10/10/2012,51.33,51.46,50.47,50.7,2428500.0,44.08,0.0,1.0
LYB,10/11/2012,51.37,51.89,51.31,51.35,2672300.0,44.64,0.0,1.0
LYB,10/12/2012,51.25,51.71,50.58,50.86,3602800.0,44.22,0.0,1.0
LYB,10/15/2012,50.92,51.48,50.62,51.42,2848400.0,44.71,0.0,1.0
LYB,10/16/2012,51.96,55.38,51.96,54.36,9418500.0,47.26,0.0,1.0
LYB,10/17/2012,54.79,55.76,54.5,55.74,4689300.0,48.46,0.0,1.0
LYB,10/18/2012,55.35,56.0,54.7,55.23,3071400.0,48.02,0.0,1.0
LYB,10/19/2012,55.0,55.09,54.0,54.33,3232700.0,47.24,0.0,1.0
LYB,10/22/2012,54.31,55.55,53.76,55.47,2880900.0,48.23,0.0,1.0
LYB,10/23/2012,53.61,54.27,52.5,53.03,4477200.0,46.11,0.0,1.0
LYB,10/24/2012,53.89,54.76,53.07,53.83,4199600.0,46.8,0.0,1.0
LYB,10/25/2012,54.33,54.57,52.92,53.4,3619300.0,46.43,0.0,1.0
LYB,10/26/2012,51.86,55.63,50.91,53.75,8962500.0,46.73,0.0,1.0
LYB,10/31/2012,53.81,54.04,52.7,53.39,4680600.0,46.42,0.0,1.0
LYB,11/01/2012,53.54,55.25,53.51,55.05,5695100.0,47.86,0.0,1.0
LYB,11/02/2012,53.6,53.75,52.87,53.06,10595600.0,46.13,0.0,1.0
LYB,11/05/2012,53.18,53.51,52.73,53.41,3529200.0,46.44,0.0,1.0
LYB,11/06/2012,53.69,54.09,53.26,53.82,8930300.0,46.79,0.0,1.0
LYB,11/07/2012,53.36,53.36,51.92,52.78,4930200.0,45.89,0.0,1.0
LYB,11/08/2012,52.81,53.14,51.83,51.92,2221000.0,45.14,0.0,1.0
LYB,11/09/2012,52.19,52.19,50.7,50.85,5490700.0,44.21,0.0,1.0
LYB,11/12/2012,51.02,51.2,50.45,50.65,2926400.0,44.04,0.0,1.0
LYB,11/13/2012,49.72,51.01,49.11,50.06,5199300.0,43.52,0.0,1.0
LYB,11/14/2012,50.68,50.68,49.04,49.21,5946300.0,42.78,0.0,1.0
LYB,11/15/2012,46.18,46.61,44.87,45.41,6339300.0,42.22,3.15,1.0
LYB,11/16/2012,45.5,47.04,45.35,46.87,6006500.0,43.58,0.0,1.0
LYB,11/19/2012,47.76,48.11,47.44,48.0,5382700.0,44.63,0.0,1.0
LYB,11/20/2012,48.0,48.1,46.95,47.55,3610000.0,44.21,0.0,1.0
LYB,11/21/2012,47.69,48.53,47.5,47.99,2726500.0,44.62,0.0,1.0
LYB,11/23/2012,48.4,50.94,48.03,48.62,1914000.0,45.2,0.0,1.0
LYB,11/26/2012,48.35,48.6,47.55,48.0,3504500.0,44.63,0.0,1.0
LYB,11/27/2012,47.97,48.15,47.33,47.55,3792200.0,44.21,0.0,1.0
LYB,11/28/2012,47.07,48.12,46.86,48.07,2783100.0,44.69,0.0,1.0
LYB,11/29/2012,48.2,49.02,48.15,48.74,4104000.0,45.32,0.0,1.0
LYB,11/30/2012,49.0,49.94,48.78,49.73,7392200.0,46.24,0.0,1.0
LYB,12/03/2012,49.89,50.23,48.46,48.88,4396200.0,45.45,0.0,1.0
LYB,12/04/2012,48.8,49.82,48.73,49.76,4102800.0,46.26,0.0,1.0
LYB,12/05/2012,49.0,51.85,48.77,51.85,19056900.0,48.21,0.0,1.0
LYB,12/06/2012,51.85,52.15,51.52,51.9,5978200.0,48.25,0.0,1.0
LYB,12/07/2012,52.48,53.86,52.4,53.81,5393100.0,50.03,0.0,1.0
LYB,12/10/2012,53.61,54.74,53.16,54.37,4280600.0,50.55,0.0,1.0
LYB,12/11/2012,54.56,54.72,53.62,54.05,4627000.0,50.25,0.0,1.0
LYB,12/12/2012,54.4,54.63,53.82,54.02,3597400.0,50.22,0.0,1.0
LYB,12/13/2012,54.02,54.25,52.8,52.98,2586300.0,49.26,0.0,1.0
LYB,12/14/2012,53.01,53.98,52.79,53.79,4282000.0,50.01,0.0,1.0
LYB,12/17/2012,54.1,54.77,53.81,54.75,3251100.0,50.9,0.0,1.0
LYB,12/18/2012,54.81,55.11,54.55,54.9,3091400.0,51.04,0.0,1.0
LYB,12/19/2012,55.12,55.25,54.77,54.85,3289100.0,51.0,0.0,1.0
LYB,12/20/2012,54.83,55.57,54.41,55.56,3457600.0,51.66,0.0,1.0
LYB,12/21/2012,54.85,55.22,54.12,55.14,6381600.0,51.27,0.0,1.0
LYB,12/24/2012,55.5,56.06,55.16,55.86,1752800.0,51.93,0.0,1.0
LYB,12/26/2012,56.13,57.05,55.83,56.49,4722300.0,52.52,0.0,1.0
LYB,12/27/2012,56.57,56.64,55.19,56.39,2458600.0,52.43,0.0,1.0
LYB,12/28/2012,55.91,56.39,55.43,55.51,2363700.0,51.61,0.0,1.0
LYB,12/31/2012,55.45,57.16,55.29,57.09,2679300.0,53.08,0.0,1.0
LYB,01/02/2013,58.41,59.59,57.94,59.17,4491100.0,55.01,0.0,1.0
LYB,01/03/2013,58.42,58.88,57.35,57.64,3561500.0,53.59,0.0,1.0
LYB,01/04/2013,58.01,58.65,57.89,58.41,2963600.0,54.31,0.0,1.0
LYB,01/07/2013,58.01,59.15,57.77,59.14,2329800.0,54.98,0.0,1.0
LYB,01/08/2013,58.93,59.8,58.28,59.74,3778700.0,55.54,0.0,1.0
LYB,01/09/2013,60.1,60.17,59.43,59.6,2962700.0,55.41,0.0,1.0
LYB,01/10/2013,60.19,60.74,59.55,60.61,3617100.0,56.35,0.0,1.0
LYB,01/11/2013,60.72,60.96,60.2,60.91,1993300.0,56.63,0.0,1.0
LYB,01/14/2013,60.78,61.42,60.73,61.2,3198300.0,56.9,0.0,1.0
LYB,01/15/2013,60.93,61.65,60.88,61.34,2181400.0,57.03,0.0,1.0
LYB,01/16/2013,61.02,61.07,60.26,60.52,2614700.0,56.27,0.0,1.0
LYB,01/17/2013,61.16,62.22,61.02,62.13,3670600.0,57.76,0.0,1.0
LYB,01/18/2013,62.05,62.59,61.53,62.59,2672400.0,58.19,0.0,1.0
LYB,01/22/2013,62.6,62.7,61.46,61.47,3583900.0,57.15,0.0,1.0
LYB,01/23/2013,61.25,62.16,61.16,62.11,4122200.0,57.75,0.0,1.0
LYB,01/24/2013,62.26,62.82,62.21,62.52,2664000.0,58.13,0.0,1.0
LYB,01/25/2013,62.91,62.97,62.18,62.75,2332800.0,58.34,0.0,1.0
LYB,01/28/2013,62.67,62.69,60.86,61.24,5244700.0,56.94,0.0,1.0
LYB,01/29/2013,61.5,63.55,61.5,63.26,5482900.0,58.81,0.0,1.0
LYB,01/30/2013,63.22,63.55,62.76,63.02,2485300.0,58.59,0.0,1.0
LYB,01/31/2013,62.56,64.2,62.2,63.42,4498800.0,58.96,0.0,1.0
LYB,02/01/2013,61.9,63.22,60.32,61.37,8406600.0,57.06,0.0,1.0
LYB,02/04/2013,61.14,62.42,61.04,61.09,4986900.0,56.8,0.0,1.0
LYB,02/05/2013,61.71,62.27,61.22,61.25,3935300.0,56.95,0.0,1.0
LYB,02/06/2013,61.29,61.49,60.46,61.06,3376400.0,56.77,0.0,1.0
LYB,02/07/2013,61.2,61.75,60.37,61.42,2842100.0,57.1,0.0,1.0
LYB,02/08/2013,61.56,62.23,60.94,62.11,3317300.0,57.75,0.0,1.0
LYB,02/11/2013,61.82,61.82,60.29,60.54,3176500.0,56.29,0.0,1.0
LYB,02/12/2013,60.62,60.89,60.12,60.51,2779700.0,56.26,0.0,1.0
LYB,02/13/2013,61.71,63.3,61.6,62.3,3862200.0,57.92,0.0,1.0
LYB,02/14/2013,61.57,61.9,61.06,61.17,9634700.0,56.87,0.0,1.0
LYB,02/15/2013,61.19,61.28,59.88,60.4,7182900.0,56.16,0.0,1.0
LYB,02/19/2013,60.84,61.18,60.38,61.18,3519300.0,56.88,0.0,1.0
LYB,02/20/2013,61.15,61.4,60.17,60.26,8481500.0,56.03,0.0,1.0
LYB,02/21/2013,58.63,59.31,56.91,57.68,1058600.0,54.0,0.4,1.0
LYB,02/22/2013,58.3,59.32,57.97,59.32,3972500.0,55.53,0.0,1.0
LYB,02/25/2013,59.38,59.68,56.97,56.98,4838100.0,53.34,0.0,1.0
LYB,02/26/2013,57.46,57.72,55.94,56.84,7557200.0,53.21,0.0,1.0
LYB,02/27/2013,57.01,58.44,56.5,58.2,5336900.0,54.49,0.0,1.0
LYB,02/28/2013,58.38,59.46,58.17,58.62,3648900.0,54.88,0.0,1.0
LYB,03/01/2013,58.19,60.64,57.43,59.69,5650000.0,55.88,0.0,1.0
LYB,03/04/2013,59.47,60.44,58.75,60.44,3376500.0,56.58,0.0,1.0
LYB,03/05/2013,60.54,61.42,60.53,60.77,4684700.0,56.89,0.0,1.0
LYB,03/06/2013,61.9,62.79,61.41,62.52,4936700.0,58.53,0.0,1.0
LYB,03/07/2013,62.72,62.73,62.08,62.13,2085300.0,58.16,0.0,1.0
LYB,03/08/2013,62.79,63.85,62.59,63.6,3132600.0,59.54,0.0,1.0
LYB,03/11/2013,63.32,63.83,62.2,63.73,3089700.0,59.66,0.0,1.0
LYB,03/12/2013,63.77,64.4,63.62,64.08,4514200.0,59.99,0.0,1.0
LYB,03/13/2013,64.09,64.52,63.19,63.3,4699200.0,59.26,0.0,1.0
LYB,03/14/2013,63.94,65.35,63.86,64.77,4700700.0,60.64,0.0,1.0
LYB,03/15/2013,64.44,65.69,63.87,64.01,5085600.0,59.92,0.0,1.0
LYB,03/18/2013,63.39,64.06,63.08,63.75,3358000.0,59.68,0.0,1.0
LYB,03/19/2013,63.73,64.46,62.84,64.01,5836900.0,59.92,0.0,1.0
LYB,03/20/2013,64.52,65.67,64.45,65.42,4508000.0,61.24,0.0,1.0
LYB,03/21/2013,64.97,65.69,64.23,64.41,3722900.0,60.3,0.0,1.0
LYB,03/22/2013,64.66,64.93,64.25,64.5,2185500.0,60.38,0.0,1.0
LYB,03/25/2013,64.91,65.14,63.19,63.35,3528700.0,59.31,0.0,1.0
LYB,03/26/2013,63.74,64.0,63.36,63.45,3756100.0,59.4,0.0,1.0
LYB,03/27/2013,63.01,63.52,62.57,63.37,2227300.0,59.33,0.0,1.0
LYB,03/28/2013,63.56,64.15,63.18,63.29,2877400.0,59.25,0.0,1.0
LYB,04/01/2013,63.09,63.17,61.56,61.75,3734600.0,57.81,0.0,1.0
LYB,04/02/2013,62.43,62.61,59.54,59.84,6255400.0,56.02,0.0,1.0
LYB,04/03/2013,59.77,59.8,57.78,58.65,10159800.0,54.91,0.0,1.0
LYB,04/04/2013,58.8,59.32,58.61,58.78,3655200.0,55.03,0.0,1.0
LYB,04/05/2013,57.67,59.03,57.11,58.98,4232100.0,55.22,0.0,1.0
LYB,04/08/2013,59.02,59.1,58.2,58.8,4337600.0,55.05,0.0,1.0
LYB,04/09/2013,58.84,60.35,58.69,60.22,3583700.0,56.38,0.0,1.0
LYB,04/10/2013,60.42,60.87,59.92,60.77,2354300.0,56.89,0.0,1.0
LYB,04/11/2013,60.75,62.13,60.55,61.38,3175700.0,57.46,0.0,1.0
LYB,04/12/2013,61.07,61.2,58.67,59.46,4362800.0,55.67,0.0,1.0
LYB,04/15/2013,58.64,58.71,55.47,55.51,7147600.0,51.97,0.0,1.0
LYB,04/16/2013,56.15,57.55,55.7,57.33,4901800.0,53.67,0.0,1.0
LYB,04/17/2013,56.66,56.66,55.41,56.1,6444600.0,52.52,0.0,1.0
LYB,04/18/2013,56.24,56.35,55.02,55.81,4929300.0,52.25,0.0,1.0
LYB,04/19/2013,56.25,58.01,56.16,57.86,4639600.0,54.17,0.0,1.0
LYB,04/22/2013,58.15,59.11,57.37,58.64,2878100.0,54.9,0.0,1.0
LYB,04/23/2013,58.89,59.7,58.69,59.34,2779300.0,55.55,0.0,1.0
LYB,04/24/2013,59.56,60.56,59.13,60.33,3638700.0,56.48,0.0,1.0
LYB,04/25/2013,61.9,63.27,60.77,60.92,4978300.0,57.03,0.0,1.0
LYB,04/26/2013,61.99,62.24,58.57,60.14,4348200.0,56.3,0.0,1.0
LYB,04/29/2013,60.39,61.64,59.68,61.46,3344900.0,57.54,0.0,1.0
LYB,04/30/2013,61.44,61.49,60.48,60.7,3456000.0,56.83,0.0,1.0
LYB,05/01/2013,60.55,60.75,57.41,57.54,5845600.0,53.87,0.0,1.0
LYB,05/02/2013,57.96,59.47,57.33,58.9,5113500.0,55.14,0.0,1.0
LYB,05/03/2013,60.17,61.06,60.07,60.95,4445700.0,57.06,0.0,1.0
LYB,05/06/2013,62.59,62.66,61.23,62.65,4331500.0,58.65,0.0,1.0
LYB,05/07/2013,62.94,63.8,62.11,63.28,4320500.0,59.24,0.0,1.0
LYB,05/08/2013,63.3,63.52,61.91,62.84,3595700.0,58.83,0.0,1.0
LYB,05/09/2013,62.66,62.91,61.37,61.47,5334000.0,57.55,0.0,1.0
LYB,05/10/2013,61.11,61.61,60.41,61.55,4563000.0,57.62,0.0,1.0
LYB,05/13/2013,62.5,62.78,61.34,62.3,5771000.0,58.32,0.0,1.0
LYB,05/14/2013,62.07,64.99,61.99,64.64,6491800.0,60.51,0.0,1.0
LYB,05/15/2013,64.42,65.36,64.36,64.68,3677600.0,60.55,0.0,1.0
LYB,05/16/2013,64.35,66.2,64.28,66.11,5269500.0,61.89,0.0,1.0
LYB,05/17/2013,66.34,67.32,65.74,67.32,5283700.0,63.02,0.0,1.0
LYB,05/20/2013,67.27,67.45,66.8,66.95,2870000.0,62.68,0.0,1.0
LYB,05/21/2013,66.92,67.28,65.81,65.85,4137800.0,61.65,0.0,1.0
LYB,05/22/2013,65.59,67.05,64.64,65.07,3481700.0,60.92,0.0,1.0
LYB,05/23/2013,64.8,66.22,62.71,65.83,4929900.0,61.63,0.0,1.0
LYB,05/24/2013,65.26,65.92,64.85,65.72,2250300.0,61.53,0.0,1.0
LYB,05/28/2013,66.74,68.09,66.32,67.18,4458900.0,62.89,0.0,1.0
LYB,05/29/2013,66.54,67.08,65.72,66.28,3045700.0,62.05,0.0,1.0
LYB,05/30/2013,66.25,67.59,65.84,66.79,3137600.0,63.0,0.5,1.0
LYB,05/31/2013,66.61,68.07,66.01,66.65,6467400.0,62.86,0.0,1.0
LYB,06/03/2013,66.82,67.37,65.22,67.31,4076400.0,63.49,0.0,1.0
LYB,06/04/2013,67.09,68.46,67.09,67.68,4081400.0,63.84,0.0,1.0
LYB,06/05/2013,67.41,67.64,65.41,65.68,4468500.0,61.95,0.0,1.0
LYB,06/06/2013,65.56,66.58,65.3,66.4,4045600.0,62.63,0.0,1.0
LYB,06/07/2013,65.49,65.6,64.62,64.87,7591100.0,61.18,0.0,1.0
LYB,06/10/2013,65.06,65.84,64.77,65.0,3366200.0,61.31,0.0,1.0
LYB,06/11/2013,64.23,65.22,63.67,64.19,3285900.0,60.54,0.0,1.0
LYB,06/12/2013,65.04,65.29,64.03,64.12,2382100.0,60.48,0.0,1.0
LYB,06/13/2013,64.05,66.91,64.0,66.59,7208400.0,62.81,0.0,1.0
LYB,06/14/2013,66.48,68.11,66.3,67.42,4428000.0,63.59,0.0,1.0
LYB,06/17/2013,68.1,68.53,67.45,68.14,3489500.0,64.27,0.0,1.0
LYB,06/18/2013,68.48,69.45,68.39,68.81,3209500.0,64.9,0.0,1.0
LYB,06/19/2013,68.97,69.42,68.49,68.61,2692200.0,64.71,0.0,1.0
LYB,06/20/2013,67.45,68.16,66.7,67.0,3979700.0,63.19,0.0,1.0
LYB,06/21/2013,67.54,67.69,65.23,66.75,5077300.0,62.96,0.0,1.0
LYB,06/24/2013,65.06,65.75,63.89,65.03,4875000.0,61.34,0.0,1.0
LYB,06/25/2013,65.69,66.89,65.69,66.46,3535800.0,62.68,0.0,1.0
LYB,06/26/2013,66.95,67.23,65.58,66.98,3619100.0,63.17,0.0,1.0
LYB,06/27/2013,67.7,68.02,67.07,67.5,4610100.0,63.67,0.0,1.0
LYB,06/28/2013,67.45,67.75,66.26,66.26,9611400.0,62.5,0.0,1.0
LYB,07/01/2013,67.0,68.38,66.07,66.28,6962200.0,62.51,0.0,1.0
LYB,07/02/2013,66.31,66.7,64.94,65.41,5823100.0,61.69,0.0,1.0
LYB,07/03/2013,64.96,66.61,64.74,66.5,1988000.0,62.72,0.0,1.0
LYB,07/05/2013,67.33,67.69,66.71,67.68,2870300.0,63.84,0.0,1.0
LYB,07/08/2013,68.33,68.62,67.77,68.3,2207100.0,64.42,0.0,1.0
LYB,07/09/2013,69.0,69.49,68.0,68.97,2485700.0,65.05,0.0,1.0
LYB,07/10/2013,68.63,69.92,68.58,69.81,3841600.0,65.84,0.0,1.0
LYB,07/11/2013,70.61,70.64,69.11,69.39,3655800.0,65.45,0.0,1.0
LYB,07/12/2013,69.39,70.19,68.78,70.0,2900900.0,66.02,0.0,1.0
LYB,07/15/2013,70.44,71.33,69.89,70.89,3633100.0,66.86,0.0,1.0
LYB,07/16/2013,71.26,71.28,68.74,69.26,3074300.0,65.33,0.0,1.0
LYB,07/17/2013,69.73,70.02,67.84,67.94,4318400.0,64.08,0.0,1.0
LYB,07/18/2013,68.3,68.62,67.53,67.54,4580900.0,63.7,0.0,1.0
LYB,07/19/2013,67.52,68.88,67.2,68.41,3750100.0,64.52,0.0,1.0
LYB,07/22/2013,68.61,69.05,68.35,68.46,1821100.0,64.57,0.0,1.0
LYB,07/23/2013,69.05,69.26,67.85,67.9,2511000.0,64.04,0.0,1.0
LYB,07/24/2013,68.0,68.27,67.23,67.42,2020600.0,63.59,0.0,1.0
LYB,07/25/2013,67.41,68.28,67.39,68.05,2231400.0,64.18,0.0,1.0
LYB,07/26/2013,69.83,70.27,66.5,67.4,3382500.0,63.57,0.0,1.0
LYB,07/29/2013,67.4,68.03,66.35,67.72,2935300.0,63.87,0.0,1.0
LYB,07/30/2013,67.65,69.47,67.02,68.92,3626300.0,65.0,0.0,1.0
LYB,07/31/2013,68.89,69.47,68.25,68.71,2319400.0,64.81,0.0,1.0
LYB,08/01/2013,68.3,68.93,67.86,67.99,9263800.0,64.13,0.0,1.0
LYB,08/02/2013,68.0,69.24,67.74,68.95,4138500.0,65.03,0.0,1.0
LYB,08/05/2013,68.94,69.71,68.92,69.47,3867000.0,65.52,0.0,1.0
LYB,08/06/2013,69.37,69.52,68.37,68.58,4236700.0,64.68,0.0,1.0
LYB,08/07/2013,68.39,68.56,67.96,67.99,3351900.0,64.13,0.0,1.0
LYB,08/08/2013,68.75,69.0,68.24,68.59,3046500.0,64.69,0.0,1.0
LYB,08/09/2013,68.77,69.51,68.14,68.7,2596500.0,64.8,0.0,1.0
LYB,08/12/2013,68.42,68.8,68.05,68.3,3386100.0,64.42,0.0,1.0
LYB,08/13/2013,68.48,70.4,68.12,70.08,3925700.0,66.1,0.0,1.0
LYB,08/14/2013,70.17,70.53,69.55,69.58,2854600.0,65.63,0.0,1.0
LYB,08/15/2013,69.35,69.52,68.18,68.34,4126500.0,64.46,0.0,1.0
LYB,08/16/2013,68.07,69.0,67.74,68.87,2948200.0,64.96,0.0,1.0
LYB,08/19/2013,68.51,69.3,68.35,68.52,2247000.0,64.63,0.0,1.0
LYB,08/20/2013,68.52,68.6,67.52,68.24,2535800.0,64.36,0.0,1.0
LYB,08/21/2013,68.18,68.4,67.67,67.75,2283300.0,63.9,0.0,1.0
LYB,08/22/2013,67.89,69.96,67.75,69.5,2325200.0,65.55,0.0,1.0
LYB,08/23/2013,69.7,70.19,69.3,70.12,2065300.0,66.14,0.0,1.0
LYB,08/26/2013,70.3,71.04,70.09,70.12,3131400.0,66.14,0.0,1.0
LYB,08/27/2013,69.2,69.62,68.53,68.79,3209500.0,64.88,0.0,1.0
LYB,08/28/2013,68.87,69.7,68.32,69.48,2049400.0,65.53,0.0,1.0
LYB,08/29/2013,69.25,70.67,69.04,70.3,2661700.0,66.31,0.0,1.0
LYB,08/30/2013,70.43,70.67,69.78,70.15,2800100.0,66.16,0.0,1.0
LYB,09/03/2013,71.19,71.89,69.8,70.47,4316300.0,66.47,0.0,1.0
LYB,09/04/2013,69.23,69.67,68.94,69.46,6404900.0,65.51,0.0,1.0
LYB,09/05/2013,69.4,70.63,69.24,70.34,4686800.0,66.34,0.0,1.0
LYB,09/06/2013,70.63,71.0,69.98,70.32,3255000.0,66.33,0.0,1.0
LYB,09/09/2013,70.35,70.89,70.26,70.74,2886600.0,66.72,0.0,1.0
LYB,09/10/2013,71.31,71.67,70.82,70.9,4361000.0,66.87,0.0,1.0
LYB,09/11/2013,71.09,71.09,70.26,70.73,3891700.0,66.71,0.0,1.0
LYB,09/12/2013,70.74,70.95,70.08,70.19,4248800.0,66.2,0.0,1.0
LYB,09/13/2013,70.48,71.23,70.39,71.0,3647000.0,66.97,0.0,1.0
LYB,09/16/2013,71.96,72.17,71.16,71.39,4312500.0,67.33,0.0,1.0
LYB,09/17/2013,71.64,72.9,71.41,72.68,2937200.0,68.55,0.0,1.0
LYB,09/18/2013,72.88,73.52,72.51,73.37,4927700.0,69.2,0.0,1.0
LYB,09/19/2013,73.46,75.67,73.0,73.79,5150700.0,70.07,0.5,1.0
LYB,09/20/2013,73.89,74.22,72.93,73.03,12059100.0,69.35,0.0,1.0
LYB,09/23/2013,72.6,72.95,71.78,72.63,3255100.0,68.97,0.0,1.0
LYB,09/24/2013,72.66,72.97,72.31,72.42,2537000.0,68.77,0.0,1.0
LYB,09/25/2013,72.47,73.4,72.09,72.92,2448500.0,69.24,0.0,1.0
LYB,09/26/2013,73.39,74.23,73.11,74.01,3188800.0,70.28,0.0,1.0
LYB,09/27/2013,73.7,74.22,73.3,73.39,2364100.0,69.69,0.0,1.0
LYB,09/30/2013,72.37,73.59,72.1,73.23,2032900.0,69.54,0.0,1.0
LYB,10/01/2013,73.29,74.11,73.25,74.11,1805000.0,70.37,0.0,1.0
LYB,10/02/2013,73.76,74.15,72.92,74.04,2122700.0,70.31,0.0,1.0
LYB,10/03/2013,73.94,74.2,72.57,73.98,3364200.0,70.25,0.0,1.0
LYB,10/04/2013,73.86,75.47,73.65,75.39,2933400.0,71.59,0.0,1.0
LYB,10/07/2013,74.75,75.57,74.35,74.58,1764400.0,70.82,0.0,1.0
LYB,10/08/2013,74.4,74.45,72.8,73.17,3140300.0,69.48,0.0,1.0
LYB,10/09/2013,73.29,73.34,72.27,72.73,2939800.0,69.06,0.0,1.0
LYB,10/10/2013,74.63,75.31,73.78,75.09,2726500.0,71.3,0.0,1.0
LYB,10/11/2013,75.15,76.13,74.88,75.97,1822800.0,72.14,0.0,1.0
LYB,10/14/2013,75.56,76.08,75.09,75.71,1990400.0,71.89,0.0,1.0
LYB,10/15/2013,75.67,76.04,75.09,75.19,2472400.0,71.4,0.0,1.0
LYB,10/16/2013,75.75,76.54,75.21,76.5,2543900.0,72.64,0.0,1.0
LYB,10/17/2013,76.17,77.74,76.17,77.57,1882000.0,73.66,0.0,1.0
LYB,10/18/2013,77.64,78.5,77.15,77.91,3210200.0,73.98,0.0,1.0
LYB,10/21/2013,78.13,78.5,77.73,78.36,2250300.0,74.41,0.0,1.0
LYB,10/22/2013,78.22,79.17,78.06,78.76,2174800.0,74.79,0.0,1.0
LYB,10/23/2013,78.54,79.34,78.0,78.67,2738600.0,74.7,0.0,1.0
LYB,10/24/2013,78.86,79.08,77.89,78.05,2580800.0,74.11,0.0,1.0
LYB,10/25/2013,78.08,78.15,75.64,77.1,3630700.0,73.21,0.0,1.0
LYB,10/28/2013,77.19,77.32,75.32,75.51,4249300.0,71.7,0.0,1.0
LYB,10/29/2013,73.03,75.64,72.53,75.56,6004000.0,71.75,0.0,1.0
LYB,10/30/2013,75.96,77.06,75.03,75.3,2821100.0,71.5,0.0,1.0
LYB,10/31/2013,75.29,76.1,74.6,74.6,3089700.0,70.84,0.0,1.0
LYB,11/01/2013,74.26,74.3,73.6,73.93,6373600.0,70.2,0.0,1.0
LYB,11/04/2013,74.16,74.53,73.69,74.49,3461700.0,70.73,0.0,1.0
LYB,11/05/2013,74.24,74.63,73.72,74.3,2836200.0,70.55,0.0,1.0
LYB,11/06/2013,74.71,75.37,74.55,75.17,2712400.0,71.38,0.0,1.0
LYB,11/07/2013,75.52,76.0,74.51,74.81,4737700.0,71.04,0.0,1.0
LYB,11/08/2013,74.94,75.5,74.63,75.39,3882000.0,71.59,0.0,1.0
LYB,11/11/2013,75.4,75.82,75.09,75.62,3104800.0,71.81,0.0,1.0
LYB,11/12/2013,75.6,75.9,75.27,75.33,2408500.0,71.53,0.0,1.0
LYB,11/13/2013,75.3,76.57,75.22,76.52,3490600.0,72.66,0.0,1.0
LYB,11/14/2013,76.89,78.47,76.66,78.26,3362400.0,74.31,0.0,1.0
LYB,11/15/2013,78.24,78.87,78.17,78.57,2660300.0,74.61,0.0,1.0
LYB,11/18/2013,78.64,79.29,78.24,78.47,2095500.0,74.51,0.0,1.0
LYB,11/19/2013,78.39,78.62,77.46,77.65,2947900.0,73.73,0.0,1.0
LYB,11/20/2013,77.63,78.11,77.02,77.51,2700500.0,73.6,0.0,1.0
LYB,11/21/2013,77.08,78.22,77.08,77.76,2569900.0,74.41,0.6,1.0
LYB,11/22/2013,77.98,79.34,77.71,79.29,2354500.0,75.87,0.0,1.0
LYB,11/25/2013,78.42,78.52,76.26,76.55,7441600.0,73.25,0.0,1.0
LYB,11/26/2013,76.8,77.56,76.3,76.34,3745600.0,73.05,0.0,1.0
LYB,11/27/2013,76.74,77.82,76.6,77.46,2782300.0,74.12,0.0,1.0
LYB,11/29/2013,77.75,78.19,77.04,77.18,1780100.0,73.85,0.0,1.0
LYB,12/02/2013,77.44,78.01,76.77,77.85,2775600.0,74.5,0.0,1.0
LYB,12/03/2013,77.45,78.0,76.76,77.12,3398500.0,73.8,0.0,1.0
LYB,12/04/2013,76.93,77.01,75.5,76.56,4103900.0,73.26,0.0,1.0
LYB,12/05/2013,76.2,76.36,74.51,75.15,4283400.0,71.91,0.0,1.0
LYB,12/06/2013,76.22,76.96,75.76,76.55,2320400.0,73.25,0.0,1.0
LYB,12/09/2013,77.0,77.55,76.34,76.8,3342000.0,73.49,0.0,1.0
LYB,12/10/2013,76.83,77.17,76.62,76.87,1897300.0,73.56,0.0,1.0
LYB,12/11/2013,77.3,77.6,75.29,75.55,2503000.0,72.29,0.0,1.0
LYB,12/12/2013,76.5,78.26,76.03,76.5,3057900.0,73.2,0.0,1.0
LYB,12/13/2013,76.71,76.84,76.0,76.19,2229000.0,72.91,0.0,1.0
LYB,12/16/2013,77.19,77.83,76.91,77.0,2859000.0,73.68,0.0,1.0
LYB,12/17/2013,76.71,77.82,76.64,77.63,3256100.0,74.28,0.0,1.0
LYB,12/18/2013,78.02,78.52,76.6,78.44,4491300.0,75.06,0.0,1.0
LYB,12/19/2013,78.35,78.95,77.51,77.96,3258600.0,74.6,0.0,1.0
LYB,12/20/2013,77.95,78.71,77.68,78.6,4287600.0,75.21,0.0,1.0
LYB,12/23/2013,79.0,79.1,77.62,78.08,2684100.0,74.72,0.0,1.0
LYB,12/24/2013,78.21,79.27,78.09,79.17,1168100.0,75.76,0.0,1.0
LYB,12/26/2013,79.3,79.67,78.95,79.33,1633500.0,75.91,0.0,1.0
LYB,12/27/2013,79.35,79.57,79.11,79.43,1035100.0,76.01,0.0,1.0
LYB,12/30/2013,79.59,79.77,78.86,79.45,3309700.0,76.03,0.0,1.0
LYB,12/31/2013,79.65,80.33,79.32,80.28,1618600.0,76.82,0.0,1.0
LYB,01/02/2014,80.05,80.21,77.9,78.78,4918500.0,75.39,0.0,1.0
LYB,01/03/2014,78.95,79.13,78.33,78.71,1528500.0,75.32,0.0,1.0
LYB,01/06/2014,79.06,79.06,77.71,77.97,3119200.0,74.61,0.0,1.0
LYB,01/07/2014,78.16,79.25,77.9,78.94,2730700.0,75.54,0.0,1.0
LYB,01/08/2014,80.37,80.42,78.52,79.73,3419200.0,76.29,0.0,1.0
LYB,01/09/2014,79.81,80.82,79.78,80.48,3499600.0,77.01,0.0,1.0
LYB,01/10/2014,80.65,81.62,80.02,80.35,2350400.0,76.89,0.0,1.0
LYB,01/13/2014,80.42,80.6,79.63,79.82,3218600.0,76.38,0.0,1.0
LYB,01/14/2014,80.17,82.18,80.05,81.81,3530400.0,78.28,0.0,1.0
LYB,01/15/2014,82.02,82.81,81.76,82.75,2785700.0,79.18,0.0,1.0
LYB,01/16/2014,82.42,82.97,81.91,82.22,2352000.0,78.68,0.0,1.0
LYB,01/17/2014,82.03,82.09,80.9,81.4,2520700.0,77.89,0.0,1.0
LYB,01/21/2014,82.13,82.61,80.69,80.95,2860600.0,77.46,0.0,1.0
LYB,01/22/2014,81.21,81.43,78.91,80.22,5102600.0,76.76,0.0,1.0
LYB,01/23/2014,80.19,80.19,76.49,77.76,10501700.0,74.41,0.0,1.0
LYB,01/24/2014,77.16,77.77,75.86,75.92,5905800.0,72.65,0.0,1.0
LYB,01/27/2014,75.92,76.65,74.37,75.74,5521300.0,72.48,0.0,1.0
LYB,01/28/2014,75.96,77.49,75.76,76.69,2963000.0,73.39,0.0,1.0
LYB,01/29/2014,76.72,78.03,75.6,76.66,4430100.0,73.36,0.0,1.0
LYB,01/30/2014,77.39,78.93,76.65,78.06,4588100.0,74.7,0.0,1.0
LYB,01/31/2014,79.0,80.82,77.5,78.76,5926200.0,75.37,0.0,1.0
LYB,02/03/2014,78.99,79.41,76.73,77.21,4799300.0,73.88,0.0,1.0
LYB,02/04/2014,77.59,78.84,77.17,78.04,3660200.0,74.68,0.0,1.0
LYB,02/05/2014,77.37,77.95,76.32,77.61,4798800.0,74.27,0.0,1.0
LYB,02/06/2014,78.0,79.25,77.56,79.12,2804200.0,75.71,0.0,1.0
LYB,02/07/2014,79.92,81.11,79.57,80.83,3439400.0,77.35,0.0,1.0
LYB,02/10/2014,80.71,81.3,80.38,80.96,3019900.0,77.47,0.0,1.0
LYB,02/11/2014,81.28,82.27,80.82,81.68,4130700.0,78.16,0.0,1.0
LYB,02/12/2014,81.7,82.97,81.7,82.62,3191500.0,79.06,0.0,1.0
LYB,02/13/2014,81.88,83.76,81.88,83.37,3304900.0,79.78,0.0,1.0
LYB,02/14/2014,83.2,84.52,83.01,84.47,2930800.0,80.83,0.0,1.0
LYB,02/18/2014,84.99,85.4,84.03,85.33,3614800.0,81.65,0.0,1.0
LYB,02/19/2014,85.0,86.1,84.13,84.28,3899600.0,80.65,0.0,1.0
LYB,02/20/2014,84.32,86.24,83.47,85.8,4003700.0,82.1,0.0,1.0
LYB,02/21/2014,86.36,86.79,85.59,85.65,3302600.0,81.96,0.0,1.0
LYB,02/24/2014,85.7,87.1,85.61,85.97,2976100.0,82.27,0.0,1.0
LYB,02/25/2014,85.9,86.72,85.4,86.3,2936700.0,82.58,0.0,1.0
LYB,02/26/2014,86.39,87.5,86.18,87.42,3226500.0,83.65,0.0,1.0
LYB,02/27/2014,86.89,87.92,86.43,87.87,3754100.0,84.66,0.6,1.0
LYB,02/28/2014,88.14,89.19,87.62,88.08,4633800.0,84.86,0.0,1.0
LYB,03/03/2014,87.28,88.48,87.04,88.47,2428100.0,85.24,0.0,1.0
LYB,03/04/2014,89.63,89.8,88.86,89.68,3005800.0,86.4,0.0,1.0
LYB,03/05/2014,89.64,90.36,89.53,90.1,2930000.0,86.81,0.0,1.0
LYB,03/06/2014,90.57,91.94,90.53,91.06,4128400.0,87.73,0.0,1.0
LYB,03/07/2014,91.31,91.57,90.3,90.9,2679200.0,87.58,0.0,1.0
LYB,03/10/2014,90.61,91.17,90.0,91.03,2326300.0,87.7,0.0,1.0
LYB,03/11/2014,91.11,91.59,90.3,90.44,2827300.0,87.13,0.0,1.0
LYB,03/12/2014,89.89,90.83,89.44,90.16,2829400.0,86.86,0.0,1.0
LYB,03/13/2014,90.65,91.02,88.83,89.03,3118400.0,85.78,0.0,1.0
LYB,03/14/2014,88.81,90.08,88.73,88.92,3376900.0,85.67,0.0,1.0
LYB,03/17/2014,89.57,91.02,89.51,90.6,2286500.0,87.29,0.0,1.0
LYB,03/18/2014,90.76,91.11,90.55,90.7,3985600.0,87.38,0.0,1.0
LYB,03/19/2014,90.92,90.92,88.86,89.7,3421600.0,86.42,0.0,1.0
LYB,03/20/2014,89.56,90.3,89.25,90.26,2245900.0,86.96,0.0,1.0
LYB,03/21/2014,90.55,90.73,89.95,90.04,3906500.0,86.75,0.0,1.0
LYB,03/24/2014,90.52,90.9,89.12,89.57,3558800.0,86.3,0.0,1.0
LYB,03/25/2014,90.31,91.48,90.27,90.57,3616300.0,87.26,0.0,1.0
LYB,03/26/2014,91.37,91.37,89.86,89.88,3300000.0,86.59,0.0,1.0
LYB,03/27/2014,89.75,89.79,87.34,87.36,4686600.0,84.17,0.0,1.0
LYB,03/28/2014,87.27,88.77,87.2,88.38,2495800.0,85.15,0.0,1.0
LYB,03/31/2014,89.54,89.78,88.77,88.94,2592100.0,85.69,0.0,1.0
LYB,04/01/2014,89.15,89.16,88.49,88.77,3642400.0,85.52,0.0,1.0
LYB,04/02/2014,88.86,90.32,88.6,90.27,2517400.0,86.97,0.0,1.0
LYB,04/03/2014,90.07,90.91,89.8,90.46,2567300.0,87.15,0.0,1.0
LYB,04/04/2014,91.5,91.87,88.98,89.03,3363000.0,85.78,0.0,1.0
LYB,04/07/2014,88.73,89.09,86.5,87.12,3918200.0,83.94,0.0,1.0
LYB,04/08/2014,87.15,87.78,86.5,87.04,3388200.0,83.86,0.0,1.0
LYB,04/09/2014,87.26,89.05,86.91,88.54,2983600.0,85.3,0.0,1.0
LYB,04/10/2014,88.93,88.93,87.17,87.38,4479800.0,84.19,0.0,1.0
LYB,04/11/2014,85.4,88.24,85.4,87.11,3775400.0,83.93,0.0,1.0
LYB,04/14/2014,87.86,88.57,87.41,88.15,2568800.0,84.93,0.0,1.0
LYB,04/15/2014,88.42,89.67,87.8,89.55,3742700.0,86.28,0.0,1.0
LYB,04/16/2014,91.39,92.11,90.31,91.46,3600300.0,88.12,0.0,1.0
LYB,04/17/2014,91.62,92.49,90.43,92.11,3280600.0,88.74,0.0,1.0
LYB,04/21/2014,93.43,93.43,91.8,92.24,2481900.0,88.87,0.0,1.0
LYB,04/22/2014,93.03,93.99,92.31,93.27,2479300.0,89.86,0.0,1.0
LYB,04/23/2014,92.98,93.9,91.59,92.3,3577600.0,88.93,0.0,1.0
LYB,04/24/2014,92.02,92.2,90.79,91.48,2298300.0,88.81,0.7,1.0
LYB,04/25/2014,91.35,91.59,90.67,91.05,3205200.0,88.39,0.0,1.0
LYB,04/28/2014,91.74,91.93,89.86,90.74,3474500.0,88.09,0.0,1.0
LYB,04/29/2014,90.22,92.55,89.75,90.97,6085300.0,88.31,0.0,1.0
LYB,04/30/2014,91.29,93.41,90.83,92.5,5344000.0,89.8,0.0,1.0
LYB,05/01/2014,92.79,92.83,91.87,92.42,2194700.0,89.72,0.0,1.0
LYB,05/02/2014,92.08,93.18,92.0,92.4,2042100.0,89.7,0.0,1.0
LYB,05/05/2014,92.21,94.04,92.12,93.66,1952300.0,90.93,0.0,1.0
LYB,05/06/2014,93.4,94.43,92.97,94.05,2235900.0,91.31,0.0,1.0
LYB,05/07/2014,94.37,95.81,93.93,95.77,2549400.0,92.97,0.0,1.0
LYB,05/08/2014,95.54,96.36,93.91,94.45,3756700.0,91.69,0.0,1.0
LYB,05/09/2014,94.82,95.47,93.81,95.45,2312400.0,92.66,0.0,1.0
LYB,05/12/2014,96.2,96.72,95.9,96.28,2369900.0,93.47,0.0,1.0
LYB,05/13/2014,96.72,97.11,95.92,95.99,2651200.0,93.19,0.0,1.0
LYB,05/14/2014,96.35,97.07,95.76,96.57,2387300.0,93.75,0.0,1.0
LYB,05/15/2014,96.18,96.34,94.29,95.24,2984500.0,92.46,0.0,1.0
LYB,05/16/2014,95.3,96.33,94.64,96.14,2218600.0,93.33,0.0,1.0
LYB,05/19/2014,96.16,98.18,96.08,96.8,3558700.0,93.97,0.0,1.0
LYB,05/20/2014,96.57,97.73,96.42,97.0,2871800.0,94.17,0.0,1.0
LYB,05/21/2014,97.45,98.39,97.27,98.16,2917000.0,95.3,0.0,1.0
LYB,05/22/2014,98.0,98.46,97.56,97.7,2662400.0,94.85,0.0,1.0
LYB,05/23/2014,97.7,98.92,97.68,98.78,1849300.0,95.9,0.0,1.0
LYB,05/27/2014,99.05,99.7,98.25,98.47,3229900.0,95.6,0.0,1.0
LYB,05/28/2014,98.84,99.9,98.51,98.99,3100900.0,96.1,0.0,1.0
LYB,05/29/2014,99.16,100.49,98.52,100.35,1954200.0,97.42,0.0,1.0
LYB,05/30/2014,100.26,100.29,99.12,99.57,3241500.0,96.66,0.0,1.0
LYB,06/02/2014,99.93,100.5,99.26,100.2,2216100.0,97.28,0.0,1.0
LYB,06/03/2014,100.22,101.0,99.84,99.89,2224700.0,96.97,0.0,1.0
LYB,06/04/2014,99.94,100.61,99.32,100.13,2455500.0,97.21,0.0,1.0
LYB,06/05/2014,99.9,100.33,98.77,99.04,3706500.0,96.15,0.0,1.0
LYB,06/06/2014,99.2,99.65,98.83,99.0,3609600.0,96.11,0.0,1.0
LYB,06/09/2014,98.74,99.67,98.52,98.92,2126000.0,96.03,0.0,1.0
LYB,06/10/2014,99.0,100.07,98.9,99.95,2236900.0,97.03,0.0,1.0
LYB,06/11/2014,99.06,99.62,99.01,99.2,1938900.0,96.3,0.0,1.0
LYB,06/12/2014,98.73,101.13,98.73,99.26,4191800.0,96.36,0.0,1.0
LYB,06/13/2014,99.08,99.75,98.73,98.96,2530800.0,96.07,0.0,1.0
LYB,06/16/2014,99.12,99.33,98.13,98.87,2392100.0,95.98,0.0,1.0
LYB,06/17/2014,98.54,99.34,98.41,98.78,2342100.0,95.9,0.0,1.0
LYB,06/18/2014,98.55,99.06,97.86,98.97,2681300.0,96.08,0.0,1.0
LYB,06/19/2014,99.06,99.41,98.55,98.8,2091500.0,95.92,0.0,1.0
LYB,06/20/2014,99.36,100.33,99.09,100.15,5610500.0,97.23,0.0,1.0
LYB,06/23/2014,100.33,101.0,99.63,100.72,3123400.0,97.78,0.0,1.0
LYB,06/24/2014,102.63,102.63,100.06,100.1,4549500.0,97.18,0.0,1.0
LYB,06/25/2014,99.33,100.35,98.4,98.58,4048200.0,95.7,0.0,1.0
LYB,06/26/2014,98.96,99.0,97.63,98.5,2604500.0,95.63,0.0,1.0
LYB,06/27/2014,98.14,98.63,96.36,96.87,6178400.0,94.04,0.0,1.0
LYB,06/30/2014,97.14,98.13,96.63,97.65,3010100.0,94.8,0.0,1.0
LYB,07/01/2014,98.3,99.13,97.54,98.52,2248600.0,95.64,0.0,1.0
LYB,07/02/2014,98.21,99.22,98.16,98.75,2098000.0,95.87,0.0,1.0
LYB,07/03/2014,98.87,99.89,98.84,99.67,1320600.0,96.76,0.0,1.0
LYB,07/07/2014,99.27,99.47,97.79,98.34,2208400.0,95.47,0.0,1.0
LYB,07/08/2014,97.8,98.31,97.09,97.68,2346500.0,94.83,0.0,1.0
LYB,07/09/2014,98.16,99.07,98.01,98.82,2299800.0,95.94,0.0,1.0
LYB,07/10/2014,97.64,99.3,97.57,98.49,2085700.0,95.62,0.0,1.0
LYB,07/11/2014,98.6,99.42,98.3,99.16,1781600.0,96.27,0.0,1.0
LYB,07/14/2014,99.6,99.6,98.65,98.99,2168200.0,96.1,0.0,1.0
LYB,07/15/2014,99.26,99.78,98.23,98.47,2595300.0,95.6,0.0,1.0
LYB,07/16/2014,98.47,99.59,98.47,99.45,2327300.0,96.55,0.0,1.0
LYB,07/17/2014,98.49,100.42,98.47,99.53,2279600.0,96.63,0.0,1.0
LYB,07/18/2014,99.31,101.21,99.24,101.03,2624200.0,98.08,0.0,1.0
LYB,07/21/2014,100.62,101.38,100.1,101.22,2145800.0,98.27,0.0,1.0
LYB,07/22/2014,101.25,102.2,101.08,102.15,2394300.0,99.17,0.0,1.0
LYB,07/23/2014,102.5,103.04,102.24,102.5,2099700.0,99.51,0.0,1.0
LYB,07/24/2014,103.11,103.47,102.14,102.42,2287900.0,99.43,0.0,1.0
LYB,07/25/2014,105.0,107.68,104.52,107.49,4070300.0,104.35,0.0,1.0
LYB,07/28/2014,107.5,109.91,107.42,109.65,4021000.0,106.45,0.0,1.0
LYB,07/29/2014,109.67,110.38,108.25,108.29,2674600.0,105.13,0.0,1.0
LYB,07/30/2014,108.75,109.26,107.79,108.18,2842000.0,105.02,0.0,1.0
LYB,07/31/2014,107.33,107.59,105.95,106.25,3505700.0,103.15,0.0,1.0
LYB,08/01/2014,106.25,106.96,105.64,106.55,2564400.0,103.44,0.0,1.0
LYB,08/04/2014,107.16,108.68,106.06,108.64,3226600.0,105.47,0.0,1.0
LYB,08/05/2014,107.69,109.18,106.69,107.36,3053900.0,104.23,0.0,1.0
LYB,08/06/2014,107.38,109.75,107.37,108.99,2724000.0,105.81,0.0,1.0
LYB,08/07/2014,109.15,109.99,107.66,107.93,2604600.0,104.78,0.0,1.0
LYB,08/08/2014,108.02,108.61,107.59,108.37,3937000.0,105.21,0.0,1.0
LYB,08/11/2014,109.13,109.8,107.93,108.28,2932400.0,105.12,0.0,1.0
LYB,08/12/2014,108.42,109.04,107.77,108.89,2736500.0,105.71,0.0,1.0
LYB,08/13/2014,109.05,110.14,108.65,109.85,2741900.0,106.64,0.0,1.0
LYB,08/14/2014,110.0,110.49,109.7,109.79,1909100.0,106.59,0.0,1.0
LYB,08/15/2014,110.0,110.67,108.72,110.6,2593100.0,107.37,0.0,1.0
LYB,08/18/2014,111.58,112.0,110.68,111.16,2569100.0,107.92,0.0,1.0
LYB,08/19/2014,111.41,112.37,111.17,112.2,2171200.0,108.93,0.0,1.0
LYB,08/20/2014,112.38,112.52,111.83,112.17,1751000.0,108.9,0.0,1.0
LYB,08/21/2014,112.19,112.73,111.46,112.3,1887600.0,109.7,0.7,1.0
LYB,08/22/2014,111.8,112.43,111.5,112.14,1587700.0,109.55,0.0,1.0
LYB,08/25/2014,112.83,113.65,112.57,112.95,2034700.0,110.34,0.0,1.0
LYB,08/26/2014,113.14,113.14,112.35,112.6,1516900.0,109.99,0.0,1.0
LYB,08/27/2014,113.12,113.71,112.45,113.6,1654800.0,110.97,0.0,1.0
LYB,08/28/2014,113.51,113.71,112.56,113.48,1602100.0,110.85,0.0,1.0
LYB,08/29/2014,113.94,114.38,113.34,114.35,2052300.0,111.7,0.0,1.0
LYB,09/02/2014,115.07,115.33,113.78,114.19,2548200.0,111.55,0.0,1.0
LYB,09/03/2014,114.45,114.78,114.08,114.23,1770800.0,111.59,0.0,1.0
LYB,09/04/2014,114.47,114.91,113.58,113.84,1573000.0,111.21,0.0,1.0
LYB,09/05/2014,113.94,114.72,113.51,114.59,1772800.0,111.94,0.0,1.0
LYB,09/08/2014,114.32,115.01,113.89,114.0,2064400.0,111.36,0.0,1.0
LYB,09/09/2014,113.78,114.26,112.94,113.03,1604700.0,110.42,0.0,1.0
LYB,09/10/2014,113.02,113.64,112.0,113.45,1445400.0,110.83,0.0,1.0
LYB,09/11/2014,113.01,113.42,112.55,113.23,1806500.0,110.61,0.0,1.0
LYB,09/12/2014,113.38,113.6,111.46,111.68,2316300.0,109.1,0.0,1.0
LYB,09/15/2014,111.47,112.05,110.82,111.86,2150200.0,109.27,0.0,1.0
LYB,09/16/2014,111.78,112.52,111.46,111.56,2959700.0,108.98,0.0,1.0
LYB,09/17/2014,112.02,113.08,110.87,111.58,2981500.0,109.0,0.0,1.0
LYB,09/18/2014,112.22,113.86,112.19,113.75,2911500.0,111.12,0.0,1.0
LYB,09/19/2014,114.63,115.4,113.54,114.0,4759800.0,111.36,0.0,1.0
LYB,09/22/2014,114.0,114.28,112.56,112.61,2474366.0,110.0,0.0,1.0
LYB,09/23/2014,112.56,112.82,110.15,110.31,2777574.0,107.76,0.0,1.0
LYB,09/24/2014,110.91,111.98,109.74,111.95,2875231.0,109.36,0.0,1.0
LYB,09/25/2014,111.43,111.79,109.98,110.06,2025932.0,107.51,0.0,1.0
LYB,09/26/2014,110.35,113.65,110.25,113.25,2622464.0,110.63,0.0,1.0
LYB,09/29/2014,112.12,113.58,111.25,113.3,2202521.0,110.68,0.0,1.0
LYB,09/30/2014,112.49,112.69,107.67,108.66,6396005.0,106.15,0.0,1.0
LYB,10/01/2014,107.77,107.79,104.45,105.0,6965336.0,102.57,0.0,1.0
LYB,10/02/2014,104.2,104.5,100.78,103.0,7078221.0,100.62,0.0,1.0
LYB,10/03/2014,103.12,103.65,100.81,101.72,6060799.0,99.37,0.0,1.0
LYB,10/06/2014,102.0,102.6,101.37,101.89,4249566.0,99.53,0.0,1.0
LYB,10/07/2014,101.24,101.34,99.24,99.33,4941055.0,97.03,0.0,1.0
LYB,10/08/2014,99.49,102.81,98.28,102.58,6440847.0,100.21,0.0,1.0
LYB,10/09/2014,102.76,103.09,99.01,99.18,4465526.0,96.89,0.0,1.0
LYB,10/10/2014,99.1,99.11,94.95,95.04,6653454.0,92.84,0.0,1.0
LYB,10/13/2014,95.51,95.8,86.36,86.59,12438117.0,84.59,0.0,1.0
LYB,10/14/2014,88.25,89.45,84.5,85.39,12464395.0,83.41,0.0,1.0
LYB,10/15/2014,83.76,86.29,81.15,85.93,12922815.0,83.94,0.0,1.0
LYB,10/16/2014,84.47,90.54,84.46,89.33,9025146.0,87.26,0.0,1.0
LYB,10/17/2014,92.29,92.82,89.27,89.63,7255673.0,87.56,0.0,1.0
LYB,10/20/2014,89.38,92.27,89.26,92.02,4532750.0,89.89,0.0,1.0
LYB,10/21/2014,92.89,95.71,92.83,95.19,5721910.0,92.99,0.0,1.0
LYB,10/22/2014,96.48,96.81,93.36,93.48,4837669.0,91.32,0.0,1.0
LYB,10/23/2014,94.48,94.9,92.31,94.33,5020354.0,92.15,0.0,1.0
LYB,10/24/2014,92.22,93.42,90.01,92.39,7485073.0,90.25,0.0,1.0
LYB,10/27/2014,89.15,89.91,84.69,87.19,12042925.0,85.17,0.0,1.0
LYB,10/28/2014,87.25,89.27,86.33,89.23,6405568.0,87.17,0.0,1.0
LYB,10/29/2014,90.21,90.87,88.41,90.79,11498768.0,88.69,0.0,1.0
LYB,10/30/2014,90.03,91.44,89.35,91.01,4771162.0,88.9,0.0,1.0
LYB,10/31/2014,92.23,92.52,89.71,91.63,6514206.0,89.51,0.0,1.0
LYB,11/03/2014,91.89,92.5,89.03,89.22,6612284.0,87.16,0.0,1.0
LYB,11/04/2014,88.49,88.5,83.16,84.07,9160038.0,82.13,0.0,1.0
LYB,11/05/2014,84.46,86.76,84.03,85.25,6079877.0,83.28,0.0,1.0
LYB,11/06/2014,84.81,87.22,84.43,86.3,4869987.0,84.3,0.0,1.0
LYB,11/07/2014,86.51,87.83,86.31,87.46,4184485.0,85.44,0.0,1.0
LYB,11/10/2014,87.48,89.07,87.03,88.03,3982159.0,85.99,0.0,1.0
LYB,11/11/2014,87.96,88.55,86.57,88.54,3119885.0,86.49,0.0,1.0
LYB,11/12/2014,88.75,89.12,86.84,88.59,5527144.0,86.54,0.0,1.0
LYB,11/13/2014,88.56,89.65,86.88,87.94,4850408.0,85.91,0.0,1.0
LYB,11/14/2014,87.94,89.38,87.6,88.33,4124175.0,86.29,0.0,1.0
LYB,11/17/2014,88.18,88.33,86.73,87.7,4940082.0,85.67,0.0,1.0
LYB,11/18/2014,88.09,89.63,88.07,89.04,4714165.0,86.98,0.0,1.0
LYB,11/19/2014,89.17,89.62,88.33,89.35,3339631.0,87.28,0.0,1.0
LYB,11/20/2014,88.0,90.75,87.66,90.42,6185540.0,89.01,0.7,1.0
LYB,11/21/2014,94.0,94.33,90.43,91.2,6461398.0,89.78,0.0,1.0
LYB,11/24/2014,91.13,91.61,90.31,90.56,4207505.0,89.15,0.0,1.0
LYB,11/25/2014,91.29,91.66,90.09,90.65,3913971.0,89.24,0.0,1.0
LYB,11/26/2014,90.39,90.39,88.37,89.54,3836665.0,88.15,0.0,1.0
LYB,11/28/2014,83.92,84.02,78.58,78.86,8323259.0,77.63,0.0,1.0
LYB,12/01/2014,76.21,78.61,75.3,76.81,12690635.0,75.61,0.0,1.0
LYB,12/02/2014,77.23,77.98,75.88,77.03,6125495.0,75.83,0.0,1.0
LYB,12/03/2014,77.6,80.17,77.06,78.72,7430700.0,77.49,0.0,1.0
LYB,12/04/2014,78.25,81.14,78.21,81.14,7160628.0,79.88,0.0,1.0
LYB,12/05/2014,83.43,83.44,80.21,80.77,7066093.0,79.51,0.0,1.0
LYB,12/08/2014,80.19,80.78,76.26,77.7,7485792.0,76.49,0.0,1.0
LYB,12/09/2014,77.31,78.76,76.67,78.69,5001391.0,77.46,0.0,1.0
LYB,12/10/2014,77.57,77.57,74.04,74.62,6822925.0,73.46,0.0,1.0
LYB,12/11/2014,74.42,76.89,74.41,75.3,5133597.0,74.13,0.0,1.0
LYB,12/12/2014,71.32,73.19,70.26,70.61,9431379.0,69.51,0.0,1.0
LYB,12/15/2014,71.67,72.19,70.06,70.67,6474471.0,69.57,0.0,1.0
LYB,12/16/2014,71.14,73.69,70.37,71.55,8814899.0,70.44,0.0,1.0
LYB,12/17/2014,72.08,77.11,72.0,75.6,8663970.0,74.42,0.0,1.0
LYB,12/18/2014,80.87,81.21,76.85,79.26,9716195.0,78.03,0.0,1.0
LYB,12/19/2014,80.37,82.31,79.71,82.0,8325675.0,80.72,0.0,1.0
LYB,12/22/2014,82.43,82.43,80.2,81.11,4721100.0,79.85,0.0,1.0
LYB,12/23/2014,81.34,82.82,80.39,82.2,4043830.0,80.92,0.0,1.0
LYB,12/24/2014,81.63,82.36,80.77,81.31,2367163.0,80.04,0.0,1.0
LYB,12/26/2014,81.21,81.98,80.54,80.98,2846888.0,79.72,0.0,1.0
LYB,12/29/2014,80.97,81.99,80.37,80.73,3422768.0,79.47,0.0,1.0
LYB,12/30/2014,81.23,81.7,80.29,80.6,2985866.0,79.34,0.0,1.0
